club_name,player_name,age,position,club_involved_name,fee,transfer_movement,fee_cleaned,league_name,year,season
Leicester City,Islam Slimani,28,Centre-Forward,Sporting CP,£27.45m,in,27.45,Premier League,2016,2016/2017
Leicester City,Ahmed Musa,23,Centre-Forward,CSKA Moscow,£17.55m,in,17.55,Premier League,2016,2016/2017
Leicester City,Wilfred Ndidi,20,Defensive Midfield,KRC Genk,£15.84m,in,15.84,Premier League,2016,2016/2017
Leicester City,Nampalys Mendy,24,Defensive Midfield,OGC Nice,£13.95m,in,13.95,Premier League,2016,2016/2017
Leicester City,Bartosz Kapustka,19,Attacking Midfield,Cracovia Kraków,£4.50m,in,4.5,Premier League,2016,2016/2017
Leicester City,Ron-Robert Zieler,27,Goalkeeper,Hannover 96,£3.15m,in,3.15,Premier League,2016,2016/2017
Leicester City,Luis Hernández,27,Centre-Back,Sporting Gijón,Free Transfer,in,0,Premier League,2016,2016/2017
Leicester City,Molla Wagué,25,Centre-Back,Granada CF,Loan,in,0,Premier League,2016,2016/2017
Leicester City,Josh Gordon,22,Centre-Forward,Stafford Rangers,?,in,NA,Premier League,2016,2016/2017
Leicester City,Callum Elder,22,Left-Back,Brentford,"End of loanJan 30, 2017",in,0,Premier League,2016,2016/2017
Leicester City,Matty James,25,Central Midfield,Barnsley FC,"End of loanMay 31, 2017",in,0,Premier League,2016,2016/2017
Leicester City,Callum Elder,21,Left-Back,Leicester U23,-,in,0,Premier League,2016,2016/2017
Leicester City,Tom Lawrence,23,Left Winger,Ipswich,"End of loanMay 31, 2017",in,0,Premier League,2016,2016/2017
Leicester City,Michael Cain,22,Central Midfield,Blackpool,"End of loanJan 24, 2017",in,0,Premier League,2016,2016/2017
Leicester City,Callum Elder,22,Left-Back,Barnsley FC,"End of loanMay 31, 2017",in,0,Premier League,2016,2016/2017
Leicester City,Yohan Benalouane,29,Centre-Back,Fiorentina,"End of loanJun 30, 2016",in,0,Premier League,2016,2016/2017
Leicester City,Andrej Kramaric,25,Centre-Forward,TSG Hoffenheim,"End of loanJun 30, 2016",in,0,Premier League,2016,2016/2017
Leicester City,N'Golo Kanté,25,Central Midfield,Chelsea,£32.22m,out,32.22,Premier League,2016,2016/2017
Leicester City,Jeffrey Schlupp,24,Left Midfield,Crystal Palace,£12.42m,out,12.42,Premier League,2016,2016/2017
Leicester City,Andrej Kramaric,25,Centre-Forward,TSG Hoffenheim,£9.90m,out,9.9,Premier League,2016,2016/2017
Leicester City,Ritchie De Laet,27,Right-Back,Aston Villa,£2.07m,out,2.07,Premier League,2016,2016/2017
Leicester City,Luis Hernández,27,Centre-Back,Málaga CF,£1.80m,out,1.8,Premier League,2016,2016/2017
Leicester City,Liam Moore,23,Centre-Back,Reading,£1.04m,out,1.04,Premier League,2016,2016/2017
Leicester City,Gökhan Inler,32,Defensive Midfield,Besiktas,Free Transfer,out,0,Premier League,2016,2016/2017
Leicester City,Ryan Watson,22,Defensive Midfield,Barnet,Free Transfer,out,0,Premier League,2016,2016/2017
Leicester City,Jonny Maddison,21,Goalkeeper,Yeovil Town,Free Transfer,out,0,Premier League,2016,2016/2017
Leicester City,Michael Cain,22,Central Midfield,Blackpool,Loan,out,0,Premier League,2016,2016/2017
Leicester City,Jacob Blyth,23,Centre-Forward,Motherwell FC,Free Transfer,out,0,Premier League,2016,2016/2017
Leicester City,Dean Hammond,33,Central Midfield,Sheffield Utd.,Free Transfer,out,0,Premier League,2016,2016/2017
Leicester City,Paul Konchesky,35,Left-Back,Gillingham FC,Free Transfer,out,0,Premier League,2016,2016/2017
Leicester City,Tom Lawrence,22,Left Winger,Ipswich,Loan,out,0,Premier League,2016,2016/2017
Leicester City,Callum Elder,22,Left-Back,Barnsley FC,Loan,out,0,Premier League,2016,2016/2017
Leicester City,Callum Elder,21,Left-Back,Brentford,Loan,out,0,Premier League,2016,2016/2017
Leicester City,Matty James,25,Central Midfield,Barnsley FC,Loan,out,0,Premier League,2016,2016/2017
Leicester City,Mark Schwarzer,43,Goalkeeper,Retired,-,out,0,Premier League,2016,2016/2017
Arsenal FC,Granit Xhaka,23,Defensive Midfield,Bor. M'gladbach,£40.50m,in,40.5,Premier League,2016,2016/2017
Arsenal FC,Shkodran Mustafi,24,Centre-Back,Valencia,£36.90m,in,36.9,Premier League,2016,2016/2017
Arsenal FC,Lucas Pérez,27,Centre-Forward,Dep. La Coruña,£18.00m,in,18,Premier League,2016,2016/2017
Arsenal FC,Takuma Asano,21,Second Striker,Sanf. Hiroshima,£3.60m,in,3.6,Premier League,2016,2016/2017
Arsenal FC,Rob Holding,20,Centre-Back,Bolton,£2.70m,in,2.7,Premier League,2016,2016/2017
Arsenal FC,Cohen Bramall,20,Left-Back,Hednesford,£36k,in,0.036,Premier League,2016,2016/2017
Arsenal FC,Jack Wilshere,25,Central Midfield,Bournemouth,"End of loanMay 31, 2017",in,0,Premier League,2016,2016/2017
Arsenal FC,Calum Chambers,22,Centre-Back,Middlesbrough,"End of loanMay 31, 2017",in,0,Premier League,2016,2016/2017
Arsenal FC,Krystian Bielik,19,Centre-Back,Birmingham,"End of loanMay 31, 2017",in,0,Premier League,2016,2016/2017
Arsenal FC,Matt Macey,22,Goalkeeper,Luton Town,"End of loanApr 5, 2017",in,0,Premier League,2016,2016/2017
Arsenal FC,Chuba Akpom,21,Centre-Forward,Brighton,"End of loanMay 31, 2017",in,0,Premier League,2016,2016/2017
Arsenal FC,Mathieu Debuchy,30,Right-Back,G. Bordeaux,"End of loanJun 30, 2016",in,0,Premier League,2016,2016/2017
Arsenal FC,Serge Gnabry,21,Right Winger,Werder Bremen,£4.50m,out,4.5,Premier League,2016,2016/2017
Arsenal FC,Wellington Silva,23,Right Winger,Fluminense,£2.70m,out,2.7,Premier League,2016,2016/2017
Arsenal FC,Jack Wilshere,24,Central Midfield,Bournemouth,Loan fee:£2.12m,out,2.12,Premier League,2016,2016/2017
Arsenal FC,Tomas Rosicky,35,Attacking Midfield,Sparta Praha,Free Transfer,out,0,Premier League,2016,2016/2017
Arsenal FC,Matt Macey,22,Goalkeeper,Luton Town,Loan,out,0,Premier League,2016,2016/2017
Arsenal FC,Krystian Bielik,19,Centre-Back,Birmingham,Loan,out,0,Premier League,2016,2016/2017
Arsenal FC,Joel Campbell,24,Right Winger,Sporting CP,Loan,out,0,Premier League,2016,2016/2017
Arsenal FC,Chuba Akpom,21,Centre-Forward,Brighton,Loan,out,0,Premier League,2016,2016/2017
Arsenal FC,Calum Chambers,21,Centre-Back,Middlesbrough,Loan,out,0,Premier League,2016,2016/2017
Arsenal FC,Takuma Asano,21,Second Striker,VfB Stuttgart,Loan,out,0,Premier League,2016,2016/2017
Arsenal FC,Mikel Arteta,34,Central Midfield,Retired,-,out,0,Premier League,2016,2016/2017
Arsenal FC,Mathieu Flamini,32,Defensive Midfield,Without Club,-,out,0,Premier League,2016,2016/2017
Tottenham Hotspur,Moussa Sissoko,27,Central Midfield,Newcastle,£31.50m,in,31.5,Premier League,2016,2016/2017
Tottenham Hotspur,Vincent Janssen,22,Centre-Forward,AZ Alkmaar,£19.89m,in,19.89,Premier League,2016,2016/2017
Tottenham Hotspur,Victor Wanyama,25,Defensive Midfield,Southampton,£12.96m,in,12.96,Premier League,2016,2016/2017
Tottenham Hotspur,Georges-Kevin N'Koudou,21,Left Winger,Marseille,£9.90m,in,9.9,Premier League,2016,2016/2017
Tottenham Hotspur,Pau López,21,Goalkeeper,Espanyol,Loan fee:£990k,in,0.99,Premier League,2016,2016/2017
Tottenham Hotspur,Cameron Carter-Vickers,18,Centre-Back,Tottenham U23,-,in,0,Premier League,2016,2016/2017
Tottenham Hotspur,Harry Winks,20,Central Midfield,Tottenham U23,-,in,0,Premier League,2016,2016/2017
Tottenham Hotspur,Federico Fazio,29,Centre-Back,Sevilla FC,"End of loanJun 30, 2016",in,0,Premier League,2016,2016/2017
Tottenham Hotspur,Ryan Mason,25,Central Midfield,Hull City,£13.86m,out,13.86,Premier League,2016,2016/2017
Tottenham Hotspur,Nacer Chadli,27,Left Winger,West Brom,£13.68m,out,13.68,Premier League,2016,2016/2017
Tottenham Hotspur,Alex Pritchard,23,Attacking Midfield,Norwich,£8.46m,out,8.46,Premier League,2016,2016/2017
Tottenham Hotspur,DeAndre Yedlin,23,Right-Back,Newcastle,£5.31m,out,5.31,Premier League,2016,2016/2017
Tottenham Hotspur,Tom Carroll,24,Central Midfield,Swansea,£4.68m,out,4.68,Premier League,2016,2016/2017
Tottenham Hotspur,Federico Fazio,29,Centre-Back,AS Roma,Loan fee:£1.08m,out,1.08,Premier League,2016,2016/2017
Tottenham Hotspur,Nabil Bentaleb,21,Central Midfield,FC Schalke 04,Loan,out,0,Premier League,2016,2016/2017
Tottenham Hotspur,Clinton N'Jie,23,Centre-Forward,Marseille,Loan,out,0,Premier League,2016,2016/2017
Manchester City,John Stones,22,Centre-Back,Everton,£50.04m,in,50.04,Premier League,2016,2016/2017
Manchester City,Leroy Sané,20,Left Winger,FC Schalke 04,£45.45m,in,45.45,Premier League,2016,2016/2017
Manchester City,Gabriel Jesus,19,Centre-Forward,Palmeiras,£28.80m,in,28.8,Premier League,2016,2016/2017
Manchester City,Ilkay Gündogan,25,Central Midfield,Bor. Dortmund,£24.30m,in,24.3,Premier League,2016,2016/2017
Manchester City,Claudio Bravo,33,Goalkeeper,FC Barcelona,£16.20m,in,16.2,Premier League,2016,2016/2017
Manchester City,Nolito,29,Left Winger,Celta de Vigo,£16.20m,in,16.2,Premier League,2016,2016/2017
Manchester City,Marlos Moreno,19,Left Winger,Atl. Nacional,£4.95m,in,4.95,Premier League,2016,2016/2017
Manchester City,Gerónimo Rulli,24,Goalkeeper,Maldonado,£4.23m,in,4.23,Premier League,2016,2016/2017
Manchester City,Oleksandr Zinchenko,19,Left-Back,Ufa,£1.80m,in,1.8,Premier League,2016,2016/2017
Manchester City,Pablo Marí,22,Centre-Back,Gimnàstic,£180k,in,0.18,Premier League,2016,2016/2017
Manchester City,Aaron Mooy,25,Central Midfield,Melbourne City,Free Transfer,in,0,Premier League,2016,2016/2017
Manchester City,Angus Gunn,20,Goalkeeper,Man City U23,-,in,0,Premier League,2016,2016/2017
Manchester City,Pablo Maffeo,18,Right-Back,Man City U23,-,in,0,Premier League,2016,2016/2017
Manchester City,Bruno Zuculini,23,Defensive Midfield,Rayo Vallecano,"End of loanJan 15, 2017",in,0,Premier League,2016,2016/2017
Manchester City,Wilfried Bony,28,Centre-Forward,Stoke City,"End of loanMay 31, 2017",in,0,Premier League,2016,2016/2017
Manchester City,Bersant Celina,19,Attacking Midfield,Man City U23,-,in,0,Premier League,2016,2016/2017
Manchester City,Aaron Mooy,26,Central Midfield,Huddersfield,"End of loanMay 31, 2017",in,0,Premier League,2016,2016/2017
Manchester City,Anthony Cáceres,24,Central Midfield,Melbourne City,"End of loanJul 26, 2017",in,0,Premier League,2016,2016/2017
Manchester City,Aleix García,19,Defensive Midfield,Man City U23,-,in,0,Premier League,2016,2016/2017
Manchester City,Stevan Jovetic,27,Centre-Forward,Inter,"End of loanJan 2, 2017",in,0,Premier League,2016,2016/2017
Manchester City,Patrick Roberts,20,Right Winger,Celtic,"End of loanMay 31, 2017",in,0,Premier League,2016,2016/2017
Manchester City,Jason Denayer,21,Centre-Back,Sunderland,"End of loanMay 31, 2017",in,0,Premier League,2016,2016/2017
Manchester City,Gerónimo Rulli,24,Goalkeeper,Real Sociedad,"End of loanDec 31, 2016",in,0,Premier League,2016,2016/2017
Manchester City,Edin Dzeko,30,Centre-Forward,AS Roma,"End of loanJun 30, 2016",in,0,Premier League,2016,2016/2017
Manchester City,Jason Denayer,21,Centre-Back,Galatasaray,"End of loanJun 30, 2016",in,0,Premier League,2016,2016/2017
Manchester City,Florian Lejeune,25,Centre-Back,Girona,"End of loanJun 30, 2016",in,0,Premier League,2016,2016/2017
Manchester City,Bruno Zuculini,23,Defensive Midfield,AEK Athens,"End of loanJun 30, 2016",in,0,Premier League,2016,2016/2017
Manchester City,Rubén Sobrino,24,Centre-Forward,Girona,"End of loanJun 30, 2016",in,0,Premier League,2016,2016/2017
Manchester City,Enes Ünal,19,Centre-Forward,NAC Breda,"End of loanJun 30, 2016",in,0,Premier League,2016,2016/2017
Manchester City,Stevan Jovetic,27,Centre-Forward,Inter,£12.15m,out,12.15,Premier League,2016,2016/2017
Manchester City,Edin Dzeko,30,Centre-Forward,AS Roma,£9.90m,out,9.9,Premier League,2016,2016/2017
Manchester City,Gerónimo Rulli,24,Goalkeeper,Real Sociedad,£6.30m,out,6.3,Premier League,2016,2016/2017
Manchester City,Wilfried Bony,27,Centre-Forward,Stoke City,Loan fee:£2.12m,out,2.12,Premier League,2016,2016/2017
Manchester City,Florian Lejeune,25,Centre-Back,SD Eibar,£1.35m,out,1.35,Premier League,2016,2016/2017
Manchester City,Bruno Zuculini,23,Defensive Midfield,Hellas Verona,Loan,out,0,Premier League,2016,2016/2017
Manchester City,Martín Demichelis,35,Centre-Back,Espanyol,Free Transfer,out,0,Premier League,2016,2016/2017
Manchester City,Pablo Marí,22,Centre-Back,Girona,Loan,out,0,Premier League,2016,2016/2017
Manchester City,Bruno Zuculini,23,Defensive Midfield,Rayo Vallecano,Loan,out,0,Premier League,2016,2016/2017
Manchester City,Samir Nasri,29,Attacking Midfield,Sevilla FC,Loan,out,0,Premier League,2016,2016/2017
Manchester City,Enes Ünal,19,Centre-Forward,FC Twente,Loan,out,0,Premier League,2016,2016/2017
Manchester City,Gerónimo Rulli,24,Goalkeeper,Real Sociedad,Loan,out,0,Premier League,2016,2016/2017
Manchester City,Oleksandr Zinchenko,19,Left-Back,PSV Eindhoven,Loan,out,0,Premier League,2016,2016/2017
Manchester City,Luke Brattan,26,Defensive Midfield,Melbourne City,Loan,out,0,Premier League,2016,2016/2017
Manchester City,Jason Denayer,21,Centre-Back,Sunderland,Loan,out,0,Premier League,2016,2016/2017
Manchester City,Rubén Sobrino,24,Centre-Forward,Alavés,Loan,out,0,Premier League,2016,2016/2017
Manchester City,Marlos Moreno,19,Left Winger,Dep. La Coruña,Loan,out,0,Premier League,2016,2016/2017
Manchester City,Bersant Celina,19,Attacking Midfield,FC Twente,Loan,out,0,Premier League,2016,2016/2017
Manchester City,Pablo Maffeo,19,Right-Back,Girona,Loan,out,0,Premier League,2016,2016/2017
Manchester City,Joe Hart,29,Goalkeeper,Torino,Loan,out,0,Premier League,2016,2016/2017
Manchester City,Eliaquim Mangala,25,Centre-Back,Valencia,Loan,out,0,Premier League,2016,2016/2017
Manchester City,Aaron Mooy,25,Central Midfield,Huddersfield,Loan,out,0,Premier League,2016,2016/2017
Manchester City,Richard Wright,38,Goalkeeper,Retired,-,out,0,Premier League,2016,2016/2017
Manchester United,Paul Pogba,23,Central Midfield,Juventus,£94.50m,in,94.5,Premier League,2016,2016/2017
Manchester United,Henrikh Mkhitaryan,27,Attacking Midfield,Bor. Dortmund,£37.80m,in,37.8,Premier League,2016,2016/2017
Manchester United,Eric Bailly,22,Centre-Back,Villarreal,£34.20m,in,34.2,Premier League,2016,2016/2017
Manchester United,Zlatan Ibrahimovic,34,Centre-Forward,Paris SG,Free Transfer,in,0,Premier League,2016,2016/2017
Manchester United,Cameron Borthwick-Jackson,19,Left-Back,Wolves,"End of loanJan 10, 2017",in,0,Premier League,2016,2016/2017
Manchester United,Sam Johnstone,24,Goalkeeper,Aston Villa,"End of loanMay 31, 2017",in,0,Premier League,2016,2016/2017
Manchester United,Axel Tuanzebe,19,Centre-Back,Man Utd U18,-,in,0,Premier League,2016,2016/2017
Manchester United,Adnan Januzaj,22,Right Winger,Sunderland,"End of loanMay 31, 2017",in,0,Premier League,2016,2016/2017
Manchester United,James Wilson,21,Centre-Forward,Derby,"End of loanFeb 2, 2017",in,0,Premier League,2016,2016/2017
Manchester United,Morgan Schneiderlin,27,Defensive Midfield,Everton,£20.61m,out,20.61,Premier League,2016,2016/2017
Manchester United,Memphis Depay,22,Centre-Forward,Olympique Lyon,£14.40m,out,14.4,Premier League,2016,2016/2017
Manchester United,Paddy McNair,21,Defensive Midfield,Sunderland,£4.73m,out,4.73,Premier League,2016,2016/2017
Manchester United,Tyler Blackett,22,Left-Back,Reading,£1.62m,out,1.62,Premier League,2016,2016/2017
Manchester United,Will Keane,23,Centre-Forward,Hull City,£1.08m,out,1.08,Premier League,2016,2016/2017
Manchester United,Bastian Schweinsteiger,32,Central Midfield,Chicago Fire,Free Transfer,out,0,Premier League,2016,2016/2017
Manchester United,Guillermo Varela,23,Right-Back,E. Frankfurt,Loan,out,0,Premier League,2016,2016/2017
Manchester United,Víctor Valdés,34,Goalkeeper,Middlesbrough,Free Transfer,out,0,Premier League,2016,2016/2017
Manchester United,Nick Powell,22,Attacking Midfield,Wigan,Free Transfer,out,0,Premier League,2016,2016/2017
Manchester United,Sam Johnstone,23,Goalkeeper,Aston Villa,Loan,out,0,Premier League,2016,2016/2017
Manchester United,James Wilson,20,Centre-Forward,Derby,Loan,out,0,Premier League,2016,2016/2017
Manchester United,Andreas Pereira,20,Attacking Midfield,Granada CF,Loan,out,0,Premier League,2016,2016/2017
Manchester United,Adnan Januzaj,21,Right Winger,Sunderland,Loan,out,0,Premier League,2016,2016/2017
Manchester United,Cameron Borthwick-Jackson,19,Left-Back,Wolves,Loan,out,0,Premier League,2016,2016/2017
Southampton FC,Sofiane Boufal,22,Attacking Midfield,LOSC Lille,£16.83m,in,16.83,Premier League,2016,2016/2017
Southampton FC,Manolo Gabbiadini,25,Centre-Forward,SSC Napoli,£15.30m,in,15.3,Premier League,2016,2016/2017
Southampton FC,Pierre-Emile Höjbjerg,20,Central Midfield,Bayern Munich,£13.50m,in,13.5,Premier League,2016,2016/2017
Southampton FC,Nathan Redmond,22,Left Winger,Norwich,£12.15m,in,12.15,Premier League,2016,2016/2017
Southampton FC,Alex McCarthy,26,Goalkeeper,Crystal Palace,£4.23m,in,4.23,Premier League,2016,2016/2017
Southampton FC,Jérémy Pied,27,Right-Back,OGC Nice,Free Transfer,in,0,Premier League,2016,2016/2017
Southampton FC,Mouez Hassen,21,Goalkeeper,OGC Nice,Loan,in,0,Premier League,2016,2016/2017
Southampton FC,Sam Gallagher,21,Centre-Forward,Blackburn,"End of loanMay 31, 2017",in,0,Premier League,2016,2016/2017
Southampton FC,Stuart Taylor,35,Goalkeeper,Without Club,-,in,0,Premier League,2016,2016/2017
Southampton FC,Martín Cáceres,29,Centre-Back,Without Club,-,in,0,Premier League,2016,2016/2017
Southampton FC,Josh Sims,19,Right Winger,Southampton U23,-,in,0,Premier League,2016,2016/2017
Southampton FC,Sam McQueen,21,Left-Back,Southampton U23,-,in,0,Premier League,2016,2016/2017
Southampton FC,Sadio Mané,24,Left Winger,Liverpool,£37.08m,out,37.08,Premier League,2016,2016/2017
Southampton FC,Graziano Pellè,30,Centre-Forward,SD Luneng,£13.73m,out,13.73,Premier League,2016,2016/2017
Southampton FC,Victor Wanyama,25,Defensive Midfield,Spurs,£12.96m,out,12.96,Premier League,2016,2016/2017
Southampton FC,José Fonte,33,Centre-Back,West Ham,£8.28m,out,8.28,Premier League,2016,2016/2017
Southampton FC,Juanmi,23,Right Winger,Real Sociedad,£4.50m,out,4.5,Premier League,2016,2016/2017
Southampton FC,Gastón Ramírez,25,Attacking Midfield,Middlesbrough,Free Transfer,out,0,Premier League,2016,2016/2017
Southampton FC,Sam Gallagher,20,Centre-Forward,Blackburn,Loan,out,0,Premier League,2016,2016/2017
Southampton FC,Paulo Gazzaniga,24,Goalkeeper,Rayo Vallecano,Loan,out,0,Premier League,2016,2016/2017
Southampton FC,Kelvin Davis,39,Goalkeeper,Retired,-,out,0,Premier League,2016,2016/2017
West Ham United,André Ayew,26,Left Winger,Swansea,£21.69m,in,21.69,Premier League,2016,2016/2017
West Ham United,Manuel Lanzini,23,Attacking Midfield,Al-Jazira,£10.80m,in,10.8,Premier League,2016,2016/2017
West Ham United,Robert Snodgrass,29,Right Winger,Hull City,£10.80m,in,10.8,Premier League,2016,2016/2017
West Ham United,José Fonte,33,Centre-Back,Southampton,£8.28m,in,8.28,Premier League,2016,2016/2017
West Ham United,Arthur Masuaku,22,Left-Back,Olympiacos,£6.39m,in,6.39,Premier League,2016,2016/2017
West Ham United,Edimilson Fernandes,20,Central Midfield,FC Sion,£5.76m,in,5.76,Premier League,2016,2016/2017
West Ham United,Simone Zaza,25,Centre-Forward,Juventus,Loan fee:£4.50m,in,4.5,Premier League,2016,2016/2017
West Ham United,Jonathan Calleri,22,Centre-Forward,Maldonado,Loan fee:£4.23m,in,4.23,Premier League,2016,2016/2017
West Ham United,Gökhan Töre,24,Right Winger,Besiktas,Loan fee:£2.70m,in,2.7,Premier League,2016,2016/2017
West Ham United,Álvaro Arbeloa,33,Right-Back,Real Madrid,Free Transfer,in,0,Premier League,2016,2016/2017
West Ham United,Ashley Fletcher,20,Centre-Forward,Man Utd U23,Free Transfer,in,0,Premier League,2016,2016/2017
West Ham United,Havard Nordtveit,26,Defensive Midfield,Bor. M'gladbach,Free Transfer,in,0,Premier League,2016,2016/2017
West Ham United,Sofiane Feghouli,26,Right Winger,Valencia,Free Transfer,in,0,Premier League,2016,2016/2017
West Ham United,Stephen Hendrie,22,Left-Back,Blackburn,"End of loanMay 31, 2017",in,0,Premier League,2016,2016/2017
West Ham United,Doneil Henry,23,Centre-Back,AC Horsens,"End of loanDec 31, 2016",in,0,Premier League,2016,2016/2017
West Ham United,Josh Cullen,21,Central Midfield,Bradford,"End of loanMay 31, 2017",in,0,Premier League,2016,2016/2017
West Ham United,Enner Valencia,27,Centre-Forward,Everton,"End of loanMay 31, 2017",in,0,Premier League,2016,2016/2017
West Ham United,Reece Burke,20,Centre-Back,Wigan,"End of loanMay 31, 2017",in,0,Premier League,2016,2016/2017
West Ham United,Reece Oxford,18,Centre-Back,Reading,"End of loanMay 31, 2017",in,0,Premier League,2016,2016/2017
West Ham United,Sam Westley,22,Right-Back,VVV-Venlo,"End of loanJun 30, 2016",in,0,Premier League,2016,2016/2017
West Ham United,Dimitri Payet,29,Attacking Midfield,Marseille,£26.37m,out,26.37,Premier League,2016,2016/2017
West Ham United,James Tomkins,27,Centre-Back,Crystal Palace,£10.53m,out,10.53,Premier League,2016,2016/2017
West Ham United,Elliot Lee,21,Centre-Forward,Barnsley FC,Free Transfer,out,0,Premier League,2016,2016/2017
West Ham United,Doneil Henry,23,Centre-Back,AC Horsens,Loan,out,0,Premier League,2016,2016/2017
West Ham United,Reece Burke,19,Centre-Back,Wigan,Loan,out,0,Premier League,2016,2016/2017
West Ham United,Enner Valencia,26,Centre-Forward,Everton,Loan,out,0,Premier League,2016,2016/2017
West Ham United,Reece Oxford,18,Centre-Back,Reading,Loan,out,0,Premier League,2016,2016/2017
West Ham United,Stephen Hendrie,21,Left-Back,Blackburn,Loan,out,0,Premier League,2016,2016/2017
West Ham United,Josh Cullen,20,Central Midfield,Bradford,Loan,out,0,Premier League,2016,2016/2017
West Ham United,Diego Poyet,21,Central Midfield,Without Club,-,out,0,Premier League,2016,2016/2017
West Ham United,Sam Westley,22,Right-Back,West Ham U23,-,out,0,Premier League,2016,2016/2017
West Ham United,Simone Zaza,25,Centre-Forward,Juventus,"End of loanJan 14, 2017",out,0,Premier League,2016,2016/2017
West Ham United,Joey O'Brien,30,Right-Back,Without Club,-,out,0,Premier League,2016,2016/2017
West Ham United,Emmanuel Emenike,29,Centre-Forward,Fenerbahce,"End of loanJun 30, 2016",out,0,Premier League,2016,2016/2017
West Ham United,Alex Song,28,Defensive Midfield,FC Barcelona,"End of loanJun 30, 2016",out,0,Premier League,2016,2016/2017
West Ham United,Manuel Lanzini,23,Attacking Midfield,Al-Jazira,"End of loanJun 30, 2016",out,0,Premier League,2016,2016/2017
Liverpool FC,Sadio Mané,24,Left Winger,Southampton,£37.08m,in,37.08,Premier League,2016,2016/2017
Liverpool FC,Georginio Wijnaldum,25,Central Midfield,Newcastle,£24.75m,in,24.75,Premier League,2016,2016/2017
Liverpool FC,Loris Karius,23,Goalkeeper,1.FSV Mainz 05,£5.58m,in,5.58,Premier League,2016,2016/2017
Liverpool FC,Ragnar Klavan,30,Centre-Back,FC Augsburg,£4.50m,in,4.5,Premier League,2016,2016/2017
Liverpool FC,Alexander Manninger,39,Goalkeeper,FC Augsburg,Free Transfer,in,0,Premier League,2016,2016/2017
Liverpool FC,Joel Matip,24,Centre-Back,FC Schalke 04,Free Transfer,in,0,Premier League,2016,2016/2017
Liverpool FC,Trent Alexander-Arnold,17,Right-Back,Liverpool U18,-,in,0,Premier League,2016,2016/2017
Liverpool FC,Danny Ward,23,Goalkeeper,Huddersfield,"End of loanMay 31, 2017",in,0,Premier League,2016,2016/2017
Liverpool FC,Mamadou Sakho,27,Centre-Back,Crystal Palace,"End of loanMay 31, 2017",in,0,Premier League,2016,2016/2017
Liverpool FC,Ben Woodburn,17,Left Winger,Liverpool U18,-,in,0,Premier League,2016,2016/2017
Liverpool FC,Lazar Markovic,23,Right Winger,Hull City,"End of loanMay 31, 2017",in,0,Premier League,2016,2016/2017
Liverpool FC,Ádám Bogdán,29,Goalkeeper,Wigan,"End of loanNov 22, 2016",in,0,Premier League,2016,2016/2017
Liverpool FC,Lazar Markovic,22,Right Winger,Sporting CP,"End of loanJan 22, 2017",in,0,Premier League,2016,2016/2017
Liverpool FC,Jon Flanagan,24,Right-Back,Burnley,"End of loanMay 31, 2017",in,0,Premier League,2016,2016/2017
Liverpool FC,Luis Alberto,23,Attacking Midfield,Dep. La Coruña,"End of loanJun 30, 2016",in,0,Premier League,2016,2016/2017
Liverpool FC,Samed Yesil,22,Centre-Forward,FC Luzern,"End of loanJun 30, 2016",in,0,Premier League,2016,2016/2017
Liverpool FC,Lazar Markovic,22,Right Winger,Fenerbahce,"End of loanJun 30, 2016",in,0,Premier League,2016,2016/2017
Liverpool FC,Mario Balotelli,25,Centre-Forward,AC Milan,"End of loanJun 30, 2016",in,0,Premier League,2016,2016/2017
Liverpool FC,Marko Grujic,20,Central Midfield,Red Star,"End of loanJun 30, 2016",in,0,Premier League,2016,2016/2017
Liverpool FC,Christian Benteke,25,Centre-Forward,Crystal Palace,£28.08m,out,28.08,Premier League,2016,2016/2017
Liverpool FC,Jordon Ibe,20,Right Winger,Bournemouth,£16.20m,out,16.2,Premier League,2016,2016/2017
Liverpool FC,Joe Allen,26,Central Midfield,Stoke City,£13.95m,out,13.95,Premier League,2016,2016/2017
Liverpool FC,Martin Skrtel,31,Centre-Back,Fenerbahce,£5.40m,out,5.4,Premier League,2016,2016/2017
Liverpool FC,Tiago Ilori,23,Centre-Back,Reading,£3.87m,out,3.87,Premier League,2016,2016/2017
Liverpool FC,Luis Alberto,23,Attacking Midfield,Lazio,£3.60m,out,3.6,Premier League,2016,2016/2017
Liverpool FC,Brad Smith,22,Left-Back,Bournemouth,£3.24m,out,3.24,Premier League,2016,2016/2017
Liverpool FC,Mamadou Sakho,26,Centre-Back,Crystal Palace,Loan fee:£2.07m,out,2.07,Premier League,2016,2016/2017
Liverpool FC,Lawrence Vigouroux,22,Goalkeeper,Swindon Town,£432k,out,0.432,Premier League,2016,2016/2017
Liverpool FC,João Carlos Teixeira,23,Attacking Midfield,FC Porto,Free Transfer,out,0,Premier League,2016,2016/2017
Liverpool FC,Mario Balotelli,26,Centre-Forward,OGC Nice,Free Transfer,out,0,Premier League,2016,2016/2017
Liverpool FC,Kolo Touré,35,Centre-Back,Celtic,Free Transfer,out,0,Premier League,2016,2016/2017
Liverpool FC,Lazar Markovic,22,Right Winger,Sporting CP,Loan,out,0,Premier League,2016,2016/2017
Liverpool FC,Lazar Markovic,22,Right Winger,Hull City,Loan,out,0,Premier League,2016,2016/2017
Liverpool FC,Danny Ward,23,Goalkeeper,Huddersfield,Loan,out,0,Premier League,2016,2016/2017
Liverpool FC,Ádám Bogdán,28,Goalkeeper,Wigan,Loan,out,0,Premier League,2016,2016/2017
Liverpool FC,Jon Flanagan,23,Right-Back,Burnley,Loan,out,0,Premier League,2016,2016/2017
Liverpool FC,Andre Wisdom,23,Right-Back,RB Salzburg,Loan,out,0,Premier League,2016,2016/2017
Liverpool FC,Samed Yesil,22,Centre-Forward,Without Club,-,out,0,Premier League,2016,2016/2017
Stoke City,Joe Allen,26,Central Midfield,Liverpool,£13.95m,in,13.95,Premier League,2016,2016/2017
Stoke City,Saido Berahino,23,Centre-Forward,West Brom,£12.51m,in,12.51,Premier League,2016,2016/2017
Stoke City,Ramadan Sobhi,19,Left Winger,Ahly,£4.50m,in,4.5,Premier League,2016,2016/2017
Stoke City,Wilfried Bony,27,Centre-Forward,Man City,Loan fee:£2.12m,in,2.12,Premier League,2016,2016/2017
Stoke City,Lee Grant,33,Goalkeeper,Derby,£1.35m,in,1.35,Premier League,2016,2016/2017
Stoke City,Ryan Sweeney,19,Centre-Back,AFC Wimbledon,£266k,in,0.266,Premier League,2016,2016/2017
Stoke City,Bruno Martins Indi,24,Centre-Back,FC Porto,Loan,in,0,Premier League,2016,2016/2017
Stoke City,Lee Grant,33,Goalkeeper,Derby,Loan,in,0,Premier League,2016,2016/2017
Stoke City,George Waring,22,Centre-Forward,Carlisle United,"End of loanMay 31, 2017",in,0,Premier League,2016,2016/2017
Stoke City,Ryan Sweeney,20,Centre-Back,Bristol Rovers,"End of loanMay 31, 2017",in,0,Premier League,2016,2016/2017
Stoke City,George Waring,22,Centre-Forward,Shrewsbury,"End of loanJan 9, 2017",in,0,Premier League,2016,2016/2017
Stoke City,Jakob Haugaard,25,Goalkeeper,Wigan,"End of loanMay 31, 2017",in,0,Premier League,2016,2016/2017
Stoke City,Steve Sidwell,33,Central Midfield,Brighton,"End of loanJun 30, 2016",in,0,Premier League,2016,2016/2017
Stoke City,Marc Wilson,28,Centre-Back,Bournemouth,£2.07m,out,2.07,Premier League,2016,2016/2017
Stoke City,Philipp Wollscheid,27,Centre-Back,VfL Wolfsburg,Loan fee:£1.35m,out,1.35,Premier League,2016,2016/2017
Stoke City,George Waring,22,Centre-Forward,Carlisle United,Loan,out,0,Premier League,2016,2016/2017
Stoke City,Steve Sidwell,33,Central Midfield,Brighton,Free Transfer,out,0,Premier League,2016,2016/2017
Stoke City,Dionatan Teixeira,24,Centre-Back,Sheriff,Free Transfer,out,0,Premier League,2016,2016/2017
Stoke City,Jakob Haugaard,24,Goalkeeper,Wigan,Loan,out,0,Premier League,2016,2016/2017
Stoke City,George Waring,21,Centre-Forward,Shrewsbury,Loan,out,0,Premier League,2016,2016/2017
Stoke City,Bojan Krkic,26,Second Striker,1.FSV Mainz 05,Loan,out,0,Premier League,2016,2016/2017
Stoke City,Joselu,26,Centre-Forward,Dep. La Coruña,Loan,out,0,Premier League,2016,2016/2017
Stoke City,Ryan Sweeney,19,Centre-Back,Bristol Rovers,Loan,out,0,Premier League,2016,2016/2017
Stoke City,Peter Odemwingie,34,Right Winger,Without Club,-,out,0,Premier League,2016,2016/2017
Stoke City,Lee Grant,33,Goalkeeper,Derby,"End of loanJan 3, 2017",out,0,Premier League,2016,2016/2017
Stoke City,Wilfried Bony,28,Centre-Forward,Man City,"End of loanMay 31, 2017",out,0,Premier League,2016,2016/2017
Chelsea FC,Michy Batshuayi,22,Centre-Forward,Marseille,£35.10m,in,35.1,Premier League,2016,2016/2017
Chelsea FC,N'Golo Kanté,25,Central Midfield,Leicester,£32.22m,in,32.22,Premier League,2016,2016/2017
Chelsea FC,David Luiz,29,Centre-Back,Paris SG,£31.50m,in,31.5,Premier League,2016,2016/2017
Chelsea FC,Marcos Alonso,25,Left-Back,Fiorentina,£20.70m,in,20.7,Premier League,2016,2016/2017
Chelsea FC,Eduardo,33,Goalkeeper,Dinamo Zagreb,?,in,NA,Premier League,2016,2016/2017
Chelsea FC,Nathan Aké,21,Centre-Back,Bournemouth,"End of loanJan 8, 2017",in,0,Premier League,2016,2016/2017
Chelsea FC,Loïc Rémy,30,Centre-Forward,Crystal Palace,"End of loanMay 31, 2017",in,0,Premier League,2016,2016/2017
Chelsea FC,Jamal Blackman,23,Goalkeeper,Wycombe,"End of loanMay 31, 2017",in,0,Premier League,2016,2016/2017
Chelsea FC,Kenedy,20,Left Midfield,Watford,"End of loanDec 31, 2016",in,0,Premier League,2016,2016/2017
Chelsea FC,Patrick Bamford,23,Centre-Forward,Burnley,"End of loanJan 14, 2017",in,0,Premier League,2016,2016/2017
Chelsea FC,Tomas Kalas,24,Centre-Back,Fulham,"End of loanMay 31, 2017",in,0,Premier League,2016,2016/2017
Chelsea FC,Ola Aina,19,Right-Back,Chelsea U23,-,in,0,Premier League,2016,2016/2017
Chelsea FC,Stipe Perica,20,Centre-Forward,Udinese Calcio,"End of loanJun 30, 2016",in,0,Premier League,2016,2016/2017
Chelsea FC,Kenneth Omeruo,22,Centre-Back,Kasimpasa,"End of loanJun 30, 2016",in,0,Premier League,2016,2016/2017
Chelsea FC,Mohamed Salah,24,Right Winger,AS Roma,"End of loanJun 30, 2016",in,0,Premier League,2016,2016/2017
Chelsea FC,Juan Cuadrado,28,Right Winger,Juventus,"End of loanJun 30, 2016",in,0,Premier League,2016,2016/2017
Chelsea FC,Christian Atsu,24,Left Winger,Málaga CF,"End of loanJun 30, 2016",in,0,Premier League,2016,2016/2017
Chelsea FC,Danilo Pantic,19,Attacking Midfield,Vitesse,"End of loanJun 30, 2016",in,0,Premier League,2016,2016/2017
Chelsea FC,Todd Kane,22,Right-Back,NEC Nijmegen,"End of loanJun 30, 2016",in,0,Premier League,2016,2016/2017
Chelsea FC,Marko Marin,27,Attacking Midfield,Trabzonspor,"End of loanJun 30, 2016",in,0,Premier League,2016,2016/2017
Chelsea FC,Papy Djilobodji,27,Centre-Back,Werder Bremen,"End of loanJun 30, 2016",in,0,Premier League,2016,2016/2017
Chelsea FC,Jamal Blackman,22,Goalkeeper,Östersund,"End of loanJun 12, 2016",in,0,Premier League,2016,2016/2017
Chelsea FC,Mario Pasalic,21,Central Midfield,Monaco,"End of loanJun 30, 2016",in,0,Premier League,2016,2016/2017
Chelsea FC,Matej Delac,23,Goalkeeper,FK Sarajevo,"End of loanJun 30, 2016",in,0,Premier League,2016,2016/2017
Chelsea FC,Cristian Cuevas,21,Left-Back,Sint-Truiden,"End of loanJun 30, 2016",in,0,Premier League,2016,2016/2017
Chelsea FC,Nathaniel Chalobah,21,Defensive Midfield,SSC Napoli,"End of loanJun 30, 2016",in,0,Premier League,2016,2016/2017
Chelsea FC,Marco van Ginkel,23,Central Midfield,PSV Eindhoven,"End of loanJun 30, 2016",in,0,Premier League,2016,2016/2017
Chelsea FC,Oscar,25,Attacking Midfield,SIPG,£54.00m,out,54,Premier League,2016,2016/2017
Chelsea FC,Mohamed Salah,24,Right Winger,AS Roma,£13.50m,out,13.5,Premier League,2016,2016/2017
Chelsea FC,Papy Djilobodji,27,Centre-Back,Sunderland,£8.55m,out,8.55,Premier League,2016,2016/2017
Chelsea FC,Patrick Bamford,23,Centre-Forward,Middlesbrough,£6.21m,out,6.21,Premier League,2016,2016/2017
Chelsea FC,Juan Cuadrado,28,Right Winger,Juventus,Loan fee:£4.50m,out,4.5,Premier League,2016,2016/2017
Chelsea FC,Stipe Perica,20,Centre-Forward,Udinese Calcio,£4.05m,out,4.05,Premier League,2016,2016/2017
Chelsea FC,Marko Marin,27,Attacking Midfield,Olympiacos,£2.70m,out,2.7,Premier League,2016,2016/2017
Chelsea FC,Bertrand Traoré,20,Right Winger,Ajax,Loan fee:£1.80m,out,1.8,Premier League,2016,2016/2017
Chelsea FC,Mario Pasalic,21,Central Midfield,AC Milan,Loan fee:£900k,out,0.9,Premier League,2016,2016/2017
Chelsea FC,Loïc Rémy,29,Centre-Forward,Crystal Palace,Loan fee:£900k,out,0.9,Premier League,2016,2016/2017
Chelsea FC,Abdul Rahman Baba,22,Left-Back,FC Schalke 04,Loan fee:£450k,out,0.45,Premier League,2016,2016/2017
Chelsea FC,John Mikel Obi,29,Defensive Midfield,TJ Teda,Free Transfer,out,0,Premier League,2016,2016/2017
Chelsea FC,Matt Miazga,21,Centre-Back,Vitesse,Loan,out,0,Premier League,2016,2016/2017
Chelsea FC,Danilo Pantic,19,Attacking Midfield,Excelsior,Loan,out,0,Premier League,2016,2016/2017
Chelsea FC,Branislav Ivanovic,32,Centre-Back,Zenit S-Pb,Free Transfer,out,0,Premier League,2016,2016/2017
Chelsea FC,Jamal Blackman,22,Goalkeeper,Wycombe,Loan,out,0,Premier League,2016,2016/2017
Chelsea FC,Patrick Bamford,22,Centre-Forward,Burnley,Loan,out,0,Premier League,2016,2016/2017
Chelsea FC,Kenneth Omeruo,22,Centre-Back,Alanyaspor,Loan,out,0,Premier League,2016,2016/2017
Chelsea FC,Tomas Kalas,23,Centre-Back,Fulham,Loan,out,0,Premier League,2016,2016/2017
Chelsea FC,Lucas Piazón,22,Right Winger,Fulham,Loan,out,0,Premier League,2016,2016/2017
Chelsea FC,Michael Hector,24,Centre-Back,E. Frankfurt,Loan,out,0,Premier League,2016,2016/2017
Chelsea FC,Kenedy,20,Left Midfield,Watford,Loan,out,0,Premier League,2016,2016/2017
Chelsea FC,Nathan Aké,21,Centre-Back,Bournemouth,Loan,out,0,Premier League,2016,2016/2017
Chelsea FC,Marco van Ginkel,24,Central Midfield,PSV Eindhoven,Loan,out,0,Premier League,2016,2016/2017
Chelsea FC,Cristian Cuevas,21,Left-Back,Sint-Truiden,Loan,out,0,Premier League,2016,2016/2017
Chelsea FC,Matej Delac,23,Goalkeeper,Mouscron,Loan,out,0,Premier League,2016,2016/2017
Chelsea FC,Christian Atsu,24,Left Winger,Newcastle,Loan,out,0,Premier League,2016,2016/2017
Chelsea FC,Marco Amelia,34,Goalkeeper,Without Club,-,out,0,Premier League,2016,2016/2017
Chelsea FC,Alexandre Pato,26,Centre-Forward,Corinthians,"End of loanJun 30, 2016",out,0,Premier League,2016,2016/2017
Chelsea FC,Falcao,30,Centre-Forward,Monaco,"End of loanJun 30, 2016",out,0,Premier League,2016,2016/2017
Everton FC,Yannick Bolasie,27,Left Winger,Crystal Palace,£26.01m,in,26.01,Premier League,2016,2016/2017
Everton FC,Morgan Schneiderlin,27,Defensive Midfield,Man Utd,£20.61m,in,20.61,Premier League,2016,2016/2017
Everton FC,Ashley Williams,31,Centre-Back,Swansea,£12.60m,in,12.6,Premier League,2016,2016/2017
Everton FC,Ademola Lookman,19,Left Winger,Charlton,£7.92m,in,7.92,Premier League,2016,2016/2017
Everton FC,Idrissa Gueye,26,Central Midfield,Aston Villa,£7.65m,in,7.65,Premier League,2016,2016/2017
Everton FC,Dominic Calvert-Lewin,19,Centre-Forward,Sheffield Utd.,£1.62m,in,1.62,Premier League,2016,2016/2017
Everton FC,Maarten Stekelenburg,33,Goalkeeper,Fulham,£900k,in,0.9,Premier League,2016,2016/2017
Everton FC,Enner Valencia,26,Centre-Forward,West Ham,Loan,in,0,Premier League,2016,2016/2017
Everton FC,Luke Garbutt,23,Left-Back,Wigan,"End of loanJan 2, 2017",in,0,Premier League,2016,2016/2017
Everton FC,Tom Davies,18,Central Midfield,Everton U23,-,in,0,Premier League,2016,2016/2017
Everton FC,Conor Grant,22,Central Midfield,Doncaster,"End of loanMay 31, 2017",in,0,Premier League,2016,2016/2017
Everton FC,Leandro Rodríguez,24,Centre-Forward,Waasl.-Beveren,"End of loanMay 10, 2017",in,0,Premier League,2016,2016/2017
Everton FC,Aiden McGeady,31,Left Winger,Preston NE,"End of loanMay 31, 2017",in,0,Premier League,2016,2016/2017
Everton FC,Tyias Browning,23,Centre-Back,Preston NE,"End of loanMay 31, 2017",in,0,Premier League,2016,2016/2017
Everton FC,Brendan Galloway,21,Left-Back,West Brom,"End of loanApr 9, 2017",in,0,Premier League,2016,2016/2017
Everton FC,Oumar Niasse,27,Centre-Forward,Hull City,"End of loanMay 31, 2017",in,0,Premier League,2016,2016/2017
Everton FC,Conor McAleny,24,Centre-Forward,Oxford United,"End of loanMay 31, 2017",in,0,Premier League,2016,2016/2017
Everton FC,Shani Tarashaj,21,Centre-Forward,Grasshoppers,"End of loanJun 30, 2016",in,0,Premier League,2016,2016/2017
Everton FC,John Stones,22,Centre-Back,Man City,£50.04m,out,50.04,Premier League,2016,2016/2017
Everton FC,Darron Gibson,29,Central Midfield,Sunderland,£2.25m,out,2.25,Premier League,2016,2016/2017
Everton FC,Bryan Oviedo,26,Left-Back,Sunderland,£1.80m,out,1.8,Premier League,2016,2016/2017
Everton FC,Gerard Deulofeu,22,Right Winger,AC Milan,Loan fee:£630k,out,0.63,Premier League,2016,2016/2017
Everton FC,Shani Tarashaj,21,Centre-Forward,E. Frankfurt,Loan,out,0,Premier League,2016,2016/2017
Everton FC,Steven Pienaar,34,Left Winger,Sunderland,Free Transfer,out,0,Premier League,2016,2016/2017
Everton FC,Tim Howard,37,Goalkeeper,Colorado,Free Transfer,out,0,Premier League,2016,2016/2017
Everton FC,Conor Grant,21,Central Midfield,Doncaster,Loan,out,0,Premier League,2016,2016/2017
Everton FC,Oumar Niasse,26,Centre-Forward,Hull City,Loan,out,0,Premier League,2016,2016/2017
Everton FC,Leandro Rodríguez,24,Centre-Forward,Waasl.-Beveren,Loan,out,0,Premier League,2016,2016/2017
Everton FC,Tom Cleverley,27,Central Midfield,Watford,Loan,out,0,Premier League,2016,2016/2017
Everton FC,Brendan Galloway,20,Left-Back,West Brom,Loan,out,0,Premier League,2016,2016/2017
Everton FC,Tyias Browning,22,Centre-Back,Preston NE,Loan,out,0,Premier League,2016,2016/2017
Everton FC,Conor McAleny,24,Centre-Forward,Oxford United,Loan,out,0,Premier League,2016,2016/2017
Everton FC,Luke Garbutt,23,Left-Back,Wigan,Loan,out,0,Premier League,2016,2016/2017
Everton FC,Aiden McGeady,30,Left Winger,Preston NE,Loan,out,0,Premier League,2016,2016/2017
Everton FC,Leon Osman,35,Central Midfield,Retired,-,out,0,Premier League,2016,2016/2017
Everton FC,Felipe Mattioni,27,Right-Back,Without Club,-,out,0,Premier League,2016,2016/2017
Everton FC,Tony Hibbert,35,Right-Back,Retired,-,out,0,Premier League,2016,2016/2017
Everton FC,Enner Valencia,27,Centre-Forward,West Ham,"End of loanMay 31, 2017",out,0,Premier League,2016,2016/2017
Swansea City,Borja Bastón,23,Centre-Forward,Atlético Madrid,£16.20m,in,16.2,Premier League,2016,2016/2017
Swansea City,Alfie Mawson,22,Centre-Back,Barnsley FC,£5.31m,in,5.31,Premier League,2016,2016/2017
Swansea City,Jordan Ayew,25,Centre-Forward,Aston Villa,£5.31m,in,5.31,Premier League,2016,2016/2017
Swansea City,Fernando Llorente,31,Centre-Forward,Sevilla FC,£5.31m,in,5.31,Premier League,2016,2016/2017
Swansea City,Leroy Fer,26,Central Midfield,QPR,£5.04m,in,5.04,Premier League,2016,2016/2017
Swansea City,Tom Carroll,24,Central Midfield,Spurs,£4.68m,in,4.68,Premier League,2016,2016/2017
Swansea City,Martin Olsson,28,Left-Back,Norwich,£4.14m,in,4.14,Premier League,2016,2016/2017
Swansea City,Luciano Narsingh,26,Right Winger,PSV Eindhoven,£4.14m,in,4.14,Premier League,2016,2016/2017
Swansea City,Mike van der Hoorn,23,Centre-Back,Ajax,£2.25m,in,2.25,Premier League,2016,2016/2017
Swansea City,Mark Birighitti,25,Goalkeeper,Newcastle,Free Transfer,in,0,Premier League,2016,2016/2017
Swansea City,Adam King,21,Central Midfield,Southend United,"End of loanJan 5, 2017",in,0,Premier League,2016,2016/2017
Swansea City,Liam Shephard,22,Right-Back,Yeovil Town,"End of loanMay 31, 2017",in,0,Premier League,2016,2016/2017
Swansea City,Marvin Emnes,29,Centre-Forward,Blackburn,"End of loanMay 31, 2017",in,0,Premier League,2016,2016/2017
Swansea City,Kenji Gorré,22,Right Winger,Northampt. Town,"End of loanJan 2, 2017",in,0,Premier League,2016,2016/2017
Swansea City,Matt Grimes,21,Central Midfield,Leeds,"End of loanMay 31, 2017",in,0,Premier League,2016,2016/2017
Swansea City,Marvin Emnes,28,Centre-Forward,Blackburn,"End of loanJan 15, 2017",in,0,Premier League,2016,2016/2017
Swansea City,Kyle Bartley,26,Centre-Back,Leeds,"End of loanMay 31, 2017",in,0,Premier League,2016,2016/2017
Swansea City,Modou Barrow,24,Right Winger,Leeds,"End of loanMay 31, 2017",in,0,Premier League,2016,2016/2017
Swansea City,Franck Tabanou,27,Left-Back,Saint-Étienne,"End of loanJun 30, 2016",in,0,Premier League,2016,2016/2017
Swansea City,Éder,28,Centre-Forward,LOSC Lille,"End of loanJun 30, 2016",in,0,Premier League,2016,2016/2017
Swansea City,Gerhard Tremmel,37,Goalkeeper,Werder Bremen,"End of loanJun 30, 2016",in,0,Premier League,2016,2016/2017
Swansea City,André Ayew,26,Left Winger,West Ham,£21.69m,out,21.69,Premier League,2016,2016/2017
Swansea City,Ashley Williams,31,Centre-Back,Everton,£12.60m,out,12.6,Premier League,2016,2016/2017
Swansea City,Alberto Paloschi,26,Centre-Forward,Atalanta,£5.40m,out,5.4,Premier League,2016,2016/2017
Swansea City,Éder,28,Centre-Forward,LOSC Lille,£4.05m,out,4.05,Premier League,2016,2016/2017
Swansea City,Lee Lucas,24,Central Midfield,Motherwell FC,Free Transfer,out,0,Premier League,2016,2016/2017
Swansea City,Liam Shephard,21,Right-Back,Yeovil Town,Loan,out,0,Premier League,2016,2016/2017
Swansea City,Franck Tabanou,27,Left-Back,Granada CF,Loan,out,0,Premier League,2016,2016/2017
Swansea City,Henry Jones,22,Defensive Midfield,Bangor City,Free Transfer,out,0,Premier League,2016,2016/2017
Swansea City,Neil Taylor,27,Left-Back,Aston Villa,?,out,NA,Premier League,2016,2016/2017
Swansea City,Kyle Bartley,25,Centre-Back,Leeds,Loan,out,0,Premier League,2016,2016/2017
Swansea City,Kenji Gorré,21,Right Winger,Northampt. Town,Loan,out,0,Premier League,2016,2016/2017
Swansea City,Modou Barrow,24,Right Winger,Leeds,Loan,out,0,Premier League,2016,2016/2017
Swansea City,Marvin Emnes,28,Centre-Forward,Blackburn,Loan,out,0,Premier League,2016,2016/2017
Swansea City,Bafétimbi Gomis,30,Centre-Forward,Marseille,Loan,out,0,Premier League,2016,2016/2017
Swansea City,Adam King,20,Central Midfield,Southend United,Loan,out,0,Premier League,2016,2016/2017
Swansea City,Marvin Emnes,28,Centre-Forward,Blackburn,Loan,out,0,Premier League,2016,2016/2017
Swansea City,Matt Grimes,20,Central Midfield,Leeds,Loan,out,0,Premier League,2016,2016/2017
Swansea City,Daniel Alfei,24,Right-Back,Without Club,-,out,0,Premier League,2016,2016/2017
Watford FC,Isaac Success,20,Left Winger,Granada CF,£13.50m,in,13.5,Premier League,2016,2016/2017
Watford FC,Roberto Pereyra,25,Left Midfield,Juventus,£11.70m,in,11.7,Premier League,2016,2016/2017
Watford FC,Sven Kums,28,Defensive Midfield,KAA Gent,£8.10m,in,8.1,Premier League,2016,2016/2017
Watford FC,Daryl Janmaat,27,Right-Back,Newcastle,£8.01m,in,8.01,Premier League,2016,2016/2017
Watford FC,Christian Kabasele,25,Centre-Back,KRC Genk,£6.26m,in,6.26,Premier League,2016,2016/2017
Watford FC,Stefano Okaka,27,Centre-Forward,RSC Anderlecht,£5.40m,in,5.4,Premier League,2016,2016/2017
Watford FC,Younès Kaboul,30,Centre-Back,Sunderland,£3.60m,in,3.6,Premier League,2016,2016/2017
Watford FC,Brice Dja Djédjé,25,Defensive Midfield,Marseille,£3.24m,in,3.24,Premier League,2016,2016/2017
Watford FC,Mauro Zárate,29,Second Striker,Fiorentina,£2.48m,in,2.48,Premier League,2016,2016/2017
Watford FC,M'Baye Niang,22,Centre-Forward,AC Milan,Loan fee:£675k,in,0.675,Premier League,2016,2016/2017
Watford FC,Adrian Mariappa,29,Centre-Back,Crystal Palace,Free Transfer,in,0,Premier League,2016,2016/2017
Watford FC,Uche Agbo,20,Defensive Midfield,Udinese Calcio,Free Transfer,in,0,Premier League,2016,2016/2017
Watford FC,Jerome Sinclair,19,Centre-Forward,Liverpool U23,Free Transfer,in,0,Premier League,2016,2016/2017
Watford FC,Cucho Hernández,17,Centre-Forward,Pereira,?,in,NA,Premier League,2016,2016/2017
Watford FC,Kenedy,20,Left Midfield,Chelsea,Loan,in,0,Premier League,2016,2016/2017
Watford FC,Tom Cleverley,27,Central Midfield,Everton,Loan,in,0,Premier League,2016,2016/2017
Watford FC,Valber Huerta,23,Centre-Back,Granada CF B,?,in,NA,Premier League,2016,2016/2017
Watford FC,Camilo Zúñiga,30,Right-Back,SSC Napoli,Loan,in,0,Premier League,2016,2016/2017
Watford FC,Jerome Sinclair,20,Centre-Forward,Birmingham,"End of loanMay 31, 2017",in,0,Premier League,2016,2016/2017
Watford FC,Obbi Oulare,21,Centre-Forward,Zulte Waregem,"End of loanJan 16, 2017",in,0,Premier League,2016,2016/2017
Watford FC,Tommie Hoban,23,Centre-Back,Blackburn,"End of loanMay 31, 2017",in,0,Premier League,2016,2016/2017
Watford FC,Adalberto Peñaranda,19,Centre-Forward,Udinese Calcio,"End of loanJan 3, 2017",in,0,Premier League,2016,2016/2017
Watford FC,Mathias Ranégie,32,Centre-Forward,Djurgarden,"End of loanDec 1, 2016",in,0,Premier League,2016,2016/2017
Watford FC,Giedrius Arlauskis,28,Goalkeeper,Espanyol,"End of loanJun 30, 2016",in,0,Premier League,2016,2016/2017
Watford FC,Víctor Ibarbo,26,Second Striker,Atl. Nacional,"End of loanJun 28, 2016",in,0,Premier League,2016,2016/2017
Watford FC,Miguel Layún,28,Right-Back,FC Porto,"End of loanJun 30, 2016",in,0,Premier League,2016,2016/2017
Watford FC,Adalberto Peñaranda,19,Centre-Forward,Granada CF,"End of loanJun 30, 2016",in,0,Premier League,2016,2016/2017
Watford FC,Abdoulaye Doucouré,23,Central Midfield,Granada CF,"End of loanJun 30, 2016",in,0,Premier League,2016,2016/2017
Watford FC,Juanfran,27,Right-Back,Dep. La Coruña,"End of loanJun 30, 2016",in,0,Premier League,2016,2016/2017
Watford FC,Odion Ighalo,27,Centre-Forward,CC Yatai,£20.97m,out,20.97,Premier League,2016,2016/2017
Watford FC,Matej Vydra,24,Centre-Forward,Derby,£8.46m,out,8.46,Premier League,2016,2016/2017
Watford FC,Miguel Layún,28,Right-Back,FC Porto,£5.40m,out,5.4,Premier League,2016,2016/2017
Watford FC,Adlène Guédioura,31,Central Midfield,Middlesbrough,£4.68m,out,4.68,Premier League,2016,2016/2017
Watford FC,Ikechi Anya,28,Left Midfield,Derby,£4.23m,out,4.23,Premier League,2016,2016/2017
Watford FC,Allan Nyom,28,Right-Back,West Brom,£4.23m,out,4.23,Premier League,2016,2016/2017
Watford FC,Almen Abdi,29,Central Midfield,Sheff Wed,£3.24m,out,3.24,Premier League,2016,2016/2017
Watford FC,José Manuel Jurado,30,Attacking Midfield,Espanyol,£1.08m,out,1.08,Premier League,2016,2016/2017
Watford FC,Sven Kums,28,Defensive Midfield,Udinese Calcio,Loan,out,0,Premier League,2016,2016/2017
Watford FC,Luke Simpson,21,Goalkeeper,York City,Free Transfer,out,0,Premier League,2016,2016/2017
Watford FC,Uche Agbo,20,Defensive Midfield,Granada CF,Loan,out,0,Premier League,2016,2016/2017
Watford FC,Steven Berghuis,24,Right Winger,Feyenoord,Loan,out,0,Premier League,2016,2016/2017
Watford FC,Gabriele Angella,27,Centre-Back,Udinese Calcio,Free Transfer,out,0,Premier League,2016,2016/2017
Watford FC,Daniel Pudil,30,Left-Back,Sheff Wed,Free Transfer,out,0,Premier League,2016,2016/2017
Watford FC,Uche Ikpeazu,21,Centre-Forward,Cambridge Utd.,Free Transfer,out,0,Premier League,2016,2016/2017
Watford FC,Sean Murray,22,Central Midfield,Swindon Town,Free Transfer,out,0,Premier League,2016,2016/2017
Watford FC,Juanfran,27,Right-Back,Dep. La Coruña,Loan,out,0,Premier League,2016,2016/2017
Watford FC,Obbi Oulare,21,Centre-Forward,Willem II,Loan,out,0,Premier League,2016,2016/2017
Watford FC,Cucho Hernández,17,Centre-Forward,CD América,Loan,out,0,Premier League,2016,2016/2017
Watford FC,Obbi Oulare,20,Centre-Forward,Zulte Waregem,Loan,out,0,Premier League,2016,2016/2017
Watford FC,Valber Huerta,23,Centre-Back,Huachipato FC,Loan,out,0,Premier League,2016,2016/2017
Watford FC,Jerome Sinclair,20,Centre-Forward,Birmingham,Loan,out,0,Premier League,2016,2016/2017
Watford FC,Tommie Hoban,22,Centre-Back,Blackburn,Loan,out,0,Premier League,2016,2016/2017
Watford FC,Adalberto Peñaranda,19,Centre-Forward,Udinese Calcio,Loan,out,0,Premier League,2016,2016/2017
Watford FC,Adalberto Peñaranda,19,Centre-Forward,Málaga CF,Loan,out,0,Premier League,2016,2016/2017
Watford FC,Juan Carlos Paredes,29,Right-Back,Olympiacos,Loan,out,0,Premier League,2016,2016/2017
Watford FC,Mathias Ranégie,32,Centre-Forward,Udinese Calcio,Loan,out,0,Premier League,2016,2016/2017
Watford FC,Mario Suárez,29,Defensive Midfield,Valencia,Loan,out,0,Premier League,2016,2016/2017
Watford FC,Joel Ekstrand,27,Centre-Back,Without Club,-,out,0,Premier League,2016,2016/2017
Watford FC,Kenedy,20,Left Midfield,Chelsea,"End of loanDec 31, 2016",out,0,Premier League,2016,2016/2017
Watford FC,Essaïd Belkalem,27,Centre-Back,Without Club,-,out,0,Premier League,2016,2016/2017
Watford FC,Víctor Ibarbo,26,Second Striker,AS Roma,"End of loanJun 29, 2016",out,0,Premier League,2016,2016/2017
West Bromwich Albion,Nacer Chadli,27,Left Winger,Spurs,£13.68m,in,13.68,Premier League,2016,2016/2017
West Bromwich Albion,Jake Livermore,27,Defensive Midfield,Hull City,£10.35m,in,10.35,Premier League,2016,2016/2017
West Bromwich Albion,Matt Phillips,25,Right Winger,QPR,£5.85m,in,5.85,Premier League,2016,2016/2017
West Bromwich Albion,Allan Nyom,28,Right-Back,Watford,£4.23m,in,4.23,Premier League,2016,2016/2017
West Bromwich Albion,Hal Robson-Kanu,27,Left Winger,Reading,Free Transfer,in,0,Premier League,2016,2016/2017
West Bromwich Albion,Brendan Galloway,20,Left-Back,Everton,Loan,in,0,Premier League,2016,2016/2017
West Bromwich Albion,Marc Wilson,29,Centre-Back,Bournemouth,Loan,in,0,Premier League,2016,2016/2017
West Bromwich Albion,Callum McManaman,26,Right Winger,Sheff Wed,"End of loanMay 31, 2017",in,0,Premier League,2016,2016/2017
West Bromwich Albion,Sam Field,18,Central Midfield,West Brom U23,-,in,0,Premier League,2016,2016/2017
West Bromwich Albion,Sébastien Pocognoli,29,Left-Back,Brighton,"End of loanMay 31, 2017",in,0,Premier League,2016,2016/2017
West Bromwich Albion,Jonathan Leko,17,Right Winger,West Brom U18,-,in,0,Premier League,2016,2016/2017
West Bromwich Albion,Saido Berahino,23,Centre-Forward,Stoke City,£12.51m,out,12.51,Premier League,2016,2016/2017
West Bromwich Albion,James Chester,27,Centre-Back,Aston Villa,£8.37m,out,8.37,Premier League,2016,2016/2017
West Bromwich Albion,Rickie Lambert,34,Centre-Forward,Cardiff,£1.80m,out,1.8,Premier League,2016,2016/2017
West Bromwich Albion,Cristian Gamboa,26,Right-Back,Celtic,£1.08m,out,1.08,Premier League,2016,2016/2017
West Bromwich Albion,Craig Gardner,30,Central Midfield,Birmingham,Loan fee:£518k,out,0.518,Premier League,2016,2016/2017
West Bromwich Albion,Jonas Olsson,34,Centre-Back,Djurgarden,Free Transfer,out,0,Premier League,2016,2016/2017
West Bromwich Albion,Anders Lindegaard,32,Goalkeeper,Preston NE,Free Transfer,out,0,Premier League,2016,2016/2017
West Bromwich Albion,Callum McManaman,25,Right Winger,Sheff Wed,Loan,out,0,Premier League,2016,2016/2017
West Bromwich Albion,Sébastien Pocognoli,29,Left-Back,Brighton,Loan,out,0,Premier League,2016,2016/2017
West Bromwich Albion,Victor Anichebe,28,Centre-Forward,Without Club,-,out,0,Premier League,2016,2016/2017
West Bromwich Albion,Marc Wilson,29,Centre-Back,Bournemouth,"End of loanMay 31, 2017",out,0,Premier League,2016,2016/2017
West Bromwich Albion,Brendan Galloway,21,Left-Back,Everton,"End of loanApr 9, 2017",out,0,Premier League,2016,2016/2017
West Bromwich Albion,Stéphane Sessègnon,32,Attacking Midfield,Without Club,-,out,0,Premier League,2016,2016/2017
Crystal Palace,Christian Benteke,25,Centre-Forward,Liverpool,£28.08m,in,28.08,Premier League,2016,2016/2017
Crystal Palace,Andros Townsend,24,Right Winger,Newcastle,£14.04m,in,14.04,Premier League,2016,2016/2017
Crystal Palace,Luka Milivojevic,25,Defensive Midfield,Olympiacos,£13.59m,in,13.59,Premier League,2016,2016/2017
Crystal Palace,Jeffrey Schlupp,24,Left Midfield,Leicester,£12.42m,in,12.42,Premier League,2016,2016/2017
Crystal Palace,James Tomkins,27,Centre-Back,West Ham,£10.53m,in,10.53,Premier League,2016,2016/2017
Crystal Palace,Patrick van Aanholt,26,Left-Back,Sunderland,£9.45m,in,9.45,Premier League,2016,2016/2017
Crystal Palace,Mamadou Sakho,26,Centre-Back,Liverpool,Loan fee:£2.07m,in,2.07,Premier League,2016,2016/2017
Crystal Palace,Loïc Rémy,29,Centre-Forward,Chelsea,Loan fee:£900k,in,0.9,Premier League,2016,2016/2017
Crystal Palace,Jonathan Benteke,21,Centre-Forward,Zulte Waregem,£90k,in,0.09,Premier League,2016,2016/2017
Crystal Palace,Steve Mandanda,31,Goalkeeper,Marseille,Free Transfer,in,0,Premier League,2016,2016/2017
Crystal Palace,Jonathan Williams,23,Attacking Midfield,Ipswich,"End of loanMay 31, 2017",in,0,Premier League,2016,2016/2017
Crystal Palace,Freddie Ladapo,24,Centre-Forward,Shrewsbury,"End of loanMay 31, 2017",in,0,Premier League,2016,2016/2017
Crystal Palace,Sullay Kaikai,20,Left Winger,Palace U23,-,in,0,Premier League,2016,2016/2017
Crystal Palace,Freddie Ladapo,23,Centre-Forward,Oldham Athletic,"End of loanJan 2, 2017",in,0,Premier League,2016,2016/2017
Crystal Palace,Hiram Boateng,21,Defensive Midfield,Northampt. Town,"End of loanMay 31, 2017",in,0,Premier League,2016,2016/2017
Crystal Palace,Jordon Mutch,25,Central Midfield,Reading,"End of loanMay 31, 2017",in,0,Premier League,2016,2016/2017
Crystal Palace,Keshi Anderson,21,Left Winger,Bolton,"End of loanJan 16, 2017",in,0,Premier League,2016,2016/2017
Crystal Palace,Hiram Boateng,20,Defensive Midfield,Bristol Rovers,"End of loanDec 29, 2016",in,0,Premier League,2016,2016/2017
Crystal Palace,Ryan Inniss,21,Centre-Back,Southend United,"End of loanMay 31, 2017",in,0,Premier League,2016,2016/2017
Crystal Palace,Keshi Anderson,22,Left Winger,Northampt. Town,"End of loanMay 31, 2017",in,0,Premier League,2016,2016/2017
Crystal Palace,Sullay Kaikai,21,Left Winger,Brentford,"End of loanJan 2, 2017",in,0,Premier League,2016,2016/2017
Crystal Palace,Mathieu Flamini,32,Defensive Midfield,Without Club,-,in,0,Premier League,2016,2016/2017
Crystal Palace,Yannick Bolasie,27,Left Winger,Everton,£26.01m,out,26.01,Premier League,2016,2016/2017
Crystal Palace,Dwight Gayle,25,Centre-Forward,Newcastle,£10.80m,out,10.8,Premier League,2016,2016/2017
Crystal Palace,Alex McCarthy,26,Goalkeeper,Southampton,£4.23m,out,4.23,Premier League,2016,2016/2017
Crystal Palace,Mile Jedinak,32,Defensive Midfield,Aston Villa,£4.14m,out,4.14,Premier League,2016,2016/2017
Crystal Palace,Hiram Boateng,20,Defensive Midfield,Northampt. Town,Loan,out,0,Premier League,2016,2016/2017
Crystal Palace,Luke Croll,21,Centre-Back,Exeter City,Loan,out,0,Premier League,2016,2016/2017
Crystal Palace,Hiram Boateng,20,Defensive Midfield,Bristol Rovers,Loan,out,0,Premier League,2016,2016/2017
Crystal Palace,Keshi Anderson,21,Left Winger,Northampt. Town,Loan,out,0,Premier League,2016,2016/2017
Crystal Palace,Freddie Ladapo,23,Centre-Forward,Oldham Athletic,Loan,out,0,Premier League,2016,2016/2017
Crystal Palace,Keshi Anderson,21,Left Winger,Bolton,Loan,out,0,Premier League,2016,2016/2017
Crystal Palace,Chris Kettings,23,Goalkeeper,Oldham Athletic,Free Transfer,out,0,Premier League,2016,2016/2017
Crystal Palace,Adrian Mariappa,29,Centre-Back,Watford,Free Transfer,out,0,Premier League,2016,2016/2017
Crystal Palace,Freddie Ladapo,23,Centre-Forward,Shrewsbury,Loan,out,0,Premier League,2016,2016/2017
Crystal Palace,Connor Dymond,21,Defensive Midfield,Bromley,Free Transfer,out,0,Premier League,2016,2016/2017
Crystal Palace,Jordon Mutch,25,Central Midfield,Reading,Loan,out,0,Premier League,2016,2016/2017
Crystal Palace,Sullay Kaikai,21,Left Winger,Brentford,Loan,out,0,Premier League,2016,2016/2017
Crystal Palace,Kwesi Appiah,26,Centre-Forward,Viking FK,Loan,out,0,Premier League,2016,2016/2017
Crystal Palace,Jonathan Williams,22,Attacking Midfield,Ipswich,Loan,out,0,Premier League,2016,2016/2017
Crystal Palace,Ryan Inniss,21,Centre-Back,Southend United,Loan,out,0,Premier League,2016,2016/2017
Crystal Palace,Mamadou Sakho,27,Centre-Back,Liverpool,"End of loanMay 31, 2017",out,0,Premier League,2016,2016/2017
Crystal Palace,Brede Hangeland,35,Centre-Back,Retired,-,out,0,Premier League,2016,2016/2017
Crystal Palace,Loïc Rémy,30,Centre-Forward,Chelsea,"End of loanMay 31, 2017",out,0,Premier League,2016,2016/2017
Crystal Palace,Marouane Chamakh,32,Centre-Forward,Without Club,-,out,0,Premier League,2016,2016/2017
Crystal Palace,Emmanuel Adebayor,32,Centre-Forward,Without Club,-,out,0,Premier League,2016,2016/2017
Crystal Palace,Patrick McCarthy,33,Centre-Back,Retired,-,out,0,Premier League,2016,2016/2017
AFC Bournemouth,Jordon Ibe,20,Right Winger,Liverpool,£16.20m,in,16.2,Premier League,2016,2016/2017
AFC Bournemouth,Lewis Cook,19,Central Midfield,Leeds,£6.30m,in,6.3,Premier League,2016,2016/2017
AFC Bournemouth,Lys Mousset,20,Centre-Forward,AC Le Havre,£5.85m,in,5.85,Premier League,2016,2016/2017
AFC Bournemouth,Brad Smith,22,Left-Back,Liverpool,£3.24m,in,3.24,Premier League,2016,2016/2017
AFC Bournemouth,Jack Wilshere,24,Central Midfield,Arsenal,Loan fee:£2.12m,in,2.12,Premier League,2016,2016/2017
AFC Bournemouth,Marc Wilson,28,Centre-Back,Stoke City,£2.07m,in,2.07,Premier League,2016,2016/2017
AFC Bournemouth,Aaron Ramsdale,18,Goalkeeper,Sheffield Utd.,£846k,in,0.846,Premier League,2016,2016/2017
AFC Bournemouth,Emerson Hyndman,20,Central Midfield,Fulham,Free Transfer,in,0,Premier League,2016,2016/2017
AFC Bournemouth,Mihai Dobre,18,Left Midfield,FCVM Georgescu,?,in,NA,Premier League,2016,2016/2017
AFC Bournemouth,Nathan Aké,21,Centre-Back,Chelsea,Loan,in,0,Premier League,2016,2016/2017
AFC Bournemouth,Glenn Murray,33,Centre-Forward,Brighton,"End of loanJan 30, 2017",in,0,Premier League,2016,2016/2017
AFC Bournemouth,Rhoys Wiggins,29,Left-Back,Birmingham,"End of loanJan 2, 2017",in,0,Premier League,2016,2016/2017
AFC Bournemouth,Emerson Hyndman,21,Central Midfield,Rangers,"End of loanMay 9, 2017",in,0,Premier League,2016,2016/2017
AFC Bournemouth,Jordan Green,21,Right Winger,Newport County,"End of loanJan 3, 2017",in,0,Premier League,2016,2016/2017
AFC Bournemouth,Harry Cornick,22,Right Winger,Gillingham FC,"End of loanMay 31, 2017",in,0,Premier League,2016,2016/2017
AFC Bournemouth,Harry Cornick,21,Right Winger,Leyton Orient,"End of loanJan 1, 2017",in,0,Premier League,2016,2016/2017
AFC Bournemouth,Baily Cargill,21,Centre-Back,Gillingham FC,"End of loanJan 3, 2017",in,0,Premier League,2016,2016/2017
AFC Bournemouth,Marc Wilson,29,Centre-Back,West Brom,"End of loanMay 31, 2017",in,0,Premier League,2016,2016/2017
AFC Bournemouth,Josh O'Hanlon,20,Centre-Forward,Longford Town,"End of loanJun 30, 2016",in,0,Premier League,2016,2016/2017
AFC Bournemouth,Matt Ritchie,26,Right Midfield,Newcastle,£10.80m,out,10.8,Premier League,2016,2016/2017
AFC Bournemouth,Tommy Elphick,28,Centre-Back,Aston Villa,£3.51m,out,3.51,Premier League,2016,2016/2017
AFC Bournemouth,Lee Tomlin,27,Second Striker,Bristol City,£3.15m,out,3.15,Premier League,2016,2016/2017
AFC Bournemouth,Glenn Murray,33,Centre-Forward,Brighton,£3.15m,out,3.15,Premier League,2016,2016/2017
AFC Bournemouth,Tokelo Rantie,25,Centre-Forward,Genclerbirligi,£1.62m,out,1.62,Premier League,2016,2016/2017
AFC Bournemouth,Eunan O'Kane,26,Central Midfield,Leeds,£450k,out,0.45,Premier League,2016,2016/2017
AFC Bournemouth,Shaun MacDonald,28,Central Midfield,Wigan,£261k,out,0.261,Premier League,2016,2016/2017
AFC Bournemouth,Josh Wakefield,22,Central Midfield,Aldershot Town,Free Transfer,out,0,Premier League,2016,2016/2017
AFC Bournemouth,Stéphane Zubar,29,Centre-Back,Weymouth FC,Free Transfer,out,0,Premier League,2016,2016/2017
AFC Bournemouth,Jordan Green,21,Right Winger,Newport County,Loan,out,0,Premier League,2016,2016/2017
AFC Bournemouth,Josh Carmichael,21,Central Midfield,Gosport,Free Transfer,out,0,Premier League,2016,2016/2017
AFC Bournemouth,Jayden Stockley,22,Centre-Forward,Aberdeen FC,Free Transfer,out,0,Premier League,2016,2016/2017
AFC Bournemouth,Baily Cargill,20,Centre-Back,Gillingham FC,Loan,out,0,Premier League,2016,2016/2017
AFC Bournemouth,Harry Cornick,21,Right Winger,Leyton Orient,Loan,out,0,Premier League,2016,2016/2017
AFC Bournemouth,Lewis Grabban,29,Centre-Forward,Reading,Loan,out,0,Premier League,2016,2016/2017
AFC Bournemouth,Harry Cornick,21,Right Winger,Gillingham FC,Loan,out,0,Premier League,2016,2016/2017
AFC Bournemouth,Rhoys Wiggins,28,Left-Back,Birmingham,Loan,out,0,Premier League,2016,2016/2017
AFC Bournemouth,Glenn Murray,32,Centre-Forward,Brighton,Loan,out,0,Premier League,2016,2016/2017
AFC Bournemouth,Emerson Hyndman,20,Central Midfield,Rangers,Loan,out,0,Premier League,2016,2016/2017
AFC Bournemouth,Marc Wilson,29,Centre-Back,West Brom,Loan,out,0,Premier League,2016,2016/2017
AFC Bournemouth,Nathan Aké,21,Centre-Back,Chelsea,"End of loanJan 8, 2017",out,0,Premier League,2016,2016/2017
AFC Bournemouth,Jack Wilshere,25,Central Midfield,Arsenal,"End of loanMay 31, 2017",out,0,Premier League,2016,2016/2017
AFC Bournemouth,Sylvain Distin,38,Centre-Back,Retired,-,out,0,Premier League,2016,2016/2017
AFC Bournemouth,Josh O'Hanlon,20,Centre-Forward,Without Club,-,out,0,Premier League,2016,2016/2017
AFC Bournemouth,Juan Iturbe,23,Right Winger,AS Roma,"End of loanJun 30, 2016",out,0,Premier League,2016,2016/2017
AFC Bournemouth,Marius Adamonis,19,Goalkeeper,Atlantas,"End of loanJun 30, 2016",out,0,Premier League,2016,2016/2017
Sunderland AFC,Didier Ndong,22,Central Midfield,FC Lorient,£18.00m,in,18,Premier League,2016,2016/2017
Sunderland AFC,Papy Djilobodji,27,Centre-Back,Chelsea,£8.55m,in,8.55,Premier League,2016,2016/2017
Sunderland AFC,Paddy McNair,21,Defensive Midfield,Man Utd,£4.73m,in,4.73,Premier League,2016,2016/2017
Sunderland AFC,Darron Gibson,29,Central Midfield,Everton,£2.25m,in,2.25,Premier League,2016,2016/2017
Sunderland AFC,Bryan Oviedo,26,Left-Back,Everton,£1.80m,in,1.8,Premier League,2016,2016/2017
Sunderland AFC,Mika,25,Goalkeeper,Boavista,£1.35m,in,1.35,Premier League,2016,2016/2017
Sunderland AFC,Donald Love,21,Right-Back,Man Utd U23,£1.04m,in,1.04,Premier League,2016,2016/2017
Sunderland AFC,Steven Pienaar,34,Left Winger,Everton,Free Transfer,in,0,Premier League,2016,2016/2017
Sunderland AFC,Jason Denayer,21,Centre-Back,Man City,Loan,in,0,Premier League,2016,2016/2017
Sunderland AFC,Sam Brotherton,20,Centre-Back,Badgers,?,in,NA,Premier League,2016,2016/2017
Sunderland AFC,Javier Manquillo,22,Right-Back,Atlético Madrid,Loan,in,0,Premier League,2016,2016/2017
Sunderland AFC,Adnan Januzaj,21,Right Winger,Man Utd,Loan,in,0,Premier League,2016,2016/2017
Sunderland AFC,Joleon Lescott,34,Centre-Back,Without Club,-,in,0,Premier League,2016,2016/2017
Sunderland AFC,Will Buckley,27,Right Winger,Sheff Wed,"End of loanMay 31, 2017",in,0,Premier League,2016,2016/2017
Sunderland AFC,Adam Matthews,25,Right-Back,Bristol City,"End of loanMay 31, 2017",in,0,Premier League,2016,2016/2017
Sunderland AFC,Joel Asoro,17,Centre-Forward,Sunderland U18,-,in,0,Premier League,2016,2016/2017
Sunderland AFC,Victor Anichebe,28,Centre-Forward,Without Club,-,in,0,Premier League,2016,2016/2017
Sunderland AFC,Sebastián Coates,26,Centre-Back,Sporting CP,"End of loanFeb 1, 2017",in,0,Premier League,2016,2016/2017
Sunderland AFC,Lynden Gooch,20,Right Winger,Sunderland U23,-,in,0,Premier League,2016,2016/2017
Sunderland AFC,Emanuele Giaccherini,31,Left Midfield,Bologna,"End of loanJun 30, 2016",in,0,Premier League,2016,2016/2017
Sunderland AFC,Steven Fletcher,29,Centre-Forward,Marseille,"End of loanJun 30, 2016",in,0,Premier League,2016,2016/2017
Sunderland AFC,Santiago Vergini,27,Centre-Back,Getafe,"End of loanJun 30, 2016",in,0,Premier League,2016,2016/2017
Sunderland AFC,Charalampos Mavrias,22,Right Winger,F. Düsseldorf,"End of loanJun 30, 2016",in,0,Premier League,2016,2016/2017
Sunderland AFC,Danny Graham,30,Centre-Forward,Blackburn,"End of loanJun 30, 2016",in,0,Premier League,2016,2016/2017
Sunderland AFC,Patrick van Aanholt,26,Left-Back,Crystal Palace,£9.45m,out,9.45,Premier League,2016,2016/2017
Sunderland AFC,Sebastián Coates,26,Centre-Back,Sporting CP,£4.25m,out,4.25,Premier League,2016,2016/2017
Sunderland AFC,Younès Kaboul,30,Centre-Back,Watford,£3.60m,out,3.6,Premier League,2016,2016/2017
Sunderland AFC,Emanuele Giaccherini,31,Left Midfield,SSC Napoli,£1.35m,out,1.35,Premier League,2016,2016/2017
Sunderland AFC,Liam Bridcutt,27,Defensive Midfield,Leeds,£1.04m,out,1.04,Premier League,2016,2016/2017
Sunderland AFC,Jeremain Lens,28,Right Winger,Fenerbahce,Loan fee:£900k,out,0.9,Premier League,2016,2016/2017
Sunderland AFC,Santiago Vergini,27,Centre-Back,Boca Juniors,£810k,out,0.81,Premier League,2016,2016/2017
Sunderland AFC,Valentin Roberge,29,Centre-Back,Apol. Limassol,Free Transfer,out,0,Premier League,2016,2016/2017
Sunderland AFC,Jordi Gómez,31,Central Midfield,Wigan,Free Transfer,out,0,Premier League,2016,2016/2017
Sunderland AFC,Danny Graham,30,Centre-Forward,Blackburn,Free Transfer,out,0,Premier League,2016,2016/2017
Sunderland AFC,Mikael Mandron,21,Centre-Forward,Eastleigh FC,Free Transfer,out,0,Premier League,2016,2016/2017
Sunderland AFC,Steven Fletcher,29,Centre-Forward,Sheff Wed,Free Transfer,out,0,Premier League,2016,2016/2017
Sunderland AFC,Adam Matthews,24,Right-Back,Bristol City,Loan,out,0,Premier League,2016,2016/2017
Sunderland AFC,Will Buckley,26,Right Winger,Sheff Wed,Loan,out,0,Premier League,2016,2016/2017
Sunderland AFC,Jason Denayer,21,Centre-Back,Man City,"End of loanMay 31, 2017",out,0,Premier League,2016,2016/2017
Sunderland AFC,Wes Brown,36,Centre-Back,Without Club,-,out,0,Premier League,2016,2016/2017
Sunderland AFC,Adnan Januzaj,22,Right Winger,Man Utd,"End of loanMay 31, 2017",out,0,Premier League,2016,2016/2017
Sunderland AFC,Charalampos Mavrias,22,Right Winger,Without Club,-,out,0,Premier League,2016,2016/2017
Sunderland AFC,Steve Harper,41,Goalkeeper,Retired,-,out,0,Premier League,2016,2016/2017
Sunderland AFC,Yann M'Vila,26,Defensive Midfield,Rubin Kazan,"End of loanJun 30, 2016",out,0,Premier League,2016,2016/2017
Sunderland AFC,Dame N'Doye,31,Centre-Forward,Trabzonspor,"End of loanJun 30, 2016",out,0,Premier League,2016,2016/2017
Sunderland AFC,Ola Toivonen,29,Centre-Forward,Stade Rennais,"End of loanJun 30, 2016",out,0,Premier League,2016,2016/2017
Burnley FC,Robbie Brady,25,Left Midfield,Norwich,£13.59m,in,13.59,Premier League,2016,2016/2017
Burnley FC,Jeff Hendrick,24,Central Midfield,Derby,£10.62m,in,10.62,Premier League,2016,2016/2017
Burnley FC,Steven Defour,28,Central Midfield,RSC Anderlecht,£7.74m,in,7.74,Premier League,2016,2016/2017
Burnley FC,Ashley Westwood,26,Defensive Midfield,Aston Villa,£5.22m,in,5.22,Premier League,2016,2016/2017
Burnley FC,Johann Berg Gudmundsson,25,Right Winger,Charlton,£2.70m,in,2.7,Premier League,2016,2016/2017
Burnley FC,Nick Pope,24,Goalkeeper,Charlton,£1.17m,in,1.17,Premier League,2016,2016/2017
Burnley FC,Jon Flanagan,23,Right-Back,Liverpool,Loan,in,0,Premier League,2016,2016/2017
Burnley FC,Patrick Bamford,22,Centre-Forward,Chelsea,Loan,in,0,Premier League,2016,2016/2017
Burnley FC,Danny Lafferty,27,Left-Back,Sheffield Utd.,"End of loanJan 12, 2017",in,0,Premier League,2016,2016/2017
Burnley FC,George Green,20,Attacking Midfield,Kilmarnock FC,"End of loanSep 12, 2016",in,0,Premier League,2016,2016/2017
Burnley FC,George Green,21,Attacking Midfield,Salford,"End of loanMay 31, 2017",in,0,Premier League,2016,2016/2017
Burnley FC,Alex Whitmore,21,Centre-Back,Morecambe FC,"End of loanMay 31, 2017",in,0,Premier League,2016,2016/2017
Burnley FC,Lukas Jutkiewicz,27,Centre-Forward,Birmingham,"End of loanJan 2, 2017",in,0,Premier League,2016,2016/2017
Burnley FC,Tom Anderson,23,Centre-Back,Chesterfield FC,"End of loanMay 31, 2017",in,0,Premier League,2016,2016/2017
Burnley FC,Ntumba Massanka,20,Centre-Forward,Wrexham,"End of loanMay 31, 2017",in,0,Premier League,2016,2016/2017
Burnley FC,Michael Kightly,31,Left Winger,Burton Albion,"End of loanMay 31, 2017",in,0,Premier League,2016,2016/2017
Burnley FC,Chris Long,21,Centre-Forward,Fleetwood,"End of loanJan 29, 2017",in,0,Premier League,2016,2016/2017
Burnley FC,Joey Barton,34,Central Midfield,Without Club,-,in,0,Premier League,2016,2016/2017
Burnley FC,Ntumba Massanka,19,Centre-Forward,Burnley U23,-,in,0,Premier League,2016,2016/2017
Burnley FC,Luke Hendrie,22,Right-Back,Kilmarnock FC,"End of loanMay 31, 2017",in,0,Premier League,2016,2016/2017
Burnley FC,Fredrik Ulvestad,25,Central Midfield,Charlton,"End of loanMay 31, 2017",in,0,Premier League,2016,2016/2017
Burnley FC,Chris Long,22,Centre-Forward,Bolton,"End of loanMay 31, 2017",in,0,Premier League,2016,2016/2017
Burnley FC,Aiden O'Neill,18,Central Midfield,Oldham Athletic,"End of loanMay 31, 2017",in,0,Premier League,2016,2016/2017
Burnley FC,Ntumba Massanka,20,Centre-Forward,Morecambe FC,"End of loanJan 3, 2017",in,0,Premier League,2016,2016/2017
Burnley FC,Aiden O'Neill,17,Central Midfield,Burnley U18,-,in,0,Premier League,2016,2016/2017
Burnley FC,Luke Conlan,21,Left-Back,Morecambe FC,"End of loanJun 30, 2016",in,0,Premier League,2016,2016/2017
Burnley FC,Lukas Jutkiewicz,27,Centre-Forward,Birmingham,£1.08m,out,1.08,Premier League,2016,2016/2017
Burnley FC,George Green,21,Attacking Midfield,Salford,Loan,out,0,Premier League,2016,2016/2017
Burnley FC,Matt Gilks,34,Goalkeeper,Rangers,Free Transfer,out,0,Premier League,2016,2016/2017
Burnley FC,Luke Conlan,21,Left-Back,Morecambe FC,Free Transfer,out,0,Premier League,2016,2016/2017
Burnley FC,George Green,20,Attacking Midfield,Kilmarnock FC,Loan,out,0,Premier League,2016,2016/2017
Burnley FC,Danny Lafferty,27,Left-Back,Sheffield Utd.,Free Transfer,out,0,Premier League,2016,2016/2017
Burnley FC,Tom Anderson,22,Centre-Back,Chesterfield FC,Loan,out,0,Premier League,2016,2016/2017
Burnley FC,Ntumba Massanka,19,Centre-Forward,Morecambe FC,Loan,out,0,Premier League,2016,2016/2017
Burnley FC,Joey Barton,33,Central Midfield,Rangers,Free Transfer,out,0,Premier League,2016,2016/2017
Burnley FC,Matthew Taylor,34,Left Midfield,Northampt. Town,Free Transfer,out,0,Premier League,2016,2016/2017
Burnley FC,Ntumba Massanka,20,Centre-Forward,Wrexham,Loan,out,0,Premier League,2016,2016/2017
Burnley FC,David Jones,31,Central Midfield,Sheff Wed,Free Transfer,out,0,Premier League,2016,2016/2017
Burnley FC,Lloyd Dyer,33,Left Midfield,Burton Albion,Free Transfer,out,0,Premier League,2016,2016/2017
Burnley FC,Alex Whitmore,20,Centre-Back,Morecambe FC,Loan,out,0,Premier League,2016,2016/2017
Burnley FC,Rouwen Hennings,28,Centre-Forward,F. Düsseldorf,Loan,out,0,Premier League,2016,2016/2017
Burnley FC,Aiden O'Neill,18,Central Midfield,Oldham Athletic,Loan,out,0,Premier League,2016,2016/2017
Burnley FC,Danny Lafferty,27,Left-Back,Sheffield Utd.,Loan,out,0,Premier League,2016,2016/2017
Burnley FC,Luke Hendrie,21,Right-Back,Kilmarnock FC,Loan,out,0,Premier League,2016,2016/2017
Burnley FC,Michael Kightly,31,Left Winger,Burton Albion,Loan,out,0,Premier League,2016,2016/2017
Burnley FC,Chris Long,21,Centre-Forward,Bolton,Loan,out,0,Premier League,2016,2016/2017
Burnley FC,Lukas Jutkiewicz,27,Centre-Forward,Birmingham,Loan,out,0,Premier League,2016,2016/2017
Burnley FC,Fredrik Ulvestad,24,Central Midfield,Charlton,Loan,out,0,Premier League,2016,2016/2017
Burnley FC,Chris Long,21,Centre-Forward,Fleetwood,Loan,out,0,Premier League,2016,2016/2017
Burnley FC,Patrick Bamford,23,Centre-Forward,Chelsea,"End of loanJan 14, 2017",out,0,Premier League,2016,2016/2017
Burnley FC,Michael Duff,38,Centre-Back,Retired,-,out,0,Premier League,2016,2016/2017
Burnley FC,Jon Flanagan,24,Right-Back,Liverpool,"End of loanMay 31, 2017",out,0,Premier League,2016,2016/2017
Middlesbrough FC,Marten de Roon,25,Central Midfield,Atalanta,£9.45m,in,9.45,Premier League,2016,2016/2017
Middlesbrough FC,Adama Traoré,20,Right Winger,Aston Villa,£7.43m,in,7.43,Premier League,2016,2016/2017
Middlesbrough FC,Rudy Gestede,28,Centre-Forward,Aston Villa,£6.39m,in,6.39,Premier League,2016,2016/2017
Middlesbrough FC,Patrick Bamford,23,Centre-Forward,Chelsea,£6.21m,in,6.21,Premier League,2016,2016/2017
Middlesbrough FC,Adlène Guédioura,31,Central Midfield,Watford,£4.68m,in,4.68,Premier League,2016,2016/2017
Middlesbrough FC,Viktor Fischer,22,Left Winger,Ajax,£4.50m,in,4.5,Premier League,2016,2016/2017
Middlesbrough FC,Antonio Barragán,29,Right-Back,Valencia,£2.43m,in,2.43,Premier League,2016,2016/2017
Middlesbrough FC,Fábio,26,Right-Back,Cardiff,£2.07m,in,2.07,Premier League,2016,2016/2017
Middlesbrough FC,Gastón Ramírez,25,Attacking Midfield,Southampton,Free Transfer,in,0,Premier League,2016,2016/2017
Middlesbrough FC,Bernardo Espinosa,26,Centre-Back,Sporting Gijón,Free Transfer,in,0,Premier League,2016,2016/2017
Middlesbrough FC,Brad Guzan,31,Goalkeeper,Aston Villa,Free Transfer,in,0,Premier League,2016,2016/2017
Middlesbrough FC,Víctor Valdés,34,Goalkeeper,Man Utd,Free Transfer,in,0,Premier League,2016,2016/2017
Middlesbrough FC,Álvaro Negredo,30,Centre-Forward,Valencia,Loan,in,0,Premier League,2016,2016/2017
Middlesbrough FC,Calum Chambers,21,Centre-Back,Arsenal,Loan,in,0,Premier League,2016,2016/2017
Middlesbrough FC,Dael Fry,19,Centre-Back,Rotherham,"End of loanJan 4, 2017",in,0,Premier League,2016,2016/2017
Middlesbrough FC,Julien de Sart,22,Defensive Midfield,Derby,"End of loanMay 31, 2017",in,0,Premier League,2016,2016/2017
Middlesbrough FC,Alex Baptiste,31,Right-Back,Preston NE,"End of loanMay 31, 2017",in,0,Premier League,2016,2016/2017
Middlesbrough FC,Connor Ripley,24,Goalkeeper,Oldham Athletic,"End of loanMay 31, 2017",in,0,Premier League,2016,2016/2017
Middlesbrough FC,Adam Reach,23,Left Midfield,Sheff Wed,£5.31m,out,5.31,Premier League,2016,2016/2017
Middlesbrough FC,Albert Adomah,28,Right Winger,Aston Villa,£3.15m,out,3.15,Premier League,2016,2016/2017
Middlesbrough FC,David Nugent,31,Centre-Forward,Derby,£2.61m,out,2.61,Premier League,2016,2016/2017
Middlesbrough FC,Emilio Nsue,27,Right-Back,Birmingham,£1.08m,out,1.08,Premier League,2016,2016/2017
Middlesbrough FC,Rhys Williams,27,Centre-Back,Perth Glory,Free Transfer,out,0,Premier League,2016,2016/2017
Middlesbrough FC,Adam Jackson,22,Centre-Back,Barnsley FC,Free Transfer,out,0,Premier League,2016,2016/2017
Middlesbrough FC,Connor Ripley,23,Goalkeeper,Oldham Athletic,Loan,out,0,Premier League,2016,2016/2017
Middlesbrough FC,Bryn Morris,20,Defensive Midfield,Shrewsbury,Free Transfer,out,0,Premier League,2016,2016/2017
Middlesbrough FC,Mustapha Carayol,27,Right Winger,Nottm Forest,Free Transfer,out,0,Premier League,2016,2016/2017
Middlesbrough FC,Tomás Mejías,27,Goalkeeper,Rayo Vallecano,Loan,out,0,Premier League,2016,2016/2017
Middlesbrough FC,Jordan Rhodes,26,Centre-Forward,Sheff Wed,Loan,out,0,Premier League,2016,2016/2017
Middlesbrough FC,Alex Baptiste,30,Right-Back,Preston NE,Loan,out,0,Premier League,2016,2016/2017
Middlesbrough FC,Carlos de Pena,24,Left Winger,Real Oviedo,Loan,out,0,Premier League,2016,2016/2017
Middlesbrough FC,Julien de Sart,22,Defensive Midfield,Derby,Loan,out,0,Premier League,2016,2016/2017
Middlesbrough FC,Dael Fry,19,Centre-Back,Rotherham,Loan,out,0,Premier League,2016,2016/2017
Middlesbrough FC,Joao Morelli,20,Attacking Midfield,Levadia,Loan,out,0,Premier League,2016,2016/2017
Middlesbrough FC,Calum Chambers,22,Centre-Back,Arsenal,"End of loanMay 31, 2017",out,0,Premier League,2016,2016/2017
Middlesbrough FC,Jonathan Woodgate,36,Centre-Back,Retired,-,out,0,Premier League,2016,2016/2017
Middlesbrough FC,Michael Agazzi,31,Goalkeeper,AC Milan,"End of loanJun 30, 2016",out,0,Premier League,2016,2016/2017
Middlesbrough FC,Kike Sola,30,Centre-Forward,Athletic,"End of loanJun 30, 2016",out,0,Premier League,2016,2016/2017
Hull City,Ryan Mason,25,Central Midfield,Spurs,£13.86m,in,13.86,Premier League,2016,2016/2017
Hull City,Kamil Grosicki,28,Left Winger,Stade Rennais,£8.10m,in,8.1,Premier League,2016,2016/2017
Hull City,Markus Henriksen,24,Central Midfield,AZ Alkmaar,£4.77m,in,4.77,Premier League,2016,2016/2017
Hull City,David Marshall,31,Goalkeeper,Cardiff,£3.69m,in,3.69,Premier League,2016,2016/2017
Hull City,Evandro,30,Attacking Midfield,FC Porto,£2.25m,in,2.25,Premier League,2016,2016/2017
Hull City,Andrea Ranocchia,28,Centre-Back,Inter,Loan fee:£1.17m,in,1.17,Premier League,2016,2016/2017
Hull City,Will Keane,23,Centre-Forward,Man Utd,£1.08m,in,1.08,Premier League,2016,2016/2017
Hull City,Omar Elabdellaoui,25,Right-Back,Olympiacos,Loan fee:£900k,in,0.9,Premier League,2016,2016/2017
Hull City,James Weir,21,Left Midfield,Man Utd U23,£180k,in,0.18,Premier League,2016,2016/2017
Hull City,Jonathan Edwards,19,Centre-Forward,Peterborough,Free Transfer,in,0,Premier League,2016,2016/2017
Hull City,Alfred N'Diaye,26,Defensive Midfield,Villarreal,Loan,in,0,Premier League,2016,2016/2017
Hull City,Dieumerci Mbokani,30,Centre-Forward,Dynamo Kyiv,Loan,in,0,Premier League,2016,2016/2017
Hull City,Oumar Niasse,26,Centre-Forward,Everton,Loan,in,0,Premier League,2016,2016/2017
Hull City,Lazar Markovic,22,Right Winger,Liverpool,Loan,in,0,Premier League,2016,2016/2017
Hull City,Markus Henriksen,24,Central Midfield,AZ Alkmaar,Loan,in,0,Premier League,2016,2016/2017
Hull City,Josh Tymon,17,Left-Back,Hull U18,-,in,0,Premier League,2016,2016/2017
Hull City,Johan Ter Horst,22,Forward,York City,"End of loanMay 31, 2017",in,0,Premier League,2016,2016/2017
Hull City,Alex Bruce,32,Centre-Back,Wigan,"End of loanMay 31, 2017",in,0,Premier League,2016,2016/2017
Hull City,Jarrod Bowen,19,Right Winger,Hull U18,-,in,0,Premier League,2016,2016/2017
Hull City,Jonathan Edwards,20,Centre-Forward,Accrington,"End of loanMay 31, 2017",in,0,Premier League,2016,2016/2017
Hull City,James Weir,21,Left Midfield,Wigan,"End of loanMay 31, 2017",in,0,Premier League,2016,2016/2017
Hull City,Greg Olley,20,Right Midfield,Hull U23,-,in,0,Premier League,2016,2016/2017
Hull City,Allan McGregor,35,Goalkeeper,Cardiff,"End of loanMay 31, 2017",in,0,Premier League,2016,2016/2017
Hull City,Josh Clackstone,20,Right-Back,Notts County,"End of loanMay 31, 2017",in,0,Premier League,2016,2016/2017
Hull City,Calaum Jahraldo-Martin,23,Right Winger,Leyton Orient,"End of loanJun 30, 2016",in,0,Premier League,2016,2016/2017
Hull City,Robert Snodgrass,29,Right Winger,West Ham,£10.80m,out,10.8,Premier League,2016,2016/2017
Hull City,Jake Livermore,27,Defensive Midfield,West Brom,£10.35m,out,10.35,Premier League,2016,2016/2017
Hull City,Mohamed Diamé,29,Central Midfield,Newcastle,£4.86m,out,4.86,Premier League,2016,2016/2017
Hull City,Jonathan Edwards,20,Centre-Forward,Accrington,Loan,out,0,Premier League,2016,2016/2017
Hull City,Sone Aluko,27,Second Striker,Fulham,Free Transfer,out,0,Premier League,2016,2016/2017
Hull City,Dusan Kuciak,31,Goalkeeper,Lechia Gdansk,Free Transfer,out,0,Premier League,2016,2016/2017
Hull City,Calaum Jahraldo-Martin,23,Right Winger,Oldham Athletic,Free Transfer,out,0,Premier League,2016,2016/2017
Hull City,Johan Ter Horst,21,Forward,York City,Loan,out,0,Premier League,2016,2016/2017
Hull City,Josh Clackstone,20,Right-Back,Notts County,Loan,out,0,Premier League,2016,2016/2017
Hull City,Alex Bruce,32,Centre-Back,Wigan,Loan,out,0,Premier League,2016,2016/2017
Hull City,Allan McGregor,34,Goalkeeper,Cardiff,Loan,out,0,Premier League,2016,2016/2017
Hull City,James Weir,21,Left Midfield,Wigan,Loan,out,0,Premier League,2016,2016/2017
Hull City,Oumar Niasse,27,Centre-Forward,Everton,"End of loanMay 31, 2017",out,0,Premier League,2016,2016/2017
Hull City,Markus Henriksen,24,Central Midfield,AZ Alkmaar,"End of loanJan 5, 2017",out,0,Premier League,2016,2016/2017
Hull City,Ryan Taylor,31,Right-Back,Without Club,-,out,0,Premier League,2016,2016/2017
Hull City,Lazar Markovic,23,Right Winger,Liverpool,"End of loanMay 31, 2017",out,0,Premier League,2016,2016/2017
