club_name,player_name,age,position,club_involved_name,fee,transfer_movement,fee_cleaned,league_name,year,season
Paris Saint-Germain,Julian Draxler,23,Attacking Midfield,VfL Wolfsburg,£32.40m,in,32.4,Ligue 1,2016,2016/2017
Paris Saint-Germain,Gonçalo Guedes,20,Left Winger,Benfica,£27.00m,in,27,Ligue 1,2016,2016/2017
Paris Saint-Germain,Grzegorz Krychowiak,26,Defensive Midfield,Sevilla FC,£24.75m,in,24.75,Ligue 1,2016,2016/2017
Paris Saint-Germain,Jesé,23,Centre-Forward,Real Madrid,£22.50m,in,22.5,Ligue 1,2016,2016/2017
Paris Saint-Germain,Giovani Lo Celso,20,Central Midfield,CA Rosario,£9.00m,in,9,Ligue 1,2016,2016/2017
Paris Saint-Germain,Thomas Meunier,24,Right-Back,Club Brugge,£5.40m,in,5.4,Ligue 1,2016,2016/2017
Paris Saint-Germain,Hatem Ben Arfa,29,Attacking Midfield,OGC Nice,Free Transfer,in,0,Ligue 1,2016,2016/2017
Paris Saint-Germain,Jonathan Ikoné,18,Attacking Midfield,Paris SG U19,-,in,0,Ligue 1,2016,2016/2017
Paris Saint-Germain,Odsonne Edouard,19,Centre-Forward,Toulouse,"End of loanApr 4, 2017",in,0,Ligue 1,2016,2016/2017
Paris Saint-Germain,Odsonne Edouard,18,Centre-Forward,Paris SG B,-,in,0,Ligue 1,2016,2016/2017
Paris Saint-Germain,Salvatore Sirigu,30,Goalkeeper,Sevilla FC,"End of loanJan 30, 2017",in,0,Ligue 1,2016,2016/2017
Paris Saint-Germain,Giovani Lo Celso,20,Central Midfield,CA Rosario,"End of loanDec 31, 2016",in,0,Ligue 1,2016,2016/2017
Paris Saint-Germain,Alphonse Areola,23,Goalkeeper,Villarreal,"End of loanJun 30, 2016",in,0,Ligue 1,2016,2016/2017
Paris Saint-Germain,Youssouf Sabaly,23,Right-Back,FC Nantes,"End of loanJun 30, 2016",in,0,Ligue 1,2016,2016/2017
Paris Saint-Germain,Lucas Digne,22,Left-Back,AS Roma,"End of loanJun 30, 2016",in,0,Ligue 1,2016,2016/2017
Paris Saint-Germain,Jean-Christophe Bahebeck,23,Centre-Forward,Saint-Étienne,"End of loanJun 30, 2016",in,0,Ligue 1,2016,2016/2017
Paris Saint-Germain,David Luiz,29,Centre-Back,Chelsea,£31.50m,out,31.5,Ligue 1,2016,2016/2017
Paris Saint-Germain,Lucas Digne,22,Left-Back,FC Barcelona,£14.85m,out,14.85,Ligue 1,2016,2016/2017
Paris Saint-Germain,Benjamin Stambouli,26,Centre-Back,FC Schalke 04,£7.20m,out,7.2,Ligue 1,2016,2016/2017
Paris Saint-Germain,Hervin Ongenda,21,Second Striker,PEC Zwolle,£270k,out,0.27,Ligue 1,2016,2016/2017
Paris Saint-Germain,Jonathan Ikoné,18,Attacking Midfield,Montpellier,Loan,out,0,Ligue 1,2016,2016/2017
Paris Saint-Germain,Nicolas Douchez,36,Goalkeeper,Lens,Free Transfer,out,0,Ligue 1,2016,2016/2017
Paris Saint-Germain,Youssouf Sabaly,23,Right-Back,G. Bordeaux,Loan,out,0,Ligue 1,2016,2016/2017
Paris Saint-Germain,Zlatan Ibrahimovic,34,Centre-Forward,Man Utd,Free Transfer,out,0,Ligue 1,2016,2016/2017
Paris Saint-Germain,Giovani Lo Celso,20,Central Midfield,CA Rosario,Loan,out,0,Ligue 1,2016,2016/2017
Paris Saint-Germain,Gregory van der Wiel,28,Right-Back,Fenerbahce,Free Transfer,out,0,Ligue 1,2016,2016/2017
Paris Saint-Germain,Odsonne Edouard,18,Centre-Forward,Toulouse,Loan,out,0,Ligue 1,2016,2016/2017
Paris Saint-Germain,Salvatore Sirigu,30,Goalkeeper,CA Osasuna,Loan,out,0,Ligue 1,2016,2016/2017
Paris Saint-Germain,Salvatore Sirigu,29,Goalkeeper,Sevilla FC,Loan,out,0,Ligue 1,2016,2016/2017
Paris Saint-Germain,Jesé,23,Centre-Forward,UD Las Palmas,Loan,out,0,Ligue 1,2016,2016/2017
Paris Saint-Germain,Jean-Christophe Bahebeck,23,Centre-Forward,Pescara,Loan,out,0,Ligue 1,2016,2016/2017
Olympique Lyon,Memphis Depay,22,Centre-Forward,Man Utd,£14.40m,in,14.4,Ligue 1,2016,2016/2017
Olympique Lyon,Emanuel Mammana,20,Centre-Back,River Plate,£7.65m,in,7.65,Ligue 1,2016,2016/2017
Olympique Lyon,Jean-Philippe Mateta,19,Centre-Forward,LB Châteauroux,£3.69m,in,3.69,Ligue 1,2016,2016/2017
Olympique Lyon,Nicolas N'Koulou,26,Centre-Back,Marseille,Free Transfer,in,0,Ligue 1,2016,2016/2017
Olympique Lyon,Maciej Rybus,26,Left-Back,Terek Grozny,Free Transfer,in,0,Ligue 1,2016,2016/2017
Olympique Lyon,Gaëtan Perrin,20,Right Midfield,Olymp. Lyon B,-,in,0,Ligue 1,2016,2016/2017
Olympique Lyon,Romain Del Castillo,20,Right Winger,Olymp. Lyon B,-,in,0,Ligue 1,2016,2016/2017
Olympique Lyon,Mouctar Diakhaby,19,Centre-Back,Olymp. Lyon B,-,in,0,Ligue 1,2016,2016/2017
Olympique Lyon,Elisha Owusu,19,Defensive Midfield,Olymp. Lyon B,-,in,0,Ligue 1,2016,2016/2017
Olympique Lyon,Houssem Aouar,18,Central Midfield,Olymp. Lyon U19,-,in,0,Ligue 1,2016,2016/2017
Olympique Lyon,Jordy Gaspar,19,Right-Back,Olymp. Lyon B,-,in,0,Ligue 1,2016,2016/2017
Olympique Lyon,Louis Nganioni,21,Left-Back,FC Utrecht,"End of loanJun 30, 2016",in,0,Ligue 1,2016,2016/2017
Olympique Lyon,Samuel Umtiti,22,Centre-Back,FC Barcelona,£22.50m,out,22.5,Ligue 1,2016,2016/2017
Olympique Lyon,Lindsay Rose,24,Centre-Back,FC Lorient,£1.35m,out,1.35,Ligue 1,2016,2016/2017
Olympique Lyon,Bakary Koné,28,Centre-Back,Málaga CF,£720k,out,0.72,Ligue 1,2016,2016/2017
Olympique Lyon,Romain Del Castillo,20,Right Winger,Bourg-en-Bresse,Loan,out,0,Ligue 1,2016,2016/2017
Olympique Lyon,Steed Malbranque,36,Central Midfield,SM Caen,Free Transfer,out,0,Ligue 1,2016,2016/2017
Olympique Lyon,Zakarie Labidi,21,Attacking Midfield,Stade Brest 29,Free Transfer,out,0,Ligue 1,2016,2016/2017
Olympique Lyon,Olivier Kemen,20,Central Midfield,G. Ajaccio,Loan,out,0,Ligue 1,2016,2016/2017
Olympique Lyon,Henri Bedimo,32,Left-Back,Marseille,Free Transfer,out,0,Ligue 1,2016,2016/2017
Olympique Lyon,Louis Nganioni,21,Left-Back,Stade Brest 29,Loan,out,0,Ligue 1,2016,2016/2017
Olympique Lyon,Aldo Kalulu,20,Right Winger,Stade Rennais,Loan,out,0,Ligue 1,2016,2016/2017
Olympique Lyon,Clément Grenier,26,Central Midfield,AS Roma,Loan,out,0,Ligue 1,2016,2016/2017
Olympique Lyon,Arnold Mvuemba,31,Defensive Midfield,Without Club,-,out,0,Ligue 1,2016,2016/2017
Olympique Lyon,Gueïda Fofana,25,Defensive Midfield,Retired,-,out,0,Ligue 1,2016,2016/2017
AS Monaco,Djibril Sidibé,23,Right-Back,LOSC Lille,£13.50m,in,13.5,Ligue 1,2016,2016/2017
AS Monaco,Benjamin Mendy,21,Left-Back,Marseille,£11.70m,in,11.7,Ligue 1,2016,2016/2017
AS Monaco,Kamil Glik,28,Centre-Back,Torino,£9.90m,in,9.9,Ligue 1,2016,2016/2017
AS Monaco,Jorge,20,Left-Back,Flamengo,£7.65m,in,7.65,Ligue 1,2016,2016/2017
AS Monaco,Youssef Aït Bennasser,19,Central Midfield,AS Nancy,£2.70m,in,2.7,Ligue 1,2016,2016/2017
AS Monaco,Morgan De Sanctis,39,Goalkeeper,AS Roma,Free Transfer,in,0,Ligue 1,2016,2016/2017
AS Monaco,Lacina Traoré,26,Centre-Forward,CSKA Moscow,"End of loanJan 30, 2017",in,0,Ligue 1,2016,2016/2017
AS Monaco,Loïc Badiashile,18,Goalkeeper,Monaco U19,-,in,0,Ligue 1,2016,2016/2017
AS Monaco,Farès Bahlouli,21,Attacking Midfield,Standard Liège,"End of loanJan 4, 2017",in,0,Ligue 1,2016,2016/2017
AS Monaco,Paul Nardi,22,Goalkeeper,Stade Rennais,"End of loanDec 31, 2016",in,0,Ligue 1,2016,2016/2017
AS Monaco,Elderson,28,Left-Back,Standard Liège,"End of loanJan 16, 2017",in,0,Ligue 1,2016,2016/2017
AS Monaco,Kévin N'Doram,20,Defensive Midfield,Monaco B,-,in,0,Ligue 1,2016,2016/2017
AS Monaco,Gil Dias,19,Right Winger,Varzim,"End of loanJun 30, 2016",in,0,Ligue 1,2016,2016/2017
AS Monaco,Jessy Pi,22,Defensive Midfield,Troyes,"End of loanJun 30, 2016",in,0,Ligue 1,2016,2016/2017
AS Monaco,Corentin Jean,20,Right Winger,Troyes,"End of loanJun 30, 2016",in,0,Ligue 1,2016,2016/2017
AS Monaco,Delvin N'Dinga,28,Defensive Midfield,Loko Moscow,"End of loanJun 30, 2016",in,0,Ligue 1,2016,2016/2017
AS Monaco,Edgar Salli,23,Right Winger,FC St. Gallen,"End of loanJun 30, 2016",in,0,Ligue 1,2016,2016/2017
AS Monaco,Abdou Diallo,20,Centre-Back,Zulte Waregem,"End of loanJun 30, 2016",in,0,Ligue 1,2016,2016/2017
AS Monaco,Valère Germain,26,Centre-Forward,OGC Nice,"End of loanJun 30, 2016",in,0,Ligue 1,2016,2016/2017
AS Monaco,Allan Saint-Maximin,19,Right Winger,Hannover 96,"End of loanJun 30, 2016",in,0,Ligue 1,2016,2016/2017
AS Monaco,Gabriel Boschilia,20,Attacking Midfield,Standard Liège,"End of loanJun 30, 2016",in,0,Ligue 1,2016,2016/2017
AS Monaco,Marcel Tisserand,23,Centre-Back,Toulouse,"End of loanJun 30, 2016",in,0,Ligue 1,2016,2016/2017
AS Monaco,Falcao,30,Centre-Forward,Chelsea,"End of loanJun 30, 2016",in,0,Ligue 1,2016,2016/2017
AS Monaco,Dylan Bahamboula,21,Attacking Midfield,Paris FC,"End of loanJun 30, 2016",in,0,Ligue 1,2016,2016/2017
AS Monaco,Ivan Cavaleiro,22,Right Winger,Wolves,£7.20m,out,7.2,Ligue 1,2016,2016/2017
AS Monaco,Farès Bahlouli,21,Attacking Midfield,LOSC Lille,£3.15m,out,3.15,Ligue 1,2016,2016/2017
AS Monaco,Marcel Tisserand,23,Centre-Back,FC Ingolstadt,£3.15m,out,3.15,Ligue 1,2016,2016/2017
AS Monaco,Delvin N'Dinga,28,Defensive Midfield,Loko Moscow,£2.25m,out,2.25,Ligue 1,2016,2016/2017
AS Monaco,Jessy Pi,22,Defensive Midfield,Toulouse,£630k,out,0.63,Ligue 1,2016,2016/2017
AS Monaco,Elderson,28,Left-Back,Standard Liège,Loan fee:£225k,out,0.225,Ligue 1,2016,2016/2017
AS Monaco,Dylan Bahamboula,21,Attacking Midfield,Dijon,Free Transfer,out,0,Ligue 1,2016,2016/2017
AS Monaco,Edgar Salli,23,Right Winger,1.FC Nuremberg,Free Transfer,out,0,Ligue 1,2016,2016/2017
AS Monaco,Corentin Jean,21,Right Winger,Toulouse,Loan,out,0,Ligue 1,2016,2016/2017
AS Monaco,Vágner Love,32,Centre-Forward,Alanyaspor,Free Transfer,out,0,Ligue 1,2016,2016/2017
AS Monaco,Adama Traoré,21,Central Midfield,Rio Ave FC,Loan,out,0,Ligue 1,2016,2016/2017
AS Monaco,Raphaël Diarra,21,Centre-Back,Cercle Brugge,Loan,out,0,Ligue 1,2016,2016/2017
AS Monaco,Farès Bahlouli,21,Attacking Midfield,Standard Liège,Loan,out,0,Ligue 1,2016,2016/2017
AS Monaco,Youssef Aït Bennasser,19,Central Midfield,AS Nancy,Loan,out,0,Ligue 1,2016,2016/2017
AS Monaco,Jonathan Mexique,21,Central Midfield,Red Star FC,Loan,out,0,Ligue 1,2016,2016/2017
AS Monaco,Jérémy Toulalan,32,Defensive Midfield,G. Bordeaux,Free Transfer,out,0,Ligue 1,2016,2016/2017
AS Monaco,Gil Dias,19,Right Winger,Rio Ave FC,Loan,out,0,Ligue 1,2016,2016/2017
AS Monaco,Paul Nardi,22,Goalkeeper,Stade Rennais,Loan,out,0,Ligue 1,2016,2016/2017
AS Monaco,Lacina Traoré,26,Centre-Forward,CSKA Moscow,Loan,out,0,Ligue 1,2016,2016/2017
AS Monaco,Paul Nardi,22,Goalkeeper,Cercle Brugge,Loan,out,0,Ligue 1,2016,2016/2017
AS Monaco,Allan Saint-Maximin,19,Right Winger,SC Bastia,Loan,out,0,Ligue 1,2016,2016/2017
AS Monaco,Lacina Traoré,26,Centre-Forward,Sporting Gijón,Loan,out,0,Ligue 1,2016,2016/2017
AS Monaco,Elderson,29,Left-Back,Sporting Gijón,Loan,out,0,Ligue 1,2016,2016/2017
AS Monaco,Ricardo Carvalho,38,Centre-Back,Without Club,-,out,0,Ligue 1,2016,2016/2017
AS Monaco,Abdou Aziz Thiam,19,Defensive Midfield,Without Club,-,out,0,Ligue 1,2016,2016/2017
AS Monaco,Mario Pasalic,21,Central Midfield,Chelsea,"End of loanJun 30, 2016",out,0,Ligue 1,2016,2016/2017
AS Monaco,Wallace,21,Centre-Back,Braga,"End of loanJun 30, 2016",out,0,Ligue 1,2016,2016/2017
AS Monaco,Fábio Coentrão,28,Left-Back,Real Madrid,"End of loanJun 30, 2016",out,0,Ligue 1,2016,2016/2017
AS Monaco,Hélder Costa,22,Right Winger,Benfica,"End of loanJun 30, 2016",out,0,Ligue 1,2016,2016/2017
OGC Nice,Wylan Cyprien,21,Central Midfield,Lens,£4.50m,in,4.5,Ligue 1,2016,2016/2017
OGC Nice,Dante,32,Centre-Back,VfL Wolfsburg,£2.25m,in,2.25,Ligue 1,2016,2016/2017
OGC Nice,Arnaud Lusamba,19,Central Midfield,AS Nancy,£2.25m,in,2.25,Ligue 1,2016,2016/2017
OGC Nice,Dalbert,22,Left-Back,Vit. Guimarães,£1.80m,in,1.8,Ligue 1,2016,2016/2017
OGC Nice,Bassem Srarfi,19,Right Winger,Club Africain,£1.35m,in,1.35,Ligue 1,2016,2016/2017
OGC Nice,Arnaud Souquet,24,Right-Back,Dijon,£1.13m,in,1.13,Ligue 1,2016,2016/2017
OGC Nice,Paul Baysse,28,Centre-Back,Saint-Étienne,£450k,in,0.45,Ligue 1,2016,2016/2017
OGC Nice,Mario Balotelli,26,Centre-Forward,Liverpool,Free Transfer,in,0,Ligue 1,2016,2016/2017
OGC Nice,Mounir Obbadi,33,Central Midfield,LOSC Lille,Free Transfer,in,0,Ligue 1,2016,2016/2017
OGC Nice,Walter Benítez,23,Goalkeeper,Quilmes,Free Transfer,in,0,Ligue 1,2016,2016/2017
OGC Nice,Anastasios Donis,19,Centre-Forward,Juventus,Loan,in,0,Ligue 1,2016,2016/2017
OGC Nice,Younès Belhanda,26,Attacking Midfield,Dynamo Kyiv,Loan,in,0,Ligue 1,2016,2016/2017
OGC Nice,Malang Sarr,17,Centre-Back,Nizza U19,-,in,0,Ligue 1,2016,2016/2017
OGC Nice,Vincent Marcel,19,Right Midfield,OGC Nice B,-,in,0,Ligue 1,2016,2016/2017
OGC Nice,Patrick Burner,20,Right-Back,OGC Nice B,-,in,0,Ligue 1,2016,2016/2017
OGC Nice,Lucas Rougeaux,22,Centre-Back,US Boulogne,"End of loanJun 30, 2016",in,0,Ligue 1,2016,2016/2017
OGC Nice,Saïd Benrahma,20,Left Winger,SCO Angers,"End of loanJun 30, 2016",in,0,Ligue 1,2016,2016/2017
OGC Nice,Julien Vercauteren,23,Attacking Midfield,KVC Westerlo,"End of loanJun 30, 2016",in,0,Ligue 1,2016,2016/2017
OGC Nice,Albert Rafetraniaina,19,Defensive Midfield,Red Star FC,"End of loanJun 30, 2016",in,0,Ligue 1,2016,2016/2017
OGC Nice,Valentin Eysseric,24,Attacking Midfield,Saint-Étienne,"End of loanJun 30, 2016",in,0,Ligue 1,2016,2016/2017
OGC Nice,Bryan Constant,22,Centre-Forward,Fréjus-St-Raph.,"End of loanJun 30, 2016",in,0,Ligue 1,2016,2016/2017
OGC Nice,Nampalys Mendy,24,Defensive Midfield,Leicester,£13.95m,out,13.95,Ligue 1,2016,2016/2017
OGC Nice,Niklas Hult,26,Left-Back,Panathinaikos,£270k,out,0.27,Ligue 1,2016,2016/2017
OGC Nice,Kévin Gomis,27,Centre-Back,Dundee FC,Free Transfer,out,0,Ligue 1,2016,2016/2017
OGC Nice,Saïd Benrahma,21,Left Winger,G. Ajaccio,Loan,out,0,Ligue 1,2016,2016/2017
OGC Nice,Julien Vercauteren,24,Attacking Midfield,RNK Split,Free Transfer,out,0,Ligue 1,2016,2016/2017
OGC Nice,Alexandre Mendy,22,Centre-Forward,Guingamp,Free Transfer,out,0,Ligue 1,2016,2016/2017
OGC Nice,Jérémy Pied,27,Right-Back,Southampton,Free Transfer,out,0,Ligue 1,2016,2016/2017
OGC Nice,Dorian Caddy,21,Centre-Forward,Clermont Foot,Loan,out,0,Ligue 1,2016,2016/2017
OGC Nice,Stéphan Raheriharimanana,22,Central Midfield,Red Star FC,Free Transfer,out,0,Ligue 1,2016,2016/2017
OGC Nice,Franck Honorat,19,Right Midfield,FC Sochaux,Loan,out,0,Ligue 1,2016,2016/2017
OGC Nice,Mathieu Bodmer,34,Defensive Midfield,Guingamp,Free Transfer,out,0,Ligue 1,2016,2016/2017
OGC Nice,Hatem Ben Arfa,29,Attacking Midfield,Paris SG,Free Transfer,out,0,Ligue 1,2016,2016/2017
OGC Nice,Mouez Hassen,21,Goalkeeper,Southampton,Loan,out,0,Ligue 1,2016,2016/2017
OGC Nice,Romain Genevois,28,Centre-Back,SM Caen,?,out,NA,Ligue 1,2016,2016/2017
OGC Nice,Lucas Rougeaux,22,Centre-Back,KV Kortrijk,?,out,NA,Ligue 1,2016,2016/2017
OGC Nice,Mahamane Traoré,27,Central Midfield,Without Club,-,out,0,Ligue 1,2016,2016/2017
OGC Nice,Wallyson Mallmann,22,Defensive Midfield,Sporting CP,"End of loanJun 30, 2016",out,0,Ligue 1,2016,2016/2017
OGC Nice,Paul Baysse,28,Centre-Back,Saint-Étienne,"End of loanJun 30, 2016",out,0,Ligue 1,2016,2016/2017
OGC Nice,Valère Germain,26,Centre-Forward,Monaco,"End of loanJun 30, 2016",out,0,Ligue 1,2016,2016/2017
LOSC Lille,Anwar El Ghazi,21,Right Winger,Ajax,£6.30m,in,6.3,Ligue 1,2016,2016/2017
LOSC Lille,Éder,28,Centre-Forward,Swansea,£4.05m,in,4.05,Ligue 1,2016,2016/2017
LOSC Lille,Farès Bahlouli,21,Attacking Midfield,Monaco,£3.15m,in,3.15,Ligue 1,2016,2016/2017
LOSC Lille,Gabriel Magalhães,19,Centre-Back,Avaí FC,£2.70m,in,2.7,Ligue 1,2016,2016/2017
LOSC Lille,Júnior Alonso,23,Centre-Back,Cerro Porteño,£2.25m,in,2.25,Ligue 1,2016,2016/2017
LOSC Lille,Xeka,22,Defensive Midfield,Braga,Loan fee:£180k,in,0.18,Ligue 1,2016,2016/2017
LOSC Lille,Naïm Sliti,24,Left Winger,Red Star FC,Loan,in,0,Ligue 1,2016,2016/2017
LOSC Lille,Nicolas de Préville,25,Centre-Forward,KV Oostende,Loan,in,0,Ligue 1,2016,2016/2017
LOSC Lille,Julian Palmieri,29,Left-Back,SC Bastia,Free Transfer,in,0,Ligue 1,2016,2016/2017
LOSC Lille,Younousse Sankharé,26,Central Midfield,Guingamp,?,in,NA,Ligue 1,2016,2016/2017
LOSC Lille,Ricardo Kishna,22,Left Winger,Lazio,Loan,in,0,Ligue 1,2016,2016/2017
LOSC Lille,Stoppila Sunzu,27,Centre-Back,SH Shenhua,?,in,NA,Ligue 1,2016,2016/2017
LOSC Lille,Yves Bissouma,19,Central Midfield,LOSC Lille B,-,in,0,Ligue 1,2016,2016/2017
LOSC Lille,Kevin Koubemba,23,Right Winger,Stade Brest 29,"End of loanJun 30, 2016",in,0,Ligue 1,2016,2016/2017
LOSC Lille,Julian Jeanvier,24,Centre-Back,Red Star FC,"End of loanJun 30, 2016",in,0,Ligue 1,2016,2016/2017
LOSC Lille,Alexis Araujo,19,Attacking Midfield,US Boulogne,"End of loanJun 30, 2016",in,0,Ligue 1,2016,2016/2017
LOSC Lille,Ronny Rodelin,26,Right Winger,SM Caen,"End of loanJun 30, 2016",in,0,Ligue 1,2016,2016/2017
LOSC Lille,Serhou Guirassy,20,Centre-Forward,AJ Auxerre,"End of loanJun 30, 2016",in,0,Ligue 1,2016,2016/2017
LOSC Lille,John Jairo Ruiz,22,Left Winger,Dnipro,"End of loanJun 30, 2016",in,0,Ligue 1,2016,2016/2017
LOSC Lille,Ryan Mendes,26,Left Winger,Nottm Forest,"End of loanJun 30, 2016",in,0,Ligue 1,2016,2016/2017
LOSC Lille,Michael Frey,21,Centre-Forward,FC Luzern,"End of loanJun 30, 2016",in,0,Ligue 1,2016,2016/2017
LOSC Lille,Sofiane Boufal,22,Attacking Midfield,Southampton,£16.83m,out,16.83,Ligue 1,2016,2016/2017
LOSC Lille,Djibril Sidibé,23,Right-Back,Monaco,£13.50m,out,13.5,Ligue 1,2016,2016/2017
LOSC Lille,Benjamin Pavard,20,Centre-Back,VfB Stuttgart,£4.50m,out,4.5,Ligue 1,2016,2016/2017
LOSC Lille,Serhou Guirassy,20,Centre-Forward,1. FC Köln,£3.42m,out,3.42,Ligue 1,2016,2016/2017
LOSC Lille,Younousse Sankharé,27,Central Midfield,G. Bordeaux,£2.70m,out,2.7,Ligue 1,2016,2016/2017
LOSC Lille,Ronny Rodelin,26,Right Winger,SM Caen,£900k,out,0.9,Ligue 1,2016,2016/2017
LOSC Lille,Michael Frey,21,Centre-Forward,BSC Young Boys,£450k,out,0.45,Ligue 1,2016,2016/2017
LOSC Lille,Renato Civelli,33,Centre-Back,CA Banfield,Free Transfer,out,0,Ligue 1,2016,2016/2017
LOSC Lille,Stoppila Sunzu,27,Centre-Back,Arsenal Tula,Loan,out,0,Ligue 1,2016,2016/2017
LOSC Lille,John Jairo Ruiz,22,Left Winger,Red Star,Free Transfer,out,0,Ligue 1,2016,2016/2017
LOSC Lille,Baptiste Guillaume,21,Centre-Forward,R. Strasbourg,Loan,out,0,Ligue 1,2016,2016/2017
LOSC Lille,Marvin Martin,28,Attacking Midfield,Dijon,Loan,out,0,Ligue 1,2016,2016/2017
LOSC Lille,Mounir Obbadi,33,Central Midfield,OGC Nice,Free Transfer,out,0,Ligue 1,2016,2016/2017
LOSC Lille,Morgan Amalfitano,31,Right Winger,Stade Rennais,Free Transfer,out,0,Ligue 1,2016,2016/2017
LOSC Lille,Steeve Elana,35,Goalkeeper,G. Ajaccio,Free Transfer,out,0,Ligue 1,2016,2016/2017
LOSC Lille,Julian Jeanvier,24,Centre-Back,Reims,Free Transfer,out,0,Ligue 1,2016,2016/2017
LOSC Lille,Florent Balmont,36,Central Midfield,Dijon,Free Transfer,out,0,Ligue 1,2016,2016/2017
LOSC Lille,Alexis Araujo,19,Attacking Midfield,Dunkerque,Loan,out,0,Ligue 1,2016,2016/2017
LOSC Lille,Ryan Mendes,27,Left Winger,Kayserispor,Free Transfer,out,0,Ligue 1,2016,2016/2017
LOSC Lille,Nolan Mbemba,21,Defensive Midfield,Guimarães B,Free Transfer,out,0,Ligue 1,2016,2016/2017
LOSC Lille,Lenny Nangis,22,Left Winger,SC Bastia,Loan,out,0,Ligue 1,2016,2016/2017
LOSC Lille,Junior Tallo,24,Centre-Forward,SC Amiens,Loan,out,0,Ligue 1,2016,2016/2017
LOSC Lille,Kevin Koubemba,23,Right Winger,Sint-Truiden,?,out,NA,Ligue 1,2016,2016/2017
LOSC Lille,Éder,28,Centre-Forward,Swansea,"End of loanJun 30, 2016",out,0,Ligue 1,2016,2016/2017
LOSC Lille,Yaw Yeboah,19,Right Winger,Man City U21,"End of loanJun 30, 2016",out,0,Ligue 1,2016,2016/2017
AS Saint-Étienne,Bryan Dabo,24,Central Midfield,Montpellier,£3.60m,in,3.6,Ligue 1,2016,2016/2017
AS Saint-Étienne,Léo Lacroix,24,Centre-Back,FC Sion,£2.70m,in,2.7,Ligue 1,2016,2016/2017
AS Saint-Étienne,Jorginho,21,Left Winger,Arouca,Loan,in,0,Ligue 1,2016,2016/2017
AS Saint-Étienne,Cheikh M'Bengue,27,Left-Back,Stade Rennais,Free Transfer,in,0,Ligue 1,2016,2016/2017
AS Saint-Étienne,Jordan Veretout,23,Central Midfield,Aston Villa,Loan,in,0,Ligue 1,2016,2016/2017
AS Saint-Étienne,Henri Saivet,25,Attacking Midfield,Newcastle,Loan,in,0,Ligue 1,2016,2016/2017
AS Saint-Étienne,Jonathan Bamba,20,Left Winger,Sint-Truiden,"End of loanJan 3, 2017",in,0,Ligue 1,2016,2016/2017
AS Saint-Étienne,Arnaud Nordin,18,Left Winger,St-Étienne U19,-,in,0,Ligue 1,2016,2016/2017
AS Saint-Étienne,Habib Maïga,21,Defensive Midfield,Saint-Étienne B,-,in,0,Ligue 1,2016,2016/2017
AS Saint-Étienne,Ronaël Pierre-Gabriel,18,Right-Back,Saint-Étienne B,-,in,0,Ligue 1,2016,2016/2017
AS Saint-Étienne,Paul Baysse,28,Centre-Back,OGC Nice,"End of loanJun 30, 2016",in,0,Ligue 1,2016,2016/2017
AS Saint-Étienne,Ismaël Diomandé,23,Defensive Midfield,SM Caen,"End of loanJun 30, 2016",in,0,Ligue 1,2016,2016/2017
AS Saint-Étienne,Jonathan Bamba,20,Left Winger,Paris FC,"End of loanJun 30, 2016",in,0,Ligue 1,2016,2016/2017
AS Saint-Étienne,Yohan Mollo,26,Left Winger,KS Samara,"End of loanJun 30, 2016",in,0,Ligue 1,2016,2016/2017
AS Saint-Étienne,Dylan Saint-Louis,21,Centre-Forward,Évian,"End of loanJun 30, 2016",in,0,Ligue 1,2016,2016/2017
AS Saint-Étienne,Moustapha Sall,30,Centre-Back,Al Arabi,£900k,out,0.9,Ligue 1,2016,2016/2017
AS Saint-Étienne,Ismaël Diomandé,23,Defensive Midfield,SM Caen,£675k,out,0.675,Ligue 1,2016,2016/2017
AS Saint-Étienne,Paul Baysse,28,Centre-Back,OGC Nice,£450k,out,0.45,Ligue 1,2016,2016/2017
AS Saint-Étienne,Jonathan Bamba,20,Left Winger,SCO Angers,Loan,out,0,Ligue 1,2016,2016/2017
AS Saint-Étienne,François Clerc,33,Right-Back,G. Ajaccio,Free Transfer,out,0,Ligue 1,2016,2016/2017
AS Saint-Étienne,Neal Maupay,19,Centre-Forward,Stade Brest 29,Loan,out,0,Ligue 1,2016,2016/2017
AS Saint-Étienne,Jonathan Bamba,20,Left Winger,Sint-Truiden,Loan,out,0,Ligue 1,2016,2016/2017
AS Saint-Étienne,Benoît Assou-Ekotto,32,Left-Back,FC Metz,Free Transfer,out,0,Ligue 1,2016,2016/2017
AS Saint-Étienne,Dylan Saint-Louis,21,Centre-Forward,Stade Laval,Loan,out,0,Ligue 1,2016,2016/2017
AS Saint-Étienne,Jonathan Brison,33,Left-Back,FC Niort,Free Transfer,out,0,Ligue 1,2016,2016/2017
AS Saint-Étienne,Renaud Cohade,31,Central Midfield,FC Metz,?,out,NA,Ligue 1,2016,2016/2017
AS Saint-Étienne,Yohan Mollo,27,Left Winger,KS Samara,?,out,NA,Ligue 1,2016,2016/2017
AS Saint-Étienne,Jean-Christophe Bahebeck,23,Centre-Forward,Paris SG,"End of loanJun 30, 2016",out,0,Ligue 1,2016,2016/2017
AS Saint-Étienne,Franck Tabanou,27,Left-Back,Swansea,"End of loanJun 30, 2016",out,0,Ligue 1,2016,2016/2017
AS Saint-Étienne,Valentin Eysseric,24,Attacking Midfield,OGC Nice,"End of loanJun 30, 2016",out,0,Ligue 1,2016,2016/2017
SM Caen,Ivan Santini,27,Centre-Forward,Standard Liège,£2.25m,in,2.25,Ligue 1,2016,2016/2017
SM Caen,Ronny Rodelin,26,Right Winger,LOSC Lille,£900k,in,0.9,Ligue 1,2016,2016/2017
SM Caen,Ismaël Diomandé,23,Defensive Midfield,Saint-Étienne,£675k,in,0.675,Ligue 1,2016,2016/2017
SM Caen,Mouhamadou Dabo,29,Right-Back,Troyes,Free Transfer,in,0,Ligue 1,2016,2016/2017
SM Caen,Frédéric Guilbert,21,Right-Back,G. Bordeaux,Loan,in,0,Ligue 1,2016,2016/2017
SM Caen,Steed Malbranque,36,Central Midfield,Olympique Lyon,Free Transfer,in,0,Ligue 1,2016,2016/2017
SM Caen,Matthieu Dreyer,27,Goalkeeper,Troyes,Free Transfer,in,0,Ligue 1,2016,2016/2017
SM Caen,Romain Genevois,28,Centre-Back,OGC Nice,?,in,NA,Ligue 1,2016,2016/2017
SM Caen,Valentin Voisin,20,Defensive Midfield,SM Caen B,-,in,0,Ligue 1,2016,2016/2017
SM Caen,Pape Sané,24,Centre-Forward,Bourg-en-Bresse,"End of loanJun 30, 2016",in,0,Ligue 1,2016,2016/2017
SM Caen,Cheik Traoré,21,Right-Back,US Avranches,"End of loanJun 30, 2016",in,0,Ligue 1,2016,2016/2017
SM Caen,Andy Delort,24,Centre-Forward,Tigres UANL,£7.20m,out,7.2,Ligue 1,2016,2016/2017
SM Caen,Dennis Appiah,24,Right-Back,RSC Anderlecht,£2.70m,out,2.7,Ligue 1,2016,2016/2017
SM Caen,Jordan N'Kololo,24,Left Winger,Stade Laval,Loan,out,0,Ligue 1,2016,2016/2017
SM Caen,Cheik Traoré,21,Right-Back,LB Châteauroux,Free Transfer,out,0,Ligue 1,2016,2016/2017
SM Caen,Alexandre Raineau,30,Left-Back,LB Châteauroux,Free Transfer,out,0,Ligue 1,2016,2016/2017
SM Caen,Florian Le Joncour,21,Centre-Back,US Avranches,Loan,out,0,Ligue 1,2016,2016/2017
SM Caen,Christian Kouakou,25,Left Winger,Nîmes Olympique,Loan,out,0,Ligue 1,2016,2016/2017
SM Caen,Saidi Ntibazonkiza,29,Left Winger,Without Club,-,out,0,Ligue 1,2016,2016/2017
SM Caen,Jonathan Beaulieu,23,Defensive Midfield,Without Club,-,out,0,Ligue 1,2016,2016/2017
SM Caen,Ronny Rodelin,26,Right Winger,LOSC Lille,"End of loanJun 30, 2016",out,0,Ligue 1,2016,2016/2017
SM Caen,Ismaël Diomandé,23,Defensive Midfield,Saint-Étienne,"End of loanJun 30, 2016",out,0,Ligue 1,2016,2016/2017
Stade Rennais FC,Ramy Bensebaini,21,Left-Back,Paradou AC,£1.80m,in,1.8,Ligue 1,2016,2016/2017
Stade Rennais FC,Afonso Figueiredo,23,Left-Back,Boavista,£243k,in,0.243,Ligue 1,2016,2016/2017
Stade Rennais FC,Aldo Kalulu,20,Right Winger,Olympique Lyon,Loan,in,0,Ligue 1,2016,2016/2017
Stade Rennais FC,Morgan Amalfitano,31,Right Winger,LOSC Lille,Free Transfer,in,0,Ligue 1,2016,2016/2017
Stade Rennais FC,Clément Chantôme,28,Defensive Midfield,G. Bordeaux,Free Transfer,in,0,Ligue 1,2016,2016/2017
Stade Rennais FC,Anthony Ribelin,20,Attacking Midfield,Montpellier,Free Transfer,in,0,Ligue 1,2016,2016/2017
Stade Rennais FC,Raïs M'Bolhi,30,Goalkeeper,Antalyaspor,Free Transfer,in,0,Ligue 1,2016,2016/2017
Stade Rennais FC,Paul Nardi,22,Goalkeeper,Monaco,Loan,in,0,Ligue 1,2016,2016/2017
Stade Rennais FC,Firmin Mubele,22,Centre-Forward,Al Ahli,?,in,NA,Ligue 1,2016,2016/2017
Stade Rennais FC,Adama Diakhaby,19,Centre-Forward,Rennes B,-,in,0,Ligue 1,2016,2016/2017
Stade Rennais FC,Sébastien Salles-Lamonge,20,Attacking Midfield,Rennes B,-,in,0,Ligue 1,2016,2016/2017
Stade Rennais FC,Séga Coulibaly,20,Centre-Back,Rennes B,-,in,0,Ligue 1,2016,2016/2017
Stade Rennais FC,Denis Will Poha,19,Central Midfield,Rennes B,-,in,0,Ligue 1,2016,2016/2017
Stade Rennais FC,Joris Gnagnon,19,Centre-Back,Rennes B,-,in,0,Ligue 1,2016,2016/2017
Stade Rennais FC,Namakoro Diallo,20,Left-Back,Rennes B,-,in,0,Ligue 1,2016,2016/2017
Stade Rennais FC,Ermir Lenjani,26,Left Midfield,FC Nantes,"End of loanJun 30, 2016",in,0,Ligue 1,2016,2016/2017
Stade Rennais FC,Adrien Hunou,22,Attacking Midfield,Clermont Foot,"End of loanJun 30, 2016",in,0,Ligue 1,2016,2016/2017
Stade Rennais FC,Wesley Saïd,21,Centre-Forward,Dijon,"End of loanJun 30, 2016",in,0,Ligue 1,2016,2016/2017
Stade Rennais FC,Philipp Hosiner,27,Centre-Forward,1. FC Köln,"End of loanJun 30, 2016",in,0,Ligue 1,2016,2016/2017
Stade Rennais FC,Gjoko Zajkov,21,Centre-Back,RSC Charleroi,"End of loanJun 30, 2016",in,0,Ligue 1,2016,2016/2017
Stade Rennais FC,Cédric Hountondji,22,Centre-Back,AJ Auxerre,"End of loanJun 30, 2016",in,0,Ligue 1,2016,2016/2017
Stade Rennais FC,Sanjin Prcic,22,Central Midfield,Torino,"End of loanJun 30, 2016",in,0,Ligue 1,2016,2016/2017
Stade Rennais FC,Christian Brüls,27,Attacking Midfield,Standard Liège,"End of loanJun 30, 2016",in,0,Ligue 1,2016,2016/2017
Stade Rennais FC,Ola Toivonen,29,Centre-Forward,Sunderland,"End of loanJun 30, 2016",in,0,Ligue 1,2016,2016/2017
Stade Rennais FC,Habib Habibou,29,Centre-Forward,Gaziantepspor,"End of loanJun 30, 2016",in,0,Ligue 1,2016,2016/2017
Stade Rennais FC,Ousmane Dembélé,19,Left Winger,Bor. Dortmund,£13.50m,out,13.5,Ligue 1,2016,2016/2017
Stade Rennais FC,Kamil Grosicki,28,Left Winger,Hull City,£8.10m,out,8.1,Ligue 1,2016,2016/2017
Stade Rennais FC,Paul-Georges Ntep,24,Left Winger,VfL Wolfsburg,£4.50m,out,4.5,Ligue 1,2016,2016/2017
Stade Rennais FC,Pedro Henrique,26,Left Winger,PAOK Salonika,£1.44m,out,1.44,Ligue 1,2016,2016/2017
Stade Rennais FC,Fallou Diagne,26,Centre-Back,Werder Bremen,£1.35m,out,1.35,Ligue 1,2016,2016/2017
Stade Rennais FC,Ola Toivonen,30,Centre-Forward,Toulouse,£1.35m,out,1.35,Ligue 1,2016,2016/2017
Stade Rennais FC,Steven Moreira,22,Right-Back,FC Lorient,£1.08m,out,1.08,Ligue 1,2016,2016/2017
Stade Rennais FC,Philipp Hosiner,27,Centre-Forward,Union Berlin,£450k,out,0.45,Ligue 1,2016,2016/2017
Stade Rennais FC,Séga Coulibaly,20,Centre-Back,CS Sedan,Loan,out,0,Ligue 1,2016,2016/2017
Stade Rennais FC,Kermit Erasmus,26,Centre-Forward,Lens,Loan,out,0,Ligue 1,2016,2016/2017
Stade Rennais FC,Abdoulaye Diallo,24,Goalkeeper,C. Rizespor,Loan,out,0,Ligue 1,2016,2016/2017
Stade Rennais FC,Cédric Hountondji,22,Centre-Back,G. Ajaccio,Free Transfer,out,0,Ligue 1,2016,2016/2017
Stade Rennais FC,Sébastien Salles-Lamonge,20,Attacking Midfield,AC Le Havre,Loan,out,0,Ligue 1,2016,2016/2017
Stade Rennais FC,Cheikh M'Bengue,27,Left-Back,Saint-Étienne,Free Transfer,out,0,Ligue 1,2016,2016/2017
Stade Rennais FC,Anthony Ribelin,20,Attacking Midfield,Paris FC,Loan,out,0,Ligue 1,2016,2016/2017
Stade Rennais FC,Yacouba Sylla,25,Defensive Midfield,Montpellier,Loan,out,0,Ligue 1,2016,2016/2017
Stade Rennais FC,Christian Brüls,28,Attacking Midfield,KAS Eupen,?,out,NA,Ligue 1,2016,2016/2017
Stade Rennais FC,Gjoko Zajkov,21,Centre-Back,RSC Charleroi,?,out,NA,Ligue 1,2016,2016/2017
Stade Rennais FC,Habib Habibou,29,Centre-Forward,Lens,?,out,NA,Ligue 1,2016,2016/2017
Stade Rennais FC,Paul Nardi,22,Goalkeeper,Monaco,"End of loanDec 31, 2016",out,0,Ligue 1,2016,2016/2017
Stade Rennais FC,Olivier Sorin,35,Goalkeeper,Retired,-,out,0,Ligue 1,2016,2016/2017
Stade Rennais FC,Jeremie Boga,19,Left Winger,Chelsea U21,"End of loanJun 30, 2016",out,0,Ligue 1,2016,2016/2017
SCO Angers,Famara Diédhiou,23,Centre-Forward,Clermont Foot,£1.44m,in,1.44,Ligue 1,2016,2016/2017
SCO Angers,Karl Toko Ekambi,23,Centre-Forward,FC Sochaux,£900k,in,0.9,Ligue 1,2016,2016/2017
SCO Angers,Mathieu Michel,24,Goalkeeper,Nîmes Olympique,£900k,in,0.9,Ligue 1,2016,2016/2017
SCO Angers,Jamel Saihi,29,Defensive Midfield,Montpellier,£720k,in,0.72,Ligue 1,2016,2016/2017
SCO Angers,Baptiste Santamaría,21,Defensive Midfield,Tours FC,£450k,in,0.45,Ligue 1,2016,2016/2017
SCO Angers,Flavien Tait,23,Left Winger,LB Châteauroux,£270k,in,0.27,Ligue 1,2016,2016/2017
SCO Angers,Kévin Bérigaud,28,Centre-Forward,Montpellier,Loan,in,0,Ligue 1,2016,2016/2017
SCO Angers,Pablo Martinez,27,Centre-Back,G. Ajaccio,Free Transfer,in,0,Ligue 1,2016,2016/2017
SCO Angers,Yoane Wissa,19,Left Midfield,LB Châteauroux,Free Transfer,in,0,Ligue 1,2016,2016/2017
SCO Angers,Jonathan Bamba,20,Left Winger,Saint-Étienne,Loan,in,0,Ligue 1,2016,2016/2017
SCO Angers,Mateo Pavlovic,26,Centre-Back,Werder Bremen,Free Transfer,in,0,Ligue 1,2016,2016/2017
SCO Angers,Issa Cissokho,31,Right-Back,Genoa,Free Transfer,in,0,Ligue 1,2016,2016/2017
SCO Angers,Mehdi Tahrat,26,Centre-Back,Red Star FC,?,in,NA,Ligue 1,2016,2016/2017
SCO Angers,Gabriel Mutombo,20,Centre-Back,SCO Angers B,-,in,0,Ligue 1,2016,2016/2017
SCO Angers,Dickson Nwakaeme,30,Centre-Forward,Without Club,-,in,0,Ligue 1,2016,2016/2017
SCO Angers,Abdoulaye Bamba,26,Right-Back,Without Club,-,in,0,Ligue 1,2016,2016/2017
SCO Angers,Nicolas Pépé,21,Right Winger,US Orléans,"End of loanJun 30, 2016",in,0,Ligue 1,2016,2016/2017
SCO Angers,Diego Gómez,32,Attacking Midfield,US Boulogne,"End of loanJun 30, 2016",in,0,Ligue 1,2016,2016/2017
SCO Angers,Anthar Yahia,34,Centre-Back,US Orléans,"End of loanJun 30, 2016",in,0,Ligue 1,2016,2016/2017
SCO Angers,Ludovic Ajorque,22,Centre-Forward,Luçon VF,"End of loanJun 30, 2016",in,0,Ligue 1,2016,2016/2017
SCO Angers,Jonas Pessalli,25,Right Winger,Luçon VF,"End of loanJun 30, 2016",in,0,Ligue 1,2016,2016/2017
SCO Angers,Romain Saïss,26,Defensive Midfield,Wolves,£3.60m,out,3.6,Ligue 1,2016,2016/2017
SCO Angers,Arnold Bouka Moutou,27,Left-Back,Dijon,£360k,out,0.36,Ligue 1,2016,2016/2017
SCO Angers,Gaël Angoula,33,Right-Back,Nîmes Olympique,Free Transfer,out,0,Ligue 1,2016,2016/2017
SCO Angers,Yoane Wissa,20,Left Midfield,Stade Laval,Loan,out,0,Ligue 1,2016,2016/2017
SCO Angers,Anthar Yahia,34,Centre-Back,US Orléans,Free Transfer,out,0,Ligue 1,2016,2016/2017
SCO Angers,Gabriel Mutombo,20,Centre-Back,CA Bastia,Loan,out,0,Ligue 1,2016,2016/2017
SCO Angers,Jean-Pierre Nsame,23,Centre-Forward,Servette FC,Free Transfer,out,0,Ligue 1,2016,2016/2017
SCO Angers,Goran Karanovic,28,Centre-Forward,FC Sochaux,Loan,out,0,Ligue 1,2016,2016/2017
SCO Angers,Diego Gómez,32,Attacking Midfield,SO Cholet,Free Transfer,out,0,Ligue 1,2016,2016/2017
SCO Angers,Kalifa Traoré,25,Centre-Back,Les Herbiers VF,?,out,NA,Ligue 1,2016,2016/2017
SCO Angers,Slimane Sissoko,25,Centre-Forward,Nîmes Olympique,?,out,NA,Ligue 1,2016,2016/2017
SCO Angers,Ludovic Ajorque,22,Centre-Forward,Clermont Foot,?,out,NA,Ligue 1,2016,2016/2017
SCO Angers,Guy N'Gosso,31,Defensive Midfield,SC Amiens,?,out,NA,Ligue 1,2016,2016/2017
SCO Angers,Olivier Auriac,32,Defensive Midfield,Retired,-,out,0,Ligue 1,2016,2016/2017
SCO Angers,Ibrahima Diallo,31,Left-Back,Retired,-,out,0,Ligue 1,2016,2016/2017
SCO Angers,Jonas Pessalli,25,Right Winger,Without Club,-,out,0,Ligue 1,2016,2016/2017
SCO Angers,Yohann Eudeline,34,Right Winger,Retired,-,out,0,Ligue 1,2016,2016/2017
SCO Angers,Charles Diers,35,Central Midfield,Retired,-,out,0,Ligue 1,2016,2016/2017
SCO Angers,Mohamed Yattara,22,Centre-Forward,Standard Liège,"End of loanJun 30, 2016",out,0,Ligue 1,2016,2016/2017
SCO Angers,Saïd Benrahma,20,Left Winger,OGC Nice,"End of loanJun 30, 2016",out,0,Ligue 1,2016,2016/2017
SC Bastia,Farid Boulaya,23,Right Winger,Clermont Foot,£225k,in,0.225,Ligue 1,2016,2016/2017
SC Bastia,Nicolas Saint-Ruf,24,Centre-Back,Montpellier,Free Transfer,in,0,Ligue 1,2016,2016/2017
SC Bastia,Thievy Bifouma,24,Left Winger,Espanyol,Free Transfer,in,0,Ligue 1,2016,2016/2017
SC Bastia,Prince Oniangué,28,Defensive Midfield,Wolves,Loan,in,0,Ligue 1,2016,2016/2017
SC Bastia,Jerson Cabral,25,Left Winger,FC Twente,Free Transfer,in,0,Ligue 1,2016,2016/2017
SC Bastia,Paul Charruau,23,Goalkeeper,Valenciennes FC,Free Transfer,in,0,Ligue 1,2016,2016/2017
SC Bastia,Enzo Crivelli,21,Centre-Forward,G. Bordeaux,Loan,in,0,Ligue 1,2016,2016/2017
SC Bastia,Lindsay Rose,24,Centre-Back,FC Lorient,Loan,in,0,Ligue 1,2016,2016/2017
SC Bastia,Geoffrey Acheampong,19,Left Midfield,UCSB Gauchos,Free Transfer,in,0,Ligue 1,2016,2016/2017
SC Bastia,Allan Saint-Maximin,19,Right Winger,Monaco,Loan,in,0,Ligue 1,2016,2016/2017
SC Bastia,Abdelhamid El Kaoutari,26,Centre-Back,US Palermo,Loan,in,0,Ligue 1,2016,2016/2017
SC Bastia,Alexis Thébaux,31,Goalkeeper,Paris FC,?,in,NA,Ligue 1,2016,2016/2017
SC Bastia,Lenny Nangis,22,Left Winger,LOSC Lille,Loan,in,0,Ligue 1,2016,2016/2017
SC Bastia,Pierre Bengtsson,28,Left-Back,1.FSV Mainz 05,Loan,in,0,Ligue 1,2016,2016/2017
SC Bastia,Julien Romain,20,Centre-Forward,G. Ajaccio,"End of loanJan 12, 2017",in,0,Ligue 1,2016,2016/2017
SC Bastia,Lyes Houri,20,Central Midfield,ASM Belfort,"End of loanJun 30, 2016",in,0,Ligue 1,2016,2016/2017
SC Bastia,Famoussa Koné,22,Centre-Forward,Samsunspor,"End of loanJun 30, 2016",in,0,Ligue 1,2016,2016/2017
SC Bastia,François Kamano,20,Left Winger,G. Bordeaux,£2.25m,out,2.25,Ligue 1,2016,2016/2017
SC Bastia,Mathieu Peybernes,26,Centre-Back,FC Lorient,£1.80m,out,1.8,Ligue 1,2016,2016/2017
SC Bastia,Floyd Ayité,27,Left Winger,Fulham,£1.80m,out,1.8,Ligue 1,2016,2016/2017
SC Bastia,Thievy Bifouma,24,Left Winger,Osmanlispor,£450k,out,0.45,Ligue 1,2016,2016/2017
SC Bastia,Jesper Hansen,31,Goalkeeper,Lyngby BK,Free Transfer,out,0,Ligue 1,2016,2016/2017
SC Bastia,Christopher Maboulou,26,Centre-Forward,PAS Giannina,Free Transfer,out,0,Ligue 1,2016,2016/2017
SC Bastia,Julien Benhaim,20,Centre-Back,UE Engordany,Loan,out,0,Ligue 1,2016,2016/2017
SC Bastia,Julien Romain,20,Centre-Forward,G. Ajaccio,Loan,out,0,Ligue 1,2016,2016/2017
SC Bastia,Julian Palmieri,29,Left-Back,LOSC Lille,Free Transfer,out,0,Ligue 1,2016,2016/2017
SC Bastia,Julien Romain,20,Centre-Forward,Pau FC,Loan,out,0,Ligue 1,2016,2016/2017
SC Bastia,Lyes Houri,21,Central Midfield,Roda JC,Loan,out,0,Ligue 1,2016,2016/2017
SC Bastia,Paul Charruau,23,Goalkeeper,Paris FC,Loan,out,0,Ligue 1,2016,2016/2017
SC Bastia,Famoussa Koné,22,Centre-Forward,Göztepe,?,out,NA,Ligue 1,2016,2016/2017
SC Bastia,Jerson Cabral,26,Left Winger,Sparta R.,Loan,out,0,Ligue 1,2016,2016/2017
SC Bastia,Yassine Jebbour,24,Right-Back,Retired,-,out,0,Ligue 1,2016,2016/2017
SC Bastia,François Modesto,37,Centre-Back,Retired,-,out,0,Ligue 1,2016,2016/2017
SC Bastia,Brandão,36,Centre-Forward,Without Club,-,out,0,Ligue 1,2016,2016/2017
SC Bastia,Seko Fofana,21,Central Midfield,Man City U21,"End of loanJun 30, 2016",out,0,Ligue 1,2016,2016/2017
FC Girondins Bordeaux,Younousse Sankharé,27,Central Midfield,LOSC Lille,£2.70m,in,2.7,Ligue 1,2016,2016/2017
FC Girondins Bordeaux,François Kamano,20,Left Winger,SC Bastia,£2.25m,in,2.25,Ligue 1,2016,2016/2017
FC Girondins Bordeaux,Paul Bernardoni,19,Goalkeeper,Troyes,£2.25m,in,2.25,Ligue 1,2016,2016/2017
FC Girondins Bordeaux,Igor Lewczuk,31,Centre-Back,Legia Warszawa,£900k,in,0.9,Ligue 1,2016,2016/2017
FC Girondins Bordeaux,Youssouf Sabaly,23,Right-Back,Paris SG,Loan,in,0,Ligue 1,2016,2016/2017
FC Girondins Bordeaux,Jérémy Toulalan,32,Defensive Midfield,Monaco,Free Transfer,in,0,Ligue 1,2016,2016/2017
FC Girondins Bordeaux,Jérémy Ménez,29,Second Striker,AC Milan,Free Transfer,in,0,Ligue 1,2016,2016/2017
FC Girondins Bordeaux,Vukasin Jovanovic,20,Centre-Back,Zenit S-Pb,Loan,in,0,Ligue 1,2016,2016/2017
FC Girondins Bordeaux,Daniel Mancini,20,Right Midfield,Newell's,?,in,NA,Ligue 1,2016,2016/2017
FC Girondins Bordeaux,Cédric Yambéré,26,Centre-Back,Anzhi,"End of loanDec 31, 2016",in,0,Ligue 1,2016,2016/2017
FC Girondins Bordeaux,Jorris Romil,21,Centre-Forward,G. Bordeaux B,-,in,0,Ligue 1,2016,2016/2017
FC Girondins Bordeaux,Gaëtan Laborde,22,Centre-Forward,Clermont Foot,"End of loanJun 30, 2016",in,0,Ligue 1,2016,2016/2017
FC Girondins Bordeaux,Younés Kaabouni,21,Attacking Midfield,Red Star FC,"End of loanJun 30, 2016",in,0,Ligue 1,2016,2016/2017
FC Girondins Bordeaux,Grégory Sertic,27,Defensive Midfield,Marseille,£1.35m,out,1.35,Ligue 1,2016,2016/2017
FC Girondins Bordeaux,Isaac Kiese Thelin,24,Centre-Forward,RSC Anderlecht,Loan fee:£630k,out,0.63,Ligue 1,2016,2016/2017
FC Girondins Bordeaux,André Poko,23,Defensive Midfield,Karabükspor,£360k,out,0.36,Ligue 1,2016,2016/2017
FC Girondins Bordeaux,Lamine Sané,29,Centre-Back,Werder Bremen,Free Transfer,out,0,Ligue 1,2016,2016/2017
FC Girondins Bordeaux,Frédéric Guilbert,21,Right-Back,SM Caen,Loan,out,0,Ligue 1,2016,2016/2017
FC Girondins Bordeaux,Cédric Yambéré,26,Centre-Back,APOEL Nicosia,Loan,out,0,Ligue 1,2016,2016/2017
FC Girondins Bordeaux,Clément Chantôme,28,Defensive Midfield,Stade Rennais,Free Transfer,out,0,Ligue 1,2016,2016/2017
FC Girondins Bordeaux,Kévin Soni,18,Centre-Forward,Pau FC,Loan,out,0,Ligue 1,2016,2016/2017
FC Girondins Bordeaux,Cheick Diabaté,28,Centre-Forward,Osmanlispor,Free Transfer,out,0,Ligue 1,2016,2016/2017
FC Girondins Bordeaux,Cédric Yambéré,25,Centre-Back,Anzhi,Loan,out,0,Ligue 1,2016,2016/2017
FC Girondins Bordeaux,Enzo Crivelli,21,Centre-Forward,SC Bastia,Loan,out,0,Ligue 1,2016,2016/2017
FC Girondins Bordeaux,Pablo,25,Centre-Back,Corinthians,Loan,out,0,Ligue 1,2016,2016/2017
FC Girondins Bordeaux,Jussiê,32,Attacking Midfield,Without Club,-,out,0,Ligue 1,2016,2016/2017
FC Girondins Bordeaux,Paul Bernardoni,19,Goalkeeper,Troyes,"End of loanJun 30, 2016",out,0,Ligue 1,2016,2016/2017
FC Girondins Bordeaux,Mathieu Debuchy,30,Right-Back,Arsenal,"End of loanJun 30, 2016",out,0,Ligue 1,2016,2016/2017
HSC Montpellier,Keagan Dolly,24,Left Winger,Sundowns,£1.53m,in,1.53,Ligue 1,2016,2016/2017
HSC Montpellier,Isaac Mbenza,20,Right Winger,Standard Liège,£1.53m,in,1.53,Ligue 1,2016,2016/2017
HSC Montpellier,Nordi Mukiele,19,Right-Back,Stade Laval,£1.35m,in,1.35,Ligue 1,2016,2016/2017
HSC Montpellier,Lukas Pokorny,23,Centre-Back,Slovan Liberec,£1.35m,in,1.35,Ligue 1,2016,2016/2017
HSC Montpellier,Yacouba Sylla,25,Defensive Midfield,Stade Rennais,Loan,in,0,Ligue 1,2016,2016/2017
HSC Montpellier,Jonathan Ikoné,18,Attacking Midfield,Paris SG,Loan,in,0,Ligue 1,2016,2016/2017
HSC Montpellier,Anthony Vanden Borre,28,Right-Back,RSC Anderlecht,Loan,in,0,Ligue 1,2016,2016/2017
HSC Montpellier,Killian Sanson,19,Defensive Midfield,Évian,?,in,NA,Ligue 1,2016,2016/2017
HSC Montpellier,Stéphane Sessègnon,32,Attacking Midfield,Without Club,-,in,0,Ligue 1,2016,2016/2017
HSC Montpellier,Morgan Poaty,19,Left-Back,HSC Montpellier B,-,in,0,Ligue 1,2016,2016/2017
HSC Montpellier,Alexandre Llovet,18,Forward,HSC Montpellier B,-,in,0,Ligue 1,2016,2016/2017
HSC Montpellier,Cédric Mongongu,27,Centre-Back,Without Club,-,in,0,Ligue 1,2016,2016/2017
HSC Montpellier,Nicolas Saint-Ruf,23,Centre-Back,US Orléans,"End of loanJun 30, 2016",in,0,Ligue 1,2016,2016/2017
HSC Montpellier,Steve Mounié,21,Centre-Forward,Nîmes Olympique,"End of loanJun 30, 2016",in,0,Ligue 1,2016,2016/2017
HSC Montpellier,Morgan Sanson,22,Central Midfield,Marseille,£8.10m,out,8.1,Ligue 1,2016,2016/2017
HSC Montpellier,Bryan Dabo,24,Central Midfield,Saint-Étienne,£3.60m,out,3.6,Ligue 1,2016,2016/2017
HSC Montpellier,Jonas Martin,26,Central Midfield,Real Betis,£2.34m,out,2.34,Ligue 1,2016,2016/2017
HSC Montpellier,Jamel Saihi,29,Defensive Midfield,SCO Angers,£720k,out,0.72,Ligue 1,2016,2016/2017
HSC Montpellier,Florian Sotoca,25,Right Winger,Grenoble,Free Transfer,out,0,Ligue 1,2016,2016/2017
HSC Montpellier,Anthony Ribelin,20,Attacking Midfield,Stade Rennais,Free Transfer,out,0,Ligue 1,2016,2016/2017
HSC Montpellier,Kévin Bérigaud,28,Centre-Forward,SCO Angers,Loan,out,0,Ligue 1,2016,2016/2017
HSC Montpellier,Jean Deza,23,Left Winger,Levski Sofia,Free Transfer,out,0,Ligue 1,2016,2016/2017
HSC Montpellier,Sébastien Wüthrich,26,Left Midfield,FC Aarau,Free Transfer,out,0,Ligue 1,2016,2016/2017
HSC Montpellier,Dylan Gissi,25,Centre-Back,CA Rosario,Free Transfer,out,0,Ligue 1,2016,2016/2017
HSC Montpellier,Nicolas Saint-Ruf,24,Centre-Back,SC Bastia,Free Transfer,out,0,Ligue 1,2016,2016/2017
HSC Montpellier,Djamel Bakar,27,Centre-Forward,RSC Charleroi,?,out,NA,Ligue 1,2016,2016/2017
HSC Montpellier,Quentin Cornette,22,Right Winger,SC Amiens,?,out,NA,Ligue 1,2016,2016/2017
HSC Montpellier,Anthony Vanden Borre,29,Right-Back,RSC Anderlecht,"End of loanDec 31, 2016",out,0,Ligue 1,2016,2016/2017
HSC Montpellier,Ramy Bensebaini,21,Left-Back,Paradou AC,"End of loanJun 30, 2016",out,0,Ligue 1,2016,2016/2017
HSC Montpellier,Mustapha Yatabaré,30,Centre-Forward,Trabzonspor,"End of loanJun 30, 2016",out,0,Ligue 1,2016,2016/2017
Olympique Marseille,Dimitri Payet,29,Attacking Midfield,West Ham,£26.37m,in,26.37,Ligue 1,2016,2016/2017
Olympique Marseille,Morgan Sanson,22,Central Midfield,Montpellier,£8.10m,in,8.1,Ligue 1,2016,2016/2017
Olympique Marseille,Rémy Cabella,26,Attacking Midfield,Newcastle,£7.20m,in,7.2,Ligue 1,2016,2016/2017
Olympique Marseille,Grégory Sertic,27,Defensive Midfield,G. Bordeaux,£1.35m,in,1.35,Ligue 1,2016,2016/2017
Olympique Marseille,Tomas Hubocan,30,Centre-Back,Dinamo Moscow,£1.08m,in,1.08,Ligue 1,2016,2016/2017
Olympique Marseille,Saîf-Eddine Khaoui,21,Attacking Midfield,Tours FC,£900k,in,0.9,Ligue 1,2016,2016/2017
Olympique Marseille,Rod Fanni,34,Right-Back,Al Arabi,Free Transfer,in,0,Ligue 1,2016,2016/2017
Olympique Marseille,Hiroki Sakai,26,Right-Back,Hannover 96,Free Transfer,in,0,Ligue 1,2016,2016/2017
Olympique Marseille,Henri Bedimo,32,Left-Back,Olympique Lyon,Free Transfer,in,0,Ligue 1,2016,2016/2017
Olympique Marseille,Patrice Evra,35,Left-Back,Juventus,Free Transfer,in,0,Ligue 1,2016,2016/2017
Olympique Marseille,Clinton N'Jie,23,Centre-Forward,Spurs,Loan,in,0,Ligue 1,2016,2016/2017
Olympique Marseille,Bafétimbi Gomis,30,Centre-Forward,Swansea,Loan,in,0,Ligue 1,2016,2016/2017
Olympique Marseille,Zinédine Machach,20,Central Midfield,Toulouse,Loan,in,0,Ligue 1,2016,2016/2017
Olympique Marseille,Florian Thauvin,23,Right Winger,Newcastle,Loan,in,0,Ligue 1,2016,2016/2017
Olympique Marseille,William Vainqueur,27,Defensive Midfield,AS Roma,Loan,in,0,Ligue 1,2016,2016/2017
Olympique Marseille,Aaron Leya Iseka,18,Centre-Forward,RSC Anderlecht,Loan,in,0,Ligue 1,2016,2016/2017
Olympique Marseille,Florian Escales,20,Goalkeeper,Marseille B,-,in,0,Ligue 1,2016,2016/2017
Olympique Marseille,André Zambo Anguissa,20,Defensive Midfield,Marseille B,-,in,0,Ligue 1,2016,2016/2017
Olympique Marseille,Lucas Ocampos,22,Left Winger,Genoa,"End of loanJan 29, 2017",in,0,Ligue 1,2016,2016/2017
Olympique Marseille,Dória,21,Centre-Back,Granada CF,"End of loanJun 30, 2016",in,0,Ligue 1,2016,2016/2017
Olympique Marseille,Saber Khalifa,29,Centre-Forward,Club Africain,"End of loanJun 30, 2016",in,0,Ligue 1,2016,2016/2017
Olympique Marseille,Bill Tuiloma,21,Centre-Back,R. Strasbourg,"End of loanJun 30, 2016",in,0,Ligue 1,2016,2016/2017
Olympique Marseille,Gaël Andonian,21,Centre-Back,Dijon,"End of loanJun 30, 2016",in,0,Ligue 1,2016,2016/2017
Olympique Marseille,Baptiste Aloé,22,Centre-Back,Valenciennes FC,"End of loanJun 30, 2016",in,0,Ligue 1,2016,2016/2017
Olympique Marseille,Mario Lemina,22,Defensive Midfield,Juventus,"End of loanJun 30, 2016",in,0,Ligue 1,2016,2016/2017
Olympique Marseille,Brice Samba,22,Goalkeeper,AS Nancy,"End of loanJun 30, 2016",in,0,Ligue 1,2016,2016/2017
Olympique Marseille,Michy Batshuayi,22,Centre-Forward,Chelsea,£35.10m,out,35.1,Ligue 1,2016,2016/2017
Olympique Marseille,Benjamin Mendy,21,Left-Back,Monaco,£11.70m,out,11.7,Ligue 1,2016,2016/2017
Olympique Marseille,Georges-Kevin N'Koudou,21,Left Winger,Spurs,£9.90m,out,9.9,Ligue 1,2016,2016/2017
Olympique Marseille,Mario Lemina,22,Defensive Midfield,Juventus,£8.82m,out,8.82,Ligue 1,2016,2016/2017
Olympique Marseille,Brice Dja Djédjé,25,Defensive Midfield,Watford,£3.24m,out,3.24,Ligue 1,2016,2016/2017
Olympique Marseille,Romain Alessandrini,27,Right Winger,LA Galaxy,£2.70m,out,2.7,Ligue 1,2016,2016/2017
Olympique Marseille,Abdelaziz Barrada,27,Attacking Midfield,Al-Nasr,£1.80m,out,1.8,Ligue 1,2016,2016/2017
Olympique Marseille,Saber Khalifa,29,Centre-Forward,Club Africain,£900k,out,0.9,Ligue 1,2016,2016/2017
Olympique Marseille,Lucas Ocampos,22,Left Winger,AC Milan,Loan fee:£450k,out,0.45,Ligue 1,2016,2016/2017
Olympique Marseille,Lucas Ocampos,21,Left Winger,Genoa,Loan,out,0,Ligue 1,2016,2016/2017
Olympique Marseille,Baptiste Aloé,22,Centre-Back,Valenciennes FC,Loan,out,0,Ligue 1,2016,2016/2017
Olympique Marseille,Steve Mandanda,31,Goalkeeper,Crystal Palace,Free Transfer,out,0,Ligue 1,2016,2016/2017
Olympique Marseille,Alaixys Romao,32,Defensive Midfield,Olympiacos,Free Transfer,out,0,Ligue 1,2016,2016/2017
Olympique Marseille,Billel Omrani,23,Left Winger,CFR Cluj,Free Transfer,out,0,Ligue 1,2016,2016/2017
Olympique Marseille,Stéphane Sparagna,21,Centre-Back,AJ Auxerre,Loan,out,0,Ligue 1,2016,2016/2017
Olympique Marseille,Gaël Andonian,21,Centre-Back,PAE Veria,Loan,out,0,Ligue 1,2016,2016/2017
Olympique Marseille,Nicolas N'Koulou,26,Centre-Back,Olympique Lyon,Free Transfer,out,0,Ligue 1,2016,2016/2017
Olympique Marseille,Lassana Diarra,31,Defensive Midfield,Without Club,-,out,0,Ligue 1,2016,2016/2017
Olympique Marseille,Florian Thauvin,23,Right Winger,Newcastle,"End of loanJun 30, 2016",out,0,Ligue 1,2016,2016/2017
Olympique Marseille,Rémy Cabella,26,Attacking Midfield,Newcastle,"End of loanJun 30, 2016",out,0,Ligue 1,2016,2016/2017
Olympique Marseille,Paolo De Ceglie,29,Left-Back,Juventus,"End of loanJun 30, 2016",out,0,Ligue 1,2016,2016/2017
Olympique Marseille,Javier Manquillo,22,Right-Back,Atlético Madrid,"End of loanJun 30, 2016",out,0,Ligue 1,2016,2016/2017
Olympique Marseille,Mauricio Isla,28,Right-Back,Juventus,"End of loanJun 30, 2016",out,0,Ligue 1,2016,2016/2017
Olympique Marseille,Steven Fletcher,29,Centre-Forward,Sunderland,"End of loanJun 30, 2016",out,0,Ligue 1,2016,2016/2017
Olympique Marseille,Lucas Silva,23,Central Midfield,Real Madrid,"End of loanJun 30, 2016",out,0,Ligue 1,2016,2016/2017
FC Nantes,Mariusz Stepinski,21,Centre-Forward,Ruch Chorzow,£1.80m,in,1.8,Ligue 1,2016,2016/2017
FC Nantes,Diego Carlos,23,Centre-Back,Estoril,£1.17m,in,1.17,Ligue 1,2016,2016/2017
FC Nantes,Lucas Lima,24,Left-Back,Arouca,£990k,in,0.99,Ligue 1,2016,2016/2017
FC Nantes,Nicolaj Thomsen,23,Left Midfield,Aalborg BK,£540k,in,0.54,Ligue 1,2016,2016/2017
FC Nantes,Alexander Kacaniklic,24,Left Midfield,Fulham,Free Transfer,in,0,Ligue 1,2016,2016/2017
FC Nantes,Felipe Pardo,26,Right Winger,Olympiacos,Loan,in,0,Ligue 1,2016,2016/2017
FC Nantes,Sérgio Oliveira,24,Central Midfield,FC Porto,Loan,in,0,Ligue 1,2016,2016/2017
FC Nantes,Alexandre Olliero,20,Goalkeeper,FC Nantes B,-,in,0,Ligue 1,2016,2016/2017
FC Nantes,Prejuce Nakoulma,29,Centre-Forward,Without Club,-,in,0,Ligue 1,2016,2016/2017
FC Nantes,Quentin Braat,18,Goalkeeper,FC Nantes U19,-,in,0,Ligue 1,2016,2016/2017
FC Nantes,Kolbeinn Sigthórsson,26,Centre-Forward,Galatasaray,"End of loanDec 31, 2016",in,0,Ligue 1,2016,2016/2017
FC Nantes,Amine Harit,19,Attacking Midfield,FC Nantes B,-,in,0,Ligue 1,2016,2016/2017
FC Nantes,Fernando Aristeguieta,24,Centre-Forward,Red Star FC,"End of loanJun 30, 2016",in,0,Ligue 1,2016,2016/2017
FC Nantes,Alejandro Bedoya,29,Central Midfield,Philadelphia,£806k,out,0.806,Ligue 1,2016,2016/2017
FC Nantes,Kolbeinn Sigthórsson,26,Centre-Forward,Galatasaray,Loan fee:£630k,out,0.63,Ligue 1,2016,2016/2017
FC Nantes,Birama Touré,24,Defensive Midfield,Standard Liège,£495k,out,0.495,Ligue 1,2016,2016/2017
FC Nantes,Nicolaj Thomsen,23,Left Midfield,FC Copenhagen,£450k,out,0.45,Ligue 1,2016,2016/2017
FC Nantes,Fernando Aristeguieta,24,Centre-Forward,Nacional,Loan,out,0,Ligue 1,2016,2016/2017
FC Nantes,Johan Audel,32,Left Winger,B. Jerusalem,Free Transfer,out,0,Ligue 1,2016,2016/2017
FC Nantes,Rémi Gomis,32,Defensive Midfield,FC Wil 1900,Free Transfer,out,0,Ligue 1,2016,2016/2017
FC Nantes,Aristote N'Dongala,22,Left Winger,Sprimont,?,out,NA,Ligue 1,2016,2016/2017
FC Nantes,Lorik Cana,33,Centre-Back,Career break,-,out,0,Ligue 1,2016,2016/2017
FC Nantes,Youssouf Sabaly,23,Right-Back,Paris SG,"End of loanJun 30, 2016",out,0,Ligue 1,2016,2016/2017
FC Nantes,Ermir Lenjani,26,Left Midfield,Stade Rennais,"End of loanJun 30, 2016",out,0,Ligue 1,2016,2016/2017
FC Nantes,Adryan,21,Attacking Midfield,Flamengo,"End of loanJun 30, 2016",out,0,Ligue 1,2016,2016/2017
FC Lorient,Mathieu Peybernes,26,Centre-Back,SC Bastia,£1.80m,in,1.8,Ligue 1,2016,2016/2017
FC Lorient,Cafú,23,Central Midfield,Vit. Guimarães,£1.80m,in,1.8,Ligue 1,2016,2016/2017
FC Lorient,Lindsay Rose,24,Centre-Back,Olympique Lyon,£1.35m,in,1.35,Ligue 1,2016,2016/2017
FC Lorient,Steven Moreira,22,Right-Back,Stade Rennais,£1.08m,in,1.08,Ligue 1,2016,2016/2017
FC Lorient,Alhassan Wakaso,25,Defensive Midfield,Rio Ave FC,£900k,in,0.9,Ligue 1,2016,2016/2017
FC Lorient,Faïz Selemani,22,Left Winger,FC Niort,£810k,in,0.81,Ligue 1,2016,2016/2017
FC Lorient,Paul Delecroix,27,Goalkeeper,FC Niort,Free Transfer,in,0,Ligue 1,2016,2016/2017
FC Lorient,Pierre-Yves Hamel,22,Centre-Forward,Lorient B,-,in,0,Ligue 1,2016,2016/2017
FC Lorient,Michaël Ciani,32,Centre-Back,Without Club,-,in,0,Ligue 1,2016,2016/2017
FC Lorient,Mattéo Guendouzi,17,Central Midfield,Lorient B,-,in,0,Ligue 1,2016,2016/2017
FC Lorient,Bradley Mazikou,20,Left-Back,Lorient B,-,in,0,Ligue 1,2016,2016/2017
FC Lorient,Alexis Claude-Maurice,18,Left Midfield,Lorient B,-,in,0,Ligue 1,2016,2016/2017
FC Lorient,Arnold Mvuemba,31,Defensive Midfield,Without Club,-,in,0,Ligue 1,2016,2016/2017
FC Lorient,Yohann Wachter,25,Centre-Back,CS Sedan,"End of loanJun 30, 2017",in,0,Ligue 1,2016,2016/2017
FC Lorient,Jérémie Aliadière,33,Centre-Forward,Without Club,-,in,0,Ligue 1,2016,2016/2017
FC Lorient,Anthony Lamonge,20,Goalkeeper,Lorient B,-,in,0,Ligue 1,2016,2016/2017
FC Lorient,Mohamed Mara,19,Left Winger,Lorient B,-,in,0,Ligue 1,2016,2016/2017
FC Lorient,Erwin Koffi,21,Right-Back,Lorient B,-,in,0,Ligue 1,2016,2016/2017
FC Lorient,Issam Ben Khemis,20,Central Midfield,Lorient B,-,in,0,Ligue 1,2016,2016/2017
FC Lorient,Ibrahima Conté,20,Centre-Back,Lorient B,-,in,0,Ligue 1,2016,2016/2017
FC Lorient,Sylvain Marveaux,30,Attacking Midfield,Without Club,-,in,0,Ligue 1,2016,2016/2017
FC Lorient,Maxence Derrien,22,Centre-Back,US Avranches,"End of loanJun 30, 2016",in,0,Ligue 1,2016,2016/2017
FC Lorient,Valentin Lavigne,22,Centre-Forward,Stade Laval,"End of loanJun 30, 2016",in,0,Ligue 1,2016,2016/2017
FC Lorient,Denis Bouanga,21,Left Midfield,R. Strasbourg,"End of loanJun 30, 2016",in,0,Ligue 1,2016,2016/2017
FC Lorient,Pierre Lavenant,20,Attacking Midfield,CS Sedan,"End of loanJun 30, 2016",in,0,Ligue 1,2016,2016/2017
FC Lorient,Didier Ndong,22,Central Midfield,Sunderland,£18.00m,out,18,Ligue 1,2016,2016/2017
FC Lorient,Raphaël Guerreiro,22,Left Midfield,Bor. Dortmund,£10.80m,out,10.8,Ligue 1,2016,2016/2017
FC Lorient,Moryké Fofana,25,Left Winger,Konyaspor,£135k,out,0.135,Ligue 1,2016,2016/2017
FC Lorient,Rafidine Abdullah,22,Defensive Midfield,Cádiz CF,Free Transfer,out,0,Ligue 1,2016,2016/2017
FC Lorient,Yann Jouffre,31,Right Midfield,FC Metz,Free Transfer,out,0,Ligue 1,2016,2016/2017
FC Lorient,Rémi Mulumba,23,Defensive Midfield,G. Ajaccio,Free Transfer,out,0,Ligue 1,2016,2016/2017
FC Lorient,Valentin Lavigne,22,Centre-Forward,Stade Brest 29,Loan,out,0,Ligue 1,2016,2016/2017
FC Lorient,Denis Bouanga,21,Left Midfield,Tours FC,Loan,out,0,Ligue 1,2016,2016/2017
FC Lorient,Alain Traoré,27,Attacking Midfield,Kayserispor,Free Transfer,out,0,Ligue 1,2016,2016/2017
FC Lorient,Faïz Selemani,23,Left Winger,Tours FC,Loan,out,0,Ligue 1,2016,2016/2017
FC Lorient,Marvin Gakpa,22,Central Midfield,AC Ajaccio,Loan,out,0,Ligue 1,2016,2016/2017
FC Lorient,Maxence Derrien,22,Centre-Back,US Avranches,Free Transfer,out,0,Ligue 1,2016,2016/2017
FC Lorient,Lamine Gassama,26,Right-Back,Alanyaspor,Free Transfer,out,0,Ligue 1,2016,2016/2017
FC Lorient,Lindsay Rose,24,Centre-Back,SC Bastia,Loan,out,0,Ligue 1,2016,2016/2017
FC Lorient,Pierre Lavenant,20,Attacking Midfield,US Avranches,Loan,out,0,Ligue 1,2016,2016/2017
FC Lorient,Florent Chaigneau,32,Goalkeeper,Without Club,-,out,0,Ligue 1,2016,2016/2017
FC Lorient,Hamadou Karamoko,20,Centre-Back,Without Club,-,out,0,Ligue 1,2016,2016/2017
FC Lorient,Ibrahima Sy,20,Goalkeeper,Without Club,-,out,0,Ligue 1,2016,2016/2017
FC Lorient,Yrondu Musavu-King,24,Centre-Back,Granada CF,"End of loanJun 30, 2016",out,0,Ligue 1,2016,2016/2017
EA Guingamp,Mathieu Bodmer,34,Defensive Midfield,OGC Nice,Free Transfer,in,0,Ligue 1,2016,2016/2017
EA Guingamp,Alexandre Mendy,22,Centre-Forward,OGC Nice,Free Transfer,in,0,Ligue 1,2016,2016/2017
EA Guingamp,Romain Salin,31,Goalkeeper,Marítimo,Free Transfer,in,0,Ligue 1,2016,2016/2017
EA Guingamp,Marçal,27,Left-Back,Benfica,Loan,in,0,Ligue 1,2016,2016/2017
EA Guingamp,Sloan Privat,26,Centre-Forward,KAA Gent,?,in,NA,Ligue 1,2016,2016/2017
EA Guingamp,Étienne Didot,32,Central Midfield,Toulouse,?,in,NA,Ligue 1,2016,2016/2017
EA Guingamp,Jordan Ikoko,22,Right-Back,Paris SG B,?,in,NA,Ligue 1,2016,2016/2017
EA Guingamp,Lucas Deaux,27,Defensive Midfield,KAA Gent,?,in,NA,Ligue 1,2016,2016/2017
EA Guingamp,Karl-Johan Johnsson,26,Goalkeeper,Randers FC,?,in,NA,Ligue 1,2016,2016/2017
EA Guingamp,Sullivan Martinet,20,Centre-Forward,EA Guingamp B,-,in,0,Ligue 1,2016,2016/2017
EA Guingamp,Johny Placide,29,Goalkeeper,Without Club,-,in,0,Ligue 1,2016,2016/2017
EA Guingamp,Jérémy Livolant,18,Attacking Midfield,EA Guingamp B,-,in,0,Ligue 1,2016,2016/2017
EA Guingamp,Rachid Alioui,24,Centre-Forward,Stade Laval,"End of loanJun 30, 2016",in,0,Ligue 1,2016,2016/2017
EA Guingamp,Ronnie Schwartz,26,Centre-Forward,Esbjerg fB,"End of loanJun 30, 2016",in,0,Ligue 1,2016,2016/2017
EA Guingamp,Julien Bègue,22,Centre-Forward,Bourg-en-Bresse,"End of loanJun 30, 2016",in,0,Ligue 1,2016,2016/2017
EA Guingamp,Karim Achahbar,20,Left Winger,Luçon VF,"End of loanJun 30, 2016",in,0,Ligue 1,2016,2016/2017
EA Guingamp,Jonas Lössl,27,Goalkeeper,1.FSV Mainz 05,£2.25m,out,2.25,Ligue 1,2016,2016/2017
EA Guingamp,Mamadou Samassa,26,Goalkeeper,Troyes,Free Transfer,out,0,Ligue 1,2016,2016/2017
EA Guingamp,Ronnie Schwartz,26,Centre-Forward,Waasl.-Beveren,Free Transfer,out,0,Ligue 1,2016,2016/2017
EA Guingamp,Rachid Alioui,24,Centre-Forward,Nîmes Olympique,Free Transfer,out,0,Ligue 1,2016,2016/2017
EA Guingamp,Karim Achahbar,20,Left Winger,Quevilly-Rouen,Loan,out,0,Ligue 1,2016,2016/2017
EA Guingamp,Julien Bègue,22,Centre-Forward,Bourg-en-Bresse,Free Transfer,out,0,Ligue 1,2016,2016/2017
EA Guingamp,Franck Héry,23,Centre-Back,Les Herbiers VF,Loan,out,0,Ligue 1,2016,2016/2017
EA Guingamp,Lionel Mathis,34,Defensive Midfield,AJ Auxerre,Free Transfer,out,0,Ligue 1,2016,2016/2017
EA Guingamp,Laurent Dos Santos,23,Left-Back,R. Strasbourg,?,out,NA,Ligue 1,2016,2016/2017
EA Guingamp,Younousse Sankharé,26,Central Midfield,LOSC Lille,?,out,NA,Ligue 1,2016,2016/2017
EA Guingamp,Benjamin Angoua,30,Centre-Back,Revolution,Loan,out,0,Ligue 1,2016,2016/2017
EA Guingamp,Mana Dembélé,27,Centre-Forward,AC Le Havre,?,out,NA,Ligue 1,2016,2016/2017
EA Guingamp,Lars Jacobsen,36,Right-Back,Retired,-,out,0,Ligue 1,2016,2016/2017
EA Guingamp,Maxime Baca,33,Right-Back,Without Club,-,out,0,Ligue 1,2016,2016/2017
EA Guingamp,Julien Cardy,34,Defensive Midfield,Retired,-,out,0,Ligue 1,2016,2016/2017
EA Guingamp,Mevlüt Erdinc,29,Centre-Forward,Hannover 96,"End of loanJun 30, 2016",out,0,Ligue 1,2016,2016/2017
EA Guingamp,Sloan Privat,26,Centre-Forward,KAA Gent,"End of loanJun 30, 2016",out,0,Ligue 1,2016,2016/2017
FC Toulouse,Andy Delort,25,Centre-Forward,Tigres UANL,£5.40m,in,5.4,Ligue 1,2016,2016/2017
FC Toulouse,Christopher Jullien,23,Centre-Back,SC Freiburg,£2.52m,in,2.52,Ligue 1,2016,2016/2017
FC Toulouse,Jimmy Durmaz,27,Left Winger,Olympiacos,£1.80m,in,1.8,Ligue 1,2016,2016/2017
FC Toulouse,Ola Toivonen,30,Centre-Forward,Stade Rennais,£1.35m,in,1.35,Ligue 1,2016,2016/2017
FC Toulouse,Jessy Pi,22,Defensive Midfield,Monaco,£630k,in,0.63,Ligue 1,2016,2016/2017
FC Toulouse,Odsonne Edouard,18,Centre-Forward,Paris SG,Loan,in,0,Ligue 1,2016,2016/2017
FC Toulouse,Corentin Jean,21,Right Winger,Monaco,Loan,in,0,Ligue 1,2016,2016/2017
FC Toulouse,Ibrahim Sangaré,18,Defensive Midfield,AS Denguélé,?,in,NA,Ligue 1,2016,2016/2017
FC Toulouse,Yrondu Musavu-King,24,Centre-Back,Udinese Calcio,Loan,in,0,Ligue 1,2016,2016/2017
FC Toulouse,Dodi Lukebakio,18,Right Winger,RSC Anderlecht,Loan,in,0,Ligue 1,2016,2016/2017
FC Toulouse,Clément Michelin,19,Right-Back,Toulouse B,-,in,0,Ligue 1,2016,2016/2017
FC Toulouse,William Matheus,26,Left-Back,Fluminense,"End of loanJan 30, 2017",in,0,Ligue 1,2016,2016/2017
FC Toulouse,Quentin Boisgard,19,Attacking Midfield,Toulouse B,-,in,0,Ligue 1,2016,2016/2017
FC Toulouse,Kelvin Amian,18,Right-Back,FC Toulouse U19,-,in,0,Ligue 1,2016,2016/2017
FC Toulouse,Mathieu Cafaro,19,Attacking Midfield,Toulouse B,-,in,0,Ligue 1,2016,2016/2017
FC Toulouse,Jordan Sebban,20,Central Midfield,Toulouse B,-,in,0,Ligue 1,2016,2016/2017
FC Toulouse,Issiaga Sylla,22,Left-Back,G. Ajaccio,"End of loanJun 30, 2016",in,0,Ligue 1,2016,2016/2017
FC Toulouse,Dominik Furman,23,Central Midfield,Hellas Verona,"End of loanJun 30, 2016",in,0,Ligue 1,2016,2016/2017
FC Toulouse,Dusan Veskovac,30,Centre-Back,Troyes,"End of loanJun 30, 2016",in,0,Ligue 1,2016,2016/2017
FC Toulouse,Wissam Ben Yedder,25,Centre-Forward,Sevilla FC,£8.55m,out,8.55,Ligue 1,2016,2016/2017
FC Toulouse,Jean-Armel Kana-Biyik,27,Centre-Back,Kayserispor,£450k,out,0.45,Ligue 1,2016,2016/2017
FC Toulouse,Mihai Roman,31,Right Winger,FC Botosani,Free Transfer,out,0,Ligue 1,2016,2016/2017
FC Toulouse,Adrien Regattin,25,Right Midfield,Osmanlispor,Free Transfer,out,0,Ligue 1,2016,2016/2017
FC Toulouse,Aleksandar Pesic,24,Centre-Forward,Atalanta,Loan,out,0,Ligue 1,2016,2016/2017
FC Toulouse,Maxime Spano,21,Centre-Back,Grenoble,Free Transfer,out,0,Ligue 1,2016,2016/2017
FC Toulouse,Youssef Ben Ali,21,Left Winger,CR Al Hoceima,Free Transfer,out,0,Ligue 1,2016,2016/2017
FC Toulouse,William Matheus,26,Left-Back,Coritiba FC,?,out,NA,Ligue 1,2016,2016/2017
FC Toulouse,Dominik Furman,23,Central Midfield,Wisla Plock,Loan,out,0,Ligue 1,2016,2016/2017
FC Toulouse,Étienne Didot,32,Central Midfield,Guingamp,?,out,NA,Ligue 1,2016,2016/2017
FC Toulouse,Zinédine Machach,20,Central Midfield,Marseille,Loan,out,0,Ligue 1,2016,2016/2017
FC Toulouse,Uros Spajic,23,Centre-Back,RSC Anderlecht,Loan,out,0,Ligue 1,2016,2016/2017
FC Toulouse,Mathieu Cafaro,20,Attacking Midfield,Without Club,-,out,0,Ligue 1,2016,2016/2017
FC Toulouse,Odsonne Edouard,19,Centre-Forward,Paris SG,"End of loanApr 4, 2017",out,0,Ligue 1,2016,2016/2017
FC Toulouse,Marcel Tisserand,23,Centre-Back,Monaco,"End of loanJun 30, 2016",out,0,Ligue 1,2016,2016/2017
AS Nancy-Lorraine,Vincent Marchetti,19,Defensive Midfield,AC Ajaccio,£1.35m,in,1.35,Ligue 1,2016,2016/2017
AS Nancy-Lorraine,Sergey Chernik,27,Goalkeeper,BATE Borisov,£450k,in,0.45,Ligue 1,2016,2016/2017
AS Nancy-Lorraine,Erick Cabaco,21,Centre-Back,Nacional,Loan fee:£270k,in,0.27,Ligue 1,2016,2016/2017
AS Nancy-Lorraine,Alou Diarra,35,Defensive Midfield,Charlton,Free Transfer,in,0,Ligue 1,2016,2016/2017
AS Nancy-Lorraine,Anthony Koura,23,Centre-Forward,Nîmes Olympique,Free Transfer,in,0,Ligue 1,2016,2016/2017
AS Nancy-Lorraine,Issiar Dia,29,Right Winger,Al Kharitiyat,Free Transfer,in,0,Ligue 1,2016,2016/2017
AS Nancy-Lorraine,Youssef Aït Bennasser,19,Central Midfield,Monaco,Loan,in,0,Ligue 1,2016,2016/2017
AS Nancy-Lorraine,Christophe Mandanne,31,Centre-Forward,Fujairah SC,?,in,NA,Ligue 1,2016,2016/2017
AS Nancy-Lorraine,Serge N'Guessan,21,Central Midfield,AFAD Djékanou,?,in,NA,Ligue 1,2016,2016/2017
AS Nancy-Lorraine,Alexandre Menay,19,Goalkeeper,AS Nancy B,-,in,0,Ligue 1,2016,2016/2017
AS Nancy-Lorraine,Yann Mabella,20,Centre-Forward,AS Nancy B,-,in,0,Ligue 1,2016,2016/2017
AS Nancy-Lorraine,Alexis Busin,21,Right Winger,Clermont Foot,"End of loanJan 16, 2017",in,0,Ligue 1,2016,2016/2017
AS Nancy-Lorraine,Romain Bauchet,22,Centre-Forward,SAS Epinal,"End of loanJun 30, 2016",in,0,Ligue 1,2016,2016/2017
AS Nancy-Lorraine,Quentin Beunardeau,22,Goalkeeper,AFC Tubize,"End of loanJun 30, 2016",in,0,Ligue 1,2016,2016/2017
AS Nancy-Lorraine,Clément Lenglet,21,Centre-Back,Sevilla FC,£4.86m,out,4.86,Ligue 1,2016,2016/2017
AS Nancy-Lorraine,Youssef Aït Bennasser,19,Central Midfield,Monaco,£2.70m,out,2.7,Ligue 1,2016,2016/2017
AS Nancy-Lorraine,Arnaud Lusamba,19,Central Midfield,OGC Nice,£2.25m,out,2.25,Ligue 1,2016,2016/2017
AS Nancy-Lorraine,Quentin Beunardeau,22,Goalkeeper,AFC Tubize,Free Transfer,out,0,Ligue 1,2016,2016/2017
AS Nancy-Lorraine,Alexis Busin,20,Right Winger,Clermont Foot,Loan,out,0,Ligue 1,2016,2016/2017
AS Nancy-Lorraine,Romain Bauchet,22,Centre-Forward,RUFC Calais,Free Transfer,out,0,Ligue 1,2016,2016/2017
AS Nancy-Lorraine,Pape Diakhaté,32,Centre-Back,Without Club,-,out,0,Ligue 1,2016,2016/2017
AS Nancy-Lorraine,Brice Samba,22,Goalkeeper,Marseille,"End of loanJun 30, 2016",out,0,Ligue 1,2016,2016/2017
AS Nancy-Lorraine,Jonathan Iglesias,27,Central Midfield,Tanque Sisley,"End of loanJun 30, 2016",out,0,Ligue 1,2016,2016/2017
FCO Dijon,Chang-hun Kwon,22,Right Winger,Suwon Bluewings,£1.35m,in,1.35,Ligue 1,2016,2016/2017
FCO Dijon,Ádám Lang,23,Centre-Back,Videoton FC,£900k,in,0.9,Ligue 1,2016,2016/2017
FCO Dijon,Arnold Bouka Moutou,27,Left-Back,SCO Angers,£360k,in,0.36,Ligue 1,2016,2016/2017
FCO Dijon,Mehdi Abeid,24,Central Midfield,Panathinaikos,£225k,in,0.225,Ligue 1,2016,2016/2017
FCO Dijon,Yunis Abdelhamid,28,Centre-Back,Valenciennes FC,Free Transfer,in,0,Ligue 1,2016,2016/2017
FCO Dijon,Florent Balmont,36,Central Midfield,LOSC Lille,Free Transfer,in,0,Ligue 1,2016,2016/2017
FCO Dijon,Bobby Allain,24,Goalkeeper,Red Star FC,Free Transfer,in,0,Ligue 1,2016,2016/2017
FCO Dijon,Valentin Rosier,19,Right-Back,Rodez AF,Free Transfer,in,0,Ligue 1,2016,2016/2017
FCO Dijon,Dylan Bahamboula,21,Attacking Midfield,Monaco,Free Transfer,in,0,Ligue 1,2016,2016/2017
FCO Dijon,Vincent Rüfli,28,Right-Back,FC Sion,Free Transfer,in,0,Ligue 1,2016,2016/2017
FCO Dijon,Fouad Chafik,29,Right-Back,Stade Laval,Free Transfer,in,0,Ligue 1,2016,2016/2017
FCO Dijon,Marvin Martin,28,Attacking Midfield,LOSC Lille,Loan,in,0,Ligue 1,2016,2016/2017
FCO Dijon,Oussama Haddadi,25,Left-Back,Club Africain,?,in,NA,Ligue 1,2016,2016/2017
FCO Dijon,Benjamin Leroy,27,Goalkeeper,Évian,?,in,NA,Ligue 1,2016,2016/2017
FCO Dijon,Arnaud Souquet,24,Right-Back,OGC Nice,£1.13m,out,1.13,Ligue 1,2016,2016/2017
FCO Dijon,Mamadou Thiam,21,Centre-Forward,Clermont Foot,Loan,out,0,Ligue 1,2016,2016/2017
FCO Dijon,Enzo Basilio,21,Goalkeeper,Quevilly-Rouen,Loan,out,0,Ligue 1,2016,2016/2017
FCO Dijon,Mouhameth Sané,20,Centre-Back,AJ Auxerre,Free Transfer,out,0,Ligue 1,2016,2016/2017
FCO Dijon,Christopher Dilo,22,Goalkeeper,FC Sochaux,Free Transfer,out,0,Ligue 1,2016,2016/2017
FCO Dijon,Jessy Benet,21,Central Midfield,US Avranches,Loan,out,0,Ligue 1,2016,2016/2017
FCO Dijon,Erwan Maury,20,Defensive Midfield,Quevilly-Rouen,Loan,out,0,Ligue 1,2016,2016/2017
FCO Dijon,Johan Gastien,28,Defensive Midfield,Stade Brest 29,?,out,NA,Ligue 1,2016,2016/2017
FCO Dijon,Quentin Bernard,27,Left-Back,Stade Brest 29,?,out,NA,Ligue 1,2016,2016/2017
FCO Dijon,Abdoulaye Bamba,26,Right-Back,Without Club,-,out,0,Ligue 1,2016,2016/2017
FCO Dijon,Steven Paulle,30,Centre-Back,Without Club,-,out,0,Ligue 1,2016,2016/2017
FCO Dijon,Christopher Jullien,23,Centre-Back,SC Freiburg,"End of loanJun 30, 2016",out,0,Ligue 1,2016,2016/2017
FCO Dijon,Gaël Andonian,21,Centre-Back,Marseille,"End of loanJun 30, 2016",out,0,Ligue 1,2016,2016/2017
FCO Dijon,Wesley Saïd,21,Centre-Forward,Stade Rennais,"End of loanJun 30, 2016",out,0,Ligue 1,2016,2016/2017
FCO Dijon,Granddi N'Goyi,28,Defensive Midfield,US Palermo,"End of loanJun 30, 2016",out,0,Ligue 1,2016,2016/2017
FC Metz,Fallou Diagne,27,Centre-Back,Werder Bremen,Loan fee:£360k,in,0.36,Ligue 1,2016,2016/2017
FC Metz,Benoît Assou-Ekotto,32,Left-Back,Saint-Étienne,Free Transfer,in,0,Ligue 1,2016,2016/2017
FC Metz,Yann Jouffre,31,Right Midfield,FC Lorient,Free Transfer,in,0,Ligue 1,2016,2016/2017
FC Metz,Simon Falette,24,Centre-Back,Stade Brest 29,Free Transfer,in,0,Ligue 1,2016,2016/2017
FC Metz,Milan Bisevac,32,Centre-Back,Lazio,Free Transfer,in,0,Ligue 1,2016,2016/2017
FC Metz,Opa Nguette,21,Left Winger,Valenciennes FC,Free Transfer,in,0,Ligue 1,2016,2016/2017
FC Metz,Eiji Kawashima,33,Goalkeeper,Dundee United,Free Transfer,in,0,Ligue 1,2016,2016/2017
FC Metz,Franck Signorino,34,Left-Back,Reims,Free Transfer,in,0,Ligue 1,2016,2016/2017
FC Metz,Florent Mollet,24,Attacking Midfield,US Créteil,Free Transfer,in,0,Ligue 1,2016,2016/2017
FC Metz,Cheick Diabaté,28,Centre-Forward,Osmanlispor,Loan,in,0,Ligue 1,2016,2016/2017
FC Metz,Mevlüt Erdinc,29,Centre-Forward,Hannover 96,Loan,in,0,Ligue 1,2016,2016/2017
FC Metz,Renaud Cohade,31,Central Midfield,Saint-Étienne,?,in,NA,Ligue 1,2016,2016/2017
FC Metz,Ismaïla Sarr,18,Left Winger,Génération Foot,?,in,NA,Ligue 1,2016,2016/2017
FC Metz,Popoola Sodiq,21,Defensive Midfield,FC Metz B,-,in,0,Ligue 1,2016,2016/2017
FC Metz,Janis Ikaunieks,22,Attacking Midfield,AE Larisa,"End of loanMay 31, 2017",in,0,Ligue 1,2016,2016/2017
FC Metz,Gauthier Hein,19,Right Winger,FC Metz B,-,in,0,Ligue 1,2016,2016/2017
FC Metz,Vahid Selimovic,19,Centre-Back,FC Metz B,-,in,0,Ligue 1,2016,2016/2017
FC Metz,Alexis Larriere,19,Central Midfield,FC Metz B,-,in,0,Ligue 1,2016,2016/2017
FC Metz,Vincent Thill,16,Attacking Midfield,FC Metz U19,-,in,0,Ligue 1,2016,2016/2017
FC Metz,Chris Philipps,22,Defensive Midfield,Preußen Münster,"End of loanJun 30, 2016",in,0,Ligue 1,2016,2016/2017
FC Metz,Thibaut Vion,22,Right-Back,RFC Seraing,"End of loanJun 30, 2016",in,0,Ligue 1,2016,2016/2017
FC Metz,Fadil Sido,23,Attacking Midfield,Luçon VF,"End of loanJun 30, 2016",in,0,Ligue 1,2016,2016/2017
FC Metz,Kwame Nsor,23,Centre-Forward,RFC Seraing,"End of loanJun 30, 2016",in,0,Ligue 1,2016,2016/2017
FC Metz,Anthony Mfa Mezui,25,Goalkeeper,RFC Seraing,"End of loanJun 30, 2016",in,0,Ligue 1,2016,2016/2017
FC Metz,Juan Falcón,27,Centre-Forward,Al-Fateh,"End of loanJun 30, 2016",in,0,Ligue 1,2016,2016/2017
FC Metz,Marouane Sahraoui,20,Centre-Back,RFC Seraing,"End of loanJun 30, 2016",in,0,Ligue 1,2016,2016/2017
FC Metz,Médéric Deher,21,Right-Back,AFC Tubize,"End of loanJun 30, 2016",in,0,Ligue 1,2016,2016/2017
FC Metz,Ferjani Sassi,24,Central Midfield,Esperance,£698k,out,0.698,Ligue 1,2016,2016/2017
FC Metz,Habib Diallo,21,Centre-Forward,Stade Brest 29,Loan,out,0,Ligue 1,2016,2016/2017
FC Metz,José Luis Palomino,26,Centre-Back,Ludogorets,Free Transfer,out,0,Ligue 1,2016,2016/2017
FC Metz,Nuno Reis,25,Centre-Back,Panathinaikos,Free Transfer,out,0,Ligue 1,2016,2016/2017
FC Metz,Dieudonné Gbaklé,20,Left Winger,Genclerbirligi,Free Transfer,out,0,Ligue 1,2016,2016/2017
FC Metz,Oumar Gonzalez,18,Centre-Back,SAS Epinal,Loan,out,0,Ligue 1,2016,2016/2017
FC Metz,Sergey Krivets,30,Attacking Midfield,Wisla Plock,Free Transfer,out,0,Ligue 1,2016,2016/2017
FC Metz,Lucas Toussaint,20,Defensive Midfield,RFC Seraing,Loan,out,0,Ligue 1,2016,2016/2017
FC Metz,Médéric Deher,21,Right-Back,US Avranches,Loan,out,0,Ligue 1,2016,2016/2017
FC Metz,Hamza Sakhi,20,Attacking Midfield,SAS Epinal,Loan,out,0,Ligue 1,2016,2016/2017
FC Metz,Popoola Sodiq,22,Defensive Midfield,Khémisset,Free Transfer,out,0,Ligue 1,2016,2016/2017
FC Metz,André Santos,27,Defensive Midfield,Arouca,Free Transfer,out,0,Ligue 1,2016,2016/2017
FC Metz,Romain Métanire,26,Right-Back,KV Kortrijk,Free Transfer,out,0,Ligue 1,2016,2016/2017
FC Metz,Yeni N'Gbakoto,24,Right Winger,QPR,?,out,NA,Ligue 1,2016,2016/2017
FC Metz,Janis Ikaunieks,21,Attacking Midfield,AE Larisa,Loan,out,0,Ligue 1,2016,2016/2017
FC Metz,Kevin Lejeune,32,Left Midfield,AC Ajaccio,?,out,NA,Ligue 1,2016,2016/2017
FC Metz,Juan Falcón,27,Centre-Forward,Indep. Santa Fe,?,out,NA,Ligue 1,2016,2016/2017
FC Metz,Kwame Nsor,24,Centre-Forward,União Madeira,?,out,NA,Ligue 1,2016,2016/2017
FC Metz,Samy Kehli,25,Attacking Midfield,KSV Roeselare,?,out,NA,Ligue 1,2016,2016/2017
FC Metz,Marouane Sahraoui,20,Centre-Back,Guimarães B,?,out,NA,Ligue 1,2016,2016/2017
FC Metz,Fadil Sido,23,Attacking Midfield,Without Club,-,out,0,Ligue 1,2016,2016/2017
FC Metz,Anthony Mfa Mezui,25,Goalkeeper,Without Club,-,out,0,Ligue 1,2016,2016/2017
FC Metz,Célestin Djim,21,Right Winger,FC Porto B,"End of loanJun 30, 2016",out,0,Ligue 1,2016,2016/2017
FC Metz,Tiago Gomes,29,Left-Back,Braga,"End of loanJun 30, 2016",out,0,Ligue 1,2016,2016/2017
FC Metz,Daniel Candeias,28,Right Winger,Benfica,"End of loanJun 30, 2016",out,0,Ligue 1,2016,2016/2017
FC Metz,Juan Cruz Kaprof,21,Second Striker,River Plate II,"End of loanJun 30, 2016",out,0,Ligue 1,2016,2016/2017
FC Metz,Christian Bekamenga,30,Centre-Forward,Troyes,"End of loanJun 30, 2016",out,0,Ligue 1,2016,2016/2017
