club_name,player_name,age,position,club_involved_name,fee,transfer_movement,fee_cleaned,league_name,year,season
Bayern Munich,Renato Sanches,18,Central Midfield,Benfica,£31.50m,in,31.5,1 Bundesliga,2016,2016/2017
Bayern Munich,Mats Hummels,27,Centre-Back,Bor. Dortmund,£31.50m,in,31.5,1 Bundesliga,2016,2016/2017
Bayern Munich,Niklas Dorsch,18,Defensive Midfield,FC Bayern II,-,in,0,1 Bundesliga,2016,2016/2017
Bayern Munich,Fabian Benko,18,Attacking Midfield,FC Bayern II,-,in,0,1 Bundesliga,2016,2016/2017
Bayern Munich,Pierre-Emile Höjbjerg,20,Central Midfield,FC Schalke 04,"End of loanJun 30, 2016",in,0,1 Bundesliga,2016,2016/2017
Bayern Munich,Mario Götze,24,Attacking Midfield,Bor. Dortmund,£19.80m,out,19.8,1 Bundesliga,2016,2016/2017
Bayern Munich,Pierre-Emile Höjbjerg,20,Central Midfield,Southampton,£13.50m,out,13.5,1 Bundesliga,2016,2016/2017
Bayern Munich,Sebastian Rode,25,Central Midfield,Bor. Dortmund,£10.80m,out,10.8,1 Bundesliga,2016,2016/2017
Bayern Munich,Medhi Benatia,29,Centre-Back,Juventus,Loan fee:£2.70m,out,2.7,1 Bundesliga,2016,2016/2017
Bayern Munich,Julian Green,21,Attacking Midfield,VfB Stuttgart,£270k,out,0.27,1 Bundesliga,2016,2016/2017
Bayern Munich,Holger Badstuber,27,Centre-Back,FC Schalke 04,Loan,out,0,1 Bundesliga,2016,2016/2017
Bayern Munich,Ivan Lucic,21,Goalkeeper,Bristol City,?,out,NA,1 Bundesliga,2016,2016/2017
Bayern Munich,Serdar Tasci,29,Centre-Back,Spartak Moscow,"End of loanJun 30, 2016",out,0,1 Bundesliga,2016,2016/2017
Borussia Dortmund,André Schürrle,25,Left Winger,VfL Wolfsburg,£27.00m,in,27,1 Bundesliga,2016,2016/2017
Borussia Dortmund,Mario Götze,24,Attacking Midfield,Bayern Munich,£19.80m,in,19.8,1 Bundesliga,2016,2016/2017
Borussia Dortmund,Ousmane Dembélé,19,Left Winger,Stade Rennais,£13.50m,in,13.5,1 Bundesliga,2016,2016/2017
Borussia Dortmund,Sebastian Rode,25,Central Midfield,Bayern Munich,£10.80m,in,10.8,1 Bundesliga,2016,2016/2017
Borussia Dortmund,Raphaël Guerreiro,22,Left Midfield,FC Lorient,£10.80m,in,10.8,1 Bundesliga,2016,2016/2017
Borussia Dortmund,Emre Mor,18,Left Winger,Nordsjaelland,£8.78m,in,8.78,1 Bundesliga,2016,2016/2017
Borussia Dortmund,Alexander Isak,17,Centre-Forward,AIK,£7.74m,in,7.74,1 Bundesliga,2016,2016/2017
Borussia Dortmund,Marc Bartra,25,Centre-Back,FC Barcelona,£7.20m,in,7.2,1 Bundesliga,2016,2016/2017
Borussia Dortmund,Mikel Merino,20,Defensive Midfield,CA Osasuna,£3.38m,in,3.38,1 Bundesliga,2016,2016/2017
Borussia Dortmund,Dzenis Burnic,18,Defensive Midfield,B. Dortmund U19,-,in,0,1 Bundesliga,2016,2016/2017
Borussia Dortmund,Jannik Bandowski,22,Left-Back,1860 Munich,"End of loanJun 30, 2016",in,0,1 Bundesliga,2016,2016/2017
Borussia Dortmund,Jakub Blaszczykowski,30,Right Winger,Fiorentina,"End of loanJun 30, 2016",in,0,1 Bundesliga,2016,2016/2017
Borussia Dortmund,Henrikh Mkhitaryan,27,Attacking Midfield,Man Utd,£37.80m,out,37.8,1 Bundesliga,2016,2016/2017
Borussia Dortmund,Mats Hummels,27,Centre-Back,Bayern Munich,£31.50m,out,31.5,1 Bundesliga,2016,2016/2017
Borussia Dortmund,Ilkay Gündogan,25,Central Midfield,Man City,£24.30m,out,24.3,1 Bundesliga,2016,2016/2017
Borussia Dortmund,Jakub Blaszczykowski,30,Right Winger,VfL Wolfsburg,£4.50m,out,4.5,1 Bundesliga,2016,2016/2017
Borussia Dortmund,Moritz Leitner,23,Central Midfield,Lazio,£1.35m,out,1.35,1 Bundesliga,2016,2016/2017
Borussia Dortmund,Neven Subotic,28,Centre-Back,1. FC Köln,Loan fee:£450k,out,0.45,1 Bundesliga,2016,2016/2017
Borussia Dortmund,Jannik Bandowski,22,Left-Back,VfL Bochum,Free Transfer,out,0,1 Bundesliga,2016,2016/2017
Borussia Dortmund,Adrián Ramos,31,Centre-Forward,Granada CF,Loan,out,0,1 Bundesliga,2016,2016/2017
Bayer 04 Leverkusen,Kevin Volland,23,Centre-Forward,TSG Hoffenheim,£18.00m,in,18,1 Bundesliga,2016,2016/2017
Bayer 04 Leverkusen,Aleksandar Dragovic,25,Centre-Back,Dynamo Kyiv,£16.20m,in,16.2,1 Bundesliga,2016,2016/2017
Bayer 04 Leverkusen,Leon Bailey,19,Left Winger,KRC Genk,£12.15m,in,12.15,1 Bundesliga,2016,2016/2017
Bayer 04 Leverkusen,Julian Baumgartlinger,28,Defensive Midfield,1.FSV Mainz 05,£3.60m,in,3.6,1 Bundesliga,2016,2016/2017
Bayer 04 Leverkusen,Jonas Meffert,21,Defensive Midfield,Karlsruher SC,£540k,in,0.54,1 Bundesliga,2016,2016/2017
Bayer 04 Leverkusen,Danny da Costa,22,Right-Back,FC Ingolstadt,£450k,in,0.45,1 Bundesliga,2016,2016/2017
Bayer 04 Leverkusen,Ramazan Özcan,32,Goalkeeper,FC Ingolstadt,£450k,in,0.45,1 Bundesliga,2016,2016/2017
Bayer 04 Leverkusen,Kai Havertz,17,Attacking Midfield,Leverkusen U17,-,in,0,1 Bundesliga,2016,2016/2017
Bayer 04 Leverkusen,Patrik Dzalto,19,Centre-Forward,Leverkusen U19,-,in,0,1 Bundesliga,2016,2016/2017
Bayer 04 Leverkusen,Joel Abu Hanna,18,Centre-Back,Leverkusen U19,-,in,0,1 Bundesliga,2016,2016/2017
Bayer 04 Leverkusen,Andrejs Ciganiks,19,Left Winger,Leverkusen U19,-,in,0,1 Bundesliga,2016,2016/2017
Bayer 04 Leverkusen,Robin Becker,20,Centre-Back,1.FC Heidenheim,"End of loanJun 30, 2017",in,0,1 Bundesliga,2016,2016/2017
Bayer 04 Leverkusen,Kyriakos Papadopoulos,24,Centre-Back,RB Leipzig,"End of loanJan 15, 2017",in,0,1 Bundesliga,2016,2016/2017
Bayer 04 Leverkusen,Malcolm Cacutalua,21,Centre-Back,VfL Bochum,"End of loanJun 30, 2016",in,0,1 Bundesliga,2016,2016/2017
Bayer 04 Leverkusen,Maximilian Wagener,21,Central Midfield,FSV Mainz 05 II,"End of loanJun 30, 2016",in,0,1 Bundesliga,2016,2016/2017
Bayer 04 Leverkusen,Joel Pohjanpalo,21,Centre-Forward,F. Düsseldorf,"End of loanJun 30, 2016",in,0,1 Bundesliga,2016,2016/2017
Bayer 04 Leverkusen,Niklas Lomb,22,Goalkeeper,Preußen Münster,"End of loanJun 30, 2016",in,0,1 Bundesliga,2016,2016/2017
Bayer 04 Leverkusen,Seung-uh Ryu,22,Attacking Midfield,Arm. Bielefeld,"End of loanJun 30, 2016",in,0,1 Bundesliga,2016,2016/2017
Bayer 04 Leverkusen,Levin Öztunali,20,Right Midfield,Werder Bremen,"End of loanJun 30, 2016",in,0,1 Bundesliga,2016,2016/2017
Bayer 04 Leverkusen,Marc Brasnic,19,Centre-Forward,SC Paderborn,"End of loanJun 30, 2016",in,0,1 Bundesliga,2016,2016/2017
Bayer 04 Leverkusen,Christoph Kramer,25,Defensive Midfield,Bor. M'gladbach,£13.50m,out,13.5,1 Bundesliga,2016,2016/2017
Bayer 04 Leverkusen,Levin Öztunali,20,Right Midfield,1.FSV Mainz 05,£4.50m,out,4.5,1 Bundesliga,2016,2016/2017
Bayer 04 Leverkusen,Jonas Meffert,21,Defensive Midfield,SC Freiburg,£1.08m,out,1.08,1 Bundesliga,2016,2016/2017
Bayer 04 Leverkusen,Kyriakos Papadopoulos,24,Centre-Back,RB Leipzig,Loan fee:£900k,out,0.9,1 Bundesliga,2016,2016/2017
Bayer 04 Leverkusen,Robbie Kruse,28,Left Winger,Liaoning FC,£450k,out,0.45,1 Bundesliga,2016,2016/2017
Bayer 04 Leverkusen,Kyriakos Papadopoulos,24,Centre-Back,Hamburger SV,Loan fee:£450k,out,0.45,1 Bundesliga,2016,2016/2017
Bayer 04 Leverkusen,André Ramalho,24,Centre-Back,1.FSV Mainz 05,Loan fee:£450k,out,0.45,1 Bundesliga,2016,2016/2017
Bayer 04 Leverkusen,David Yelldell,34,Goalkeeper,Sonnenhof-Gr.,Free Transfer,out,0,1 Bundesliga,2016,2016/2017
Bayer 04 Leverkusen,Dario Kresic,32,Goalkeeper,Omonia Nikosia,Free Transfer,out,0,1 Bundesliga,2016,2016/2017
Bayer 04 Leverkusen,Marc Brasnic,19,Centre-Forward,SC Fortuna Köln,Loan,out,0,1 Bundesliga,2016,2016/2017
Bayer 04 Leverkusen,Maximilian Wagener,21,Central Midfield,Wattenscheid 09,Free Transfer,out,0,1 Bundesliga,2016,2016/2017
Bayer 04 Leverkusen,Marlon Frey,20,Defensive Midfield,1.FC K'lautern,Loan,out,0,1 Bundesliga,2016,2016/2017
Bayer 04 Leverkusen,Robin Becker,19,Centre-Back,1.FC Heidenheim,Loan,out,0,1 Bundesliga,2016,2016/2017
Bayer 04 Leverkusen,Malcolm Cacutalua,21,Centre-Back,Arm. Bielefeld,?,out,NA,1 Bundesliga,2016,2016/2017
Bayer 04 Leverkusen,Andrejs Ciganiks,19,Left Winger,Viktoria Köln,Loan,out,0,1 Bundesliga,2016,2016/2017
Bayer 04 Leverkusen,Patrik Dzalto,19,Centre-Forward,Jahn Regensburg,Loan,out,0,1 Bundesliga,2016,2016/2017
Bayer 04 Leverkusen,Seung-uh Ryu,22,Attacking Midfield,Ferencváros,Loan,out,0,1 Bundesliga,2016,2016/2017
Bayer 04 Leverkusen,Lukas Boeder,19,Right-Back,SC Paderborn,Loan,out,0,1 Bundesliga,2016,2016/2017
Bayer 04 Leverkusen,Sebastian Boenisch,29,Left-Back,Without Club,-,out,0,1 Bundesliga,2016,2016/2017
Borussia Mönchengladbach,Christoph Kramer,25,Defensive Midfield,Bay. Leverkusen,£13.50m,in,13.5,1 Bundesliga,2016,2016/2017
Borussia Mönchengladbach,Jannik Vestergaard,23,Centre-Back,Werder Bremen,£11.25m,in,11.25,1 Bundesliga,2016,2016/2017
Borussia Mönchengladbach,Timothée Kolodziejczak,25,Centre-Back,Sevilla FC,£6.75m,in,6.75,1 Bundesliga,2016,2016/2017
Borussia Mönchengladbach,Lászlo Bénes,18,Central Midfield,MSK Zilina,£1.80m,in,1.8,1 Bundesliga,2016,2016/2017
Borussia Mönchengladbach,Julio Villalba,18,Centre-Forward,Cerro Porteño,£1.13m,in,1.13,1 Bundesliga,2016,2016/2017
Borussia Mönchengladbach,Mamadou Doucouré,18,Centre-Back,Paris SG B,Free Transfer,in,0,1 Bundesliga,2016,2016/2017
Borussia Mönchengladbach,Tobias Strobl,26,Defensive Midfield,TSG Hoffenheim,Free Transfer,in,0,1 Bundesliga,2016,2016/2017
Borussia Mönchengladbach,Moritz Nicolas,18,Goalkeeper,M'gladbach II,-,in,0,1 Bundesliga,2016,2016/2017
Borussia Mönchengladbach,Ba-Muaka Simakala,19,Second Striker,M'gladbach U19,-,in,0,1 Bundesliga,2016,2016/2017
Borussia Mönchengladbach,Tsiy William Ndenge,19,Central Midfield,M'gladbach II,-,in,0,1 Bundesliga,2016,2016/2017
Borussia Mönchengladbach,Djibril Sow,19,Central Midfield,M'gladbach II,-,in,0,1 Bundesliga,2016,2016/2017
Borussia Mönchengladbach,Nico Brandenburger,21,Defensive Midfield,FC Luzern,"End of loanJun 30, 2016",in,0,1 Bundesliga,2016,2016/2017
Borussia Mönchengladbach,Josip Drmic,23,Centre-Forward,Hamburger SV,"End of loanJun 30, 2016",in,0,1 Bundesliga,2016,2016/2017
Borussia Mönchengladbach,Janis Blaswich,25,Goalkeeper,Dynamo Dresden,"End of loanJun 30, 2016",in,0,1 Bundesliga,2016,2016/2017
Borussia Mönchengladbach,Granit Xhaka,23,Defensive Midfield,Arsenal,£40.50m,out,40.5,1 Bundesliga,2016,2016/2017
Borussia Mönchengladbach,Marlon Ritter,21,Attacking Midfield,F. Düsseldorf,£90k,out,0.09,1 Bundesliga,2016,2016/2017
Borussia Mönchengladbach,Havard Nordtveit,26,Defensive Midfield,West Ham,Free Transfer,out,0,1 Bundesliga,2016,2016/2017
Borussia Mönchengladbach,Roel Brouwers,34,Centre-Back,Roda JC,Free Transfer,out,0,1 Bundesliga,2016,2016/2017
Borussia Mönchengladbach,Julio Villalba,18,Centre-Forward,Cerro Porteño,Loan,out,0,1 Bundesliga,2016,2016/2017
Borussia Mönchengladbach,Branimir Hrgota,23,Centre-Forward,E. Frankfurt,Free Transfer,out,0,1 Bundesliga,2016,2016/2017
Borussia Mönchengladbach,Álvaro Domínguez,27,Centre-Back,Retired,-,out,0,1 Bundesliga,2016,2016/2017
Borussia Mönchengladbach,Martin Stranzl,36,Centre-Back,Retired,-,out,0,1 Bundesliga,2016,2016/2017
Borussia Mönchengladbach,Nico Brandenburger,21,Defensive Midfield,M'gladbach II,-,out,0,1 Bundesliga,2016,2016/2017
Borussia Mönchengladbach,Martin Hinteregger,23,Centre-Back,RB Salzburg,"End of loanJun 30, 2016",out,0,1 Bundesliga,2016,2016/2017
FC Schalke 04,Breel Embolo,19,Centre-Forward,FC Basel,£23.85m,in,23.85,1 Bundesliga,2016,2016/2017
FC Schalke 04,Benjamin Stambouli,26,Centre-Back,Paris SG,£7.20m,in,7.2,1 Bundesliga,2016,2016/2017
FC Schalke 04,Coke,29,Right-Back,Sevilla FC,£3.60m,in,3.6,1 Bundesliga,2016,2016/2017
FC Schalke 04,Daniel Caligiuri,29,Right Midfield,VfL Wolfsburg,£2.25m,in,2.25,1 Bundesliga,2016,2016/2017
FC Schalke 04,Guido Burgstaller,27,Centre-Forward,1.FC Nuremberg,£1.35m,in,1.35,1 Bundesliga,2016,2016/2017
FC Schalke 04,Abdul Rahman Baba,22,Left-Back,Chelsea,Loan fee:£450k,in,0.45,1 Bundesliga,2016,2016/2017
FC Schalke 04,Robert Leipertz,23,Right Winger,1.FC Heidenheim,£270k,in,0.27,1 Bundesliga,2016,2016/2017
FC Schalke 04,Nabil Bentaleb,21,Central Midfield,Spurs,Loan,in,0,1 Bundesliga,2016,2016/2017
FC Schalke 04,Naldo,33,Centre-Back,VfL Wolfsburg,Free Transfer,in,0,1 Bundesliga,2016,2016/2017
FC Schalke 04,Yevhen Konoplianka,26,Left Winger,Sevilla FC,Loan,in,0,1 Bundesliga,2016,2016/2017
FC Schalke 04,Holger Badstuber,27,Centre-Back,Bayern Munich,Loan,in,0,1 Bundesliga,2016,2016/2017
FC Schalke 04,Fabian Reese,18,Centre-Forward,Schalke 04 U19,-,in,0,1 Bundesliga,2016,2016/2017
FC Schalke 04,Bernard Tekpetey,18,Right Winger,Schalke 04 II,-,in,0,1 Bundesliga,2016,2016/2017
FC Schalke 04,Joshua Bitter,19,Right-Back,Schalke 04 U19,-,in,0,1 Bundesliga,2016,2016/2017
FC Schalke 04,Phil Neumann,18,Right-Back,Schalke 04 U19,-,in,0,1 Bundesliga,2016,2016/2017
FC Schalke 04,Timon Wellenreuther,20,Goalkeeper,RCD Mallorca,"End of loanJun 30, 2016",in,0,1 Bundesliga,2016,2016/2017
FC Schalke 04,Donis Avdijaj,19,Left Winger,Sturm Graz,"End of loanJun 30, 2016",in,0,1 Bundesliga,2016,2016/2017
FC Schalke 04,Christian Clemens,24,Right Winger,1.FSV Mainz 05,"End of loanJun 30, 2016",in,0,1 Bundesliga,2016,2016/2017
FC Schalke 04,Kaan Ayhan,21,Centre-Back,E. Frankfurt,"End of loanJun 30, 2016",in,0,1 Bundesliga,2016,2016/2017
FC Schalke 04,Leroy Sané,20,Left Winger,Man City,£45.45m,out,45.45,1 Bundesliga,2016,2016/2017
FC Schalke 04,Júnior Caiçara,27,Right-Back,Basaksehir,£2.70m,out,2.7,1 Bundesliga,2016,2016/2017
FC Schalke 04,Christian Clemens,24,Right Winger,1.FSV Mainz 05,£1.80m,out,1.8,1 Bundesliga,2016,2016/2017
FC Schalke 04,Robert Leipertz,23,Right Winger,FC Ingolstadt,£1.35m,out,1.35,1 Bundesliga,2016,2016/2017
FC Schalke 04,Marco Höger,26,Defensive Midfield,1. FC Köln,£1.17m,out,1.17,1 Bundesliga,2016,2016/2017
FC Schalke 04,Marvin Friedrich,20,Centre-Back,FC Augsburg,£900k,out,0.9,1 Bundesliga,2016,2016/2017
FC Schalke 04,Kaan Ayhan,21,Centre-Back,F. Düsseldorf,£450k,out,0.45,1 Bundesliga,2016,2016/2017
FC Schalke 04,Roman Neustädter,28,Centre-Back,Fenerbahce,Free Transfer,out,0,1 Bundesliga,2016,2016/2017
FC Schalke 04,Joel Matip,24,Centre-Back,Liverpool,Free Transfer,out,0,1 Bundesliga,2016,2016/2017
FC Schalke 04,Michael Gspurning,35,Goalkeeper,Union Berlin,Free Transfer,out,0,1 Bundesliga,2016,2016/2017
FC Schalke 04,Sidney Sam,28,Right Winger,SV Darmstadt 98,Loan,out,0,1 Bundesliga,2016,2016/2017
FC Schalke 04,Fabian Reese,19,Centre-Forward,Karlsruher SC,Loan,out,0,1 Bundesliga,2016,2016/2017
FC Schalke 04,Fabian Giefer,26,Goalkeeper,Bristol City,Loan,out,0,1 Bundesliga,2016,2016/2017
FC Schalke 04,Younès Belhanda,26,Attacking Midfield,Dynamo Kyiv,"End of loanJun 30, 2016",out,0,1 Bundesliga,2016,2016/2017
FC Schalke 04,Pierre-Emile Höjbjerg,20,Central Midfield,Bayern Munich,"End of loanJun 30, 2016",out,0,1 Bundesliga,2016,2016/2017
1.FSV Mainz 05,Jhon Córdoba,23,Centre-Forward,Granada CF,£5.85m,in,5.85,1 Bundesliga,2016,2016/2017
1.FSV Mainz 05,Jean-Philippe Gbamin,20,Defensive Midfield,Lens,£4.50m,in,4.5,1 Bundesliga,2016,2016/2017
1.FSV Mainz 05,Levin Öztunali,20,Right Midfield,Bay. Leverkusen,£4.50m,in,4.5,1 Bundesliga,2016,2016/2017
1.FSV Mainz 05,Gerrit Holtmann,21,Left Winger,E. Braunschweig,£2.70m,in,2.7,1 Bundesliga,2016,2016/2017
1.FSV Mainz 05,Robin Quaison,23,Second Striker,US Palermo,£2.25m,in,2.25,1 Bundesliga,2016,2016/2017
1.FSV Mainz 05,Jonas Lössl,27,Goalkeeper,Guingamp,£2.25m,in,2.25,1 Bundesliga,2016,2016/2017
1.FSV Mainz 05,José Rodríguez,21,Central Midfield,Galatasaray,£1.93m,in,1.93,1 Bundesliga,2016,2016/2017
1.FSV Mainz 05,Christian Clemens,24,Right Winger,FC Schalke 04,£1.80m,in,1.8,1 Bundesliga,2016,2016/2017
1.FSV Mainz 05,André Ramalho,24,Centre-Back,Bay. Leverkusen,Loan fee:£450k,in,0.45,1 Bundesliga,2016,2016/2017
1.FSV Mainz 05,Marin Sverko,18,Left-Back,Karlsruhe U19,£54k,in,0.054,1 Bundesliga,2016,2016/2017
1.FSV Mainz 05,Bojan Krkic,26,Second Striker,Stoke City,Loan,in,0,1 Bundesliga,2016,2016/2017
1.FSV Mainz 05,Aaron Seydel,20,Centre-Forward,FSV Mainz 05 II,-,in,0,1 Bundesliga,2016,2016/2017
1.FSV Mainz 05,Besar Halimi,21,Attacking Midfield,FSV Frankfurt,"End of loanJun 30, 2016",in,0,1 Bundesliga,2016,2016/2017
1.FSV Mainz 05,Niki Zimling,31,Defensive Midfield,FSV Frankfurt,"End of loanJun 30, 2016",in,0,1 Bundesliga,2016,2016/2017
1.FSV Mainz 05,Maximilian Beister,25,Right Winger,1860 Munich,"End of loanJun 30, 2016",in,0,1 Bundesliga,2016,2016/2017
1.FSV Mainz 05,Dani Schahin,26,Centre-Forward,FSV Frankfurt,"End of loanJun 30, 2016",in,0,1 Bundesliga,2016,2016/2017
1.FSV Mainz 05,Yunus Malli,24,Attacking Midfield,VfL Wolfsburg,£11.25m,out,11.25,1 Bundesliga,2016,2016/2017
1.FSV Mainz 05,Loris Karius,23,Goalkeeper,Liverpool,£5.58m,out,5.58,1 Bundesliga,2016,2016/2017
1.FSV Mainz 05,Julian Baumgartlinger,28,Defensive Midfield,Bay. Leverkusen,£3.60m,out,3.6,1 Bundesliga,2016,2016/2017
1.FSV Mainz 05,Christian Clemens,25,Right Winger,1. FC Köln,£2.48m,out,2.48,1 Bundesliga,2016,2016/2017
1.FSV Mainz 05,Christoph Moritz,26,Central Midfield,1.FC K'lautern,£225k,out,0.225,1 Bundesliga,2016,2016/2017
1.FSV Mainz 05,Dani Schahin,26,Centre-Forward,Roda JC,Free Transfer,out,0,1 Bundesliga,2016,2016/2017
1.FSV Mainz 05,Elkin Soto,35,Central Midfield,Once Caldas,Free Transfer,out,0,1 Bundesliga,2016,2016/2017
1.FSV Mainz 05,José Rodríguez,22,Central Midfield,Málaga CF,Loan,out,0,1 Bundesliga,2016,2016/2017
1.FSV Mainz 05,Pierre Bengtsson,28,Left-Back,SC Bastia,Loan,out,0,1 Bundesliga,2016,2016/2017
1.FSV Mainz 05,Maximilian Beister,25,Right Winger,FSV Mainz 05 II,-,out,0,1 Bundesliga,2016,2016/2017
1.FSV Mainz 05,Niki Zimling,31,Defensive Midfield,FSV Mainz 05 II,-,out,0,1 Bundesliga,2016,2016/2017
1.FSV Mainz 05,Henrique Sereno,31,Centre-Back,Without Club,-,out,0,1 Bundesliga,2016,2016/2017
1.FSV Mainz 05,Patrick Pflücke,19,Attacking Midfield,FSV Mainz 05 II,-,out,0,1 Bundesliga,2016,2016/2017
1.FSV Mainz 05,Gianluca Curci,31,Goalkeeper,Without Club,-,out,0,1 Bundesliga,2016,2016/2017
1.FSV Mainz 05,Christian Clemens,24,Right Winger,FC Schalke 04,"End of loanJun 30, 2016",out,0,1 Bundesliga,2016,2016/2017
1.FSV Mainz 05,Jhon Córdoba,23,Centre-Forward,Granada CF,"End of loanJun 30, 2016",out,0,1 Bundesliga,2016,2016/2017
Hertha BSC,Ondrej Duda,21,Attacking Midfield,Legia Warszawa,£3.78m,in,3.78,1 Bundesliga,2016,2016/2017
Hertha BSC,Alexander Esswein,26,Right Winger,FC Augsburg,£2.25m,in,2.25,1 Bundesliga,2016,2016/2017
Hertha BSC,Vedad Ibisevic,31,Centre-Forward,VfB Stuttgart,Free Transfer,in,0,1 Bundesliga,2016,2016/2017
Hertha BSC,Allan,19,Central Midfield,Liverpool U23,Loan,in,0,1 Bundesliga,2016,2016/2017
Hertha BSC,Jordan Torunarigha,19,Centre-Back,Hertha BSC II,-,in,0,1 Bundesliga,2016,2016/2017
Hertha BSC,Hajime Hosogai,30,Defensive Midfield,Bursaspor,"End of loanJun 30, 2016",in,0,1 Bundesliga,2016,2016/2017
Hertha BSC,Marius Gersbeck,21,Goalkeeper,Chemnitzer FC,"End of loanJun 30, 2016",in,0,1 Bundesliga,2016,2016/2017
Hertha BSC,Tolga Cigerci,24,Central Midfield,Galatasaray,£2.70m,out,2.7,1 Bundesliga,2016,2016/2017
Hertha BSC,Roy Beerens,28,Right Winger,Reading,£900k,out,0.9,1 Bundesliga,2016,2016/2017
Hertha BSC,Hajime Hosogai,30,Defensive Midfield,VfB Stuttgart,£630k,out,0.63,1 Bundesliga,2016,2016/2017
Hertha BSC,Jens Hegeler,28,Central Midfield,Bristol City,£270k,out,0.27,1 Bundesliga,2016,2016/2017
Hertha BSC,Johannes van den Bergh,29,Left-Back,Getafe,Free Transfer,out,0,1 Bundesliga,2016,2016/2017
Hertha BSC,Sascha Burchert,26,Goalkeeper,Greuther Fürth,Free Transfer,out,0,1 Bundesliga,2016,2016/2017
Hertha BSC,Marius Gersbeck,21,Goalkeeper,VfL Osnabrück,Loan,out,0,1 Bundesliga,2016,2016/2017
Hertha BSC,Shawn Kauter,20,Central Midfield,Hertha BSC II,-,out,0,1 Bundesliga,2016,2016/2017
Hertha BSC,Ronny,30,Attacking Midfield,Without Club,-,out,0,1 Bundesliga,2016,2016/2017
Hertha BSC,Vedad Ibisevic,31,Centre-Forward,VfB Stuttgart,"End of loanJun 30, 2016",out,0,1 Bundesliga,2016,2016/2017
VfL Wolfsburg,Yannick Gerhardt,22,Central Midfield,1. FC Köln,£11.70m,in,11.7,1 Bundesliga,2016,2016/2017
VfL Wolfsburg,Yunus Malli,24,Attacking Midfield,1.FSV Mainz 05,£11.25m,in,11.25,1 Bundesliga,2016,2016/2017
VfL Wolfsburg,Riechedly Bazoer,20,Central Midfield,Ajax,£10.80m,in,10.8,1 Bundesliga,2016,2016/2017
VfL Wolfsburg,Jeffrey Bruma,24,Centre-Back,PSV Eindhoven,£10.35m,in,10.35,1 Bundesliga,2016,2016/2017
VfL Wolfsburg,Josip Brekalo,18,Left Winger,Dinamo Zagreb,£9.00m,in,9,1 Bundesliga,2016,2016/2017
VfL Wolfsburg,Paul-Georges Ntep,24,Left Winger,Stade Rennais,£4.50m,in,4.5,1 Bundesliga,2016,2016/2017
VfL Wolfsburg,Jakub Blaszczykowski,30,Right Winger,Bor. Dortmund,£4.50m,in,4.5,1 Bundesliga,2016,2016/2017
VfL Wolfsburg,Victor Osimhen,18,Centre-Forward,Ult. Strikers,£3.15m,in,3.15,1 Bundesliga,2016,2016/2017
VfL Wolfsburg,Josuha Guilavogui,25,Defensive Midfield,Atlético Madrid,£2.70m,in,2.7,1 Bundesliga,2016,2016/2017
VfL Wolfsburg,Borja Mayoral,19,Centre-Forward,Real Madrid,Loan fee:£2.70m,in,2.7,1 Bundesliga,2016,2016/2017
VfL Wolfsburg,Philipp Wollscheid,27,Centre-Back,Stoke City,Loan fee:£1.35m,in,1.35,1 Bundesliga,2016,2016/2017
VfL Wolfsburg,Mario Gómez,31,Centre-Forward,Fiorentina,£945k,in,0.945,1 Bundesliga,2016,2016/2017
VfL Wolfsburg,Ashkan Dejagah,30,Right Winger,Al Arabi,Free Transfer,in,0,1 Bundesliga,2016,2016/2017
VfL Wolfsburg,Daniel Didavi,26,Attacking Midfield,VfB Stuttgart,Free Transfer,in,0,1 Bundesliga,2016,2016/2017
VfL Wolfsburg,Jannes Horn,19,Left-Back,Wolfsburg U19,-,in,0,1 Bundesliga,2016,2016/2017
VfL Wolfsburg,Francisco Rodríguez,20,Left Midfield,Arm. Bielefeld,"End of loanAug 30, 2016",in,0,1 Bundesliga,2016,2016/2017
VfL Wolfsburg,Amara Condé,19,Central Midfield,Wolfsburg U19,-,in,0,1 Bundesliga,2016,2016/2017
VfL Wolfsburg,Phillip Menzel,17,Goalkeeper,Wolfsburg U19,-,in,0,1 Bundesliga,2016,2016/2017
VfL Wolfsburg,Oskar Zawada,20,Centre-Forward,FC Twente,"End of loanJun 30, 2016",in,0,1 Bundesliga,2016,2016/2017
VfL Wolfsburg,Patrick Drewes,23,Goalkeeper,FC Wil 1900,"End of loanJun 30, 2016",in,0,1 Bundesliga,2016,2016/2017
VfL Wolfsburg,Julian Draxler,23,Attacking Midfield,Paris SG,£32.40m,out,32.4,1 Bundesliga,2016,2016/2017
VfL Wolfsburg,André Schürrle,25,Left Winger,Bor. Dortmund,£27.00m,out,27,1 Bundesliga,2016,2016/2017
VfL Wolfsburg,Bas Dost,27,Centre-Forward,Sporting CP,£10.67m,out,10.67,1 Bundesliga,2016,2016/2017
VfL Wolfsburg,Max Kruse,28,Centre-Forward,Werder Bremen,£6.75m,out,6.75,1 Bundesliga,2016,2016/2017
VfL Wolfsburg,Bruno Henrique,26,Right Winger,Santos FC,£3.60m,out,3.6,1 Bundesliga,2016,2016/2017
VfL Wolfsburg,Daniel Caligiuri,29,Right Midfield,FC Schalke 04,£2.25m,out,2.25,1 Bundesliga,2016,2016/2017
VfL Wolfsburg,Dante,32,Centre-Back,OGC Nice,£2.25m,out,2.25,1 Bundesliga,2016,2016/2017
VfL Wolfsburg,Moritz Sprenger,21,Centre-Back,1.FC Magdeburg,Loan fee:£45k,out,0.045,1 Bundesliga,2016,2016/2017
VfL Wolfsburg,Patrick Drewes,23,Goalkeeper,Preußen Münster,Loan fee:£45k,out,0.045,1 Bundesliga,2016,2016/2017
VfL Wolfsburg,Naldo,33,Centre-Back,FC Schalke 04,Free Transfer,out,0,1 Bundesliga,2016,2016/2017
VfL Wolfsburg,Felipe Lopes,28,Centre-Back,Chaves,Free Transfer,out,0,1 Bundesliga,2016,2016/2017
VfL Wolfsburg,Marcel Schäfer,32,Left-Back,TB Rowdies,?,out,NA,1 Bundesliga,2016,2016/2017
VfL Wolfsburg,Leandro Putaro,19,Left Winger,Arm. Bielefeld,Loan,out,0,1 Bundesliga,2016,2016/2017
VfL Wolfsburg,Francisco Rodríguez,20,Left Midfield,FC Luzern,Loan,out,0,1 Bundesliga,2016,2016/2017
VfL Wolfsburg,Carlos Ascues,24,Central Midfield,FBC Melgar,Loan,out,0,1 Bundesliga,2016,2016/2017
VfL Wolfsburg,Josip Brekalo,18,Left Winger,VfB Stuttgart,Loan,out,0,1 Bundesliga,2016,2016/2017
VfL Wolfsburg,Oskar Zawada,20,Centre-Forward,Wolfsburg II,-,out,0,1 Bundesliga,2016,2016/2017
VfL Wolfsburg,Sebastian Stolze,21,Right Winger,Wolfsburg II,-,out,0,1 Bundesliga,2016,2016/2017
VfL Wolfsburg,Josuha Guilavogui,25,Defensive Midfield,Atlético Madrid,"End of loanJun 30, 2016",out,0,1 Bundesliga,2016,2016/2017
1. FC Köln,Serhou Guirassy,20,Centre-Forward,LOSC Lille,£3.42m,in,3.42,1 Bundesliga,2016,2016/2017
1. FC Köln,Christian Clemens,25,Right Winger,1.FSV Mainz 05,£2.48m,in,2.48,1 Bundesliga,2016,2016/2017
1. FC Köln,Marco Höger,26,Defensive Midfield,FC Schalke 04,£1.17m,in,1.17,1 Bundesliga,2016,2016/2017
1. FC Köln,Neven Subotic,28,Centre-Back,Bor. Dortmund,Loan fee:£450k,in,0.45,1 Bundesliga,2016,2016/2017
1. FC Köln,Konstantin Rausch,26,Left-Back,SV Darmstadt 98,Free Transfer,in,0,1 Bundesliga,2016,2016/2017
1. FC Köln,Artjoms Rudnevs,28,Centre-Forward,Hamburger SV,Free Transfer,in,0,1 Bundesliga,2016,2016/2017
1. FC Köln,Sven Müller,20,Goalkeeper,1.FC Köln II,-,in,0,1 Bundesliga,2016,2016/2017
1. FC Köln,Salih Özcan,18,Central Midfield,1.FC Köln II,-,in,0,1 Bundesliga,2016,2016/2017
1. FC Köln,Marcel Hartel,20,Left Winger,1.FC Köln II,-,in,0,1 Bundesliga,2016,2016/2017
1. FC Köln,Lukas Klünter,20,Right-Back,1.FC Köln II,-,in,0,1 Bundesliga,2016,2016/2017
1. FC Köln,Bruno Nascimento,25,Centre-Back,Tondela,"End of loanJun 30, 2016",in,0,1 Bundesliga,2016,2016/2017
1. FC Köln,Yannick Gerhardt,22,Central Midfield,VfL Wolfsburg,£11.70m,out,11.7,1 Bundesliga,2016,2016/2017
1. FC Köln,Kevin Vogt,24,Centre-Back,TSG Hoffenheim,£2.70m,out,2.7,1 Bundesliga,2016,2016/2017
1. FC Köln,Mërgim Mavraj,30,Centre-Back,Hamburger SV,£1.62m,out,1.62,1 Bundesliga,2016,2016/2017
1. FC Köln,Filip Mladenovic,25,Left-Back,Standard Liège,£1.08m,out,1.08,1 Bundesliga,2016,2016/2017
1. FC Köln,Dusan Svento,30,Left-Back,Slavia Prag,Free Transfer,out,0,1 Bundesliga,2016,2016/2017
1. FC Köln,Bruno Nascimento,25,Centre-Back,Omonia Nikosia,Free Transfer,out,0,1 Bundesliga,2016,2016/2017
1. FC Köln,Daniel Mesenhöler,20,Goalkeeper,Union Berlin,Free Transfer,out,0,1 Bundesliga,2016,2016/2017
1. FC Köln,Philipp Hosiner,27,Centre-Forward,Stade Rennais,"End of loanJun 30, 2016",out,0,1 Bundesliga,2016,2016/2017
Hamburger SV,Filip Kostic,23,Left Midfield,VfB Stuttgart,£12.60m,in,12.6,1 Bundesliga,2016,2016/2017
Hamburger SV,Walace,21,Defensive Midfield,Grêmio,£8.28m,in,8.28,1 Bundesliga,2016,2016/2017
Hamburger SV,Douglas Santos,22,Left-Back,Atlético-MG,£5.85m,in,5.85,1 Bundesliga,2016,2016/2017
Hamburger SV,Alen Halilovic,20,Attacking Midfield,FC Barcelona,£4.50m,in,4.5,1 Bundesliga,2016,2016/2017
Hamburger SV,Bobby Wood,23,Centre-Forward,Union Berlin,£3.60m,in,3.6,1 Bundesliga,2016,2016/2017
Hamburger SV,Mërgim Mavraj,30,Centre-Back,1. FC Köln,£1.62m,in,1.62,1 Bundesliga,2016,2016/2017
Hamburger SV,Luca Waldschmidt,20,Centre-Forward,E. Frankfurt,£1.17m,in,1.17,1 Bundesliga,2016,2016/2017
Hamburger SV,Arianit Ferati,18,Right Winger,VfB Stuttgart,£765k,in,0.765,1 Bundesliga,2016,2016/2017
Hamburger SV,Christian Mathenia,24,Goalkeeper,SV Darmstadt 98,£720k,in,0.72,1 Bundesliga,2016,2016/2017
Hamburger SV,Kyriakos Papadopoulos,24,Centre-Back,Bay. Leverkusen,Loan fee:£450k,in,0.45,1 Bundesliga,2016,2016/2017
Hamburger SV,Mats Köhlert,18,Left Winger,Hamburg U19,-,in,0,1 Bundesliga,2016,2016/2017
Hamburger SV,Tom Mickel,27,Goalkeeper,Hamburger SV II,-,in,0,1 Bundesliga,2016,2016/2017
Hamburger SV,Frank Ronstadt,18,Right Winger,Hamburg U19,-,in,0,1 Bundesliga,2016,2016/2017
Hamburger SV,Bakery Jatta,18,Left Winger,Without Club,-,in,0,1 Bundesliga,2016,2016/2017
Hamburger SV,Kerem Demirbay,22,Central Midfield,F. Düsseldorf,"End of loanJun 30, 2016",in,0,1 Bundesliga,2016,2016/2017
Hamburger SV,Matti Steinmann,21,Defensive Midfield,Chemnitzer FC,"End of loanJun 30, 2016",in,0,1 Bundesliga,2016,2016/2017
Hamburger SV,Zoltán Stieber,27,Left Winger,1.FC Nuremberg,"End of loanJun 30, 2016",in,0,1 Bundesliga,2016,2016/2017
Hamburger SV,Mohamed Gouaida,23,Attacking Midfield,Karlsruher SC,"End of loanJun 30, 2016",in,0,1 Bundesliga,2016,2016/2017
Hamburger SV,Cléber Reis,26,Centre-Back,Santos FC,£2.70m,out,2.7,1 Bundesliga,2016,2016/2017
Hamburger SV,Kerem Demirbay,23,Central Midfield,TSG Hoffenheim,£1.53m,out,1.53,1 Bundesliga,2016,2016/2017
Hamburger SV,Alen Halilovic,20,Attacking Midfield,UD Las Palmas,Loan fee:£450k,out,0.45,1 Bundesliga,2016,2016/2017
Hamburger SV,Zoltán Stieber,27,Left Winger,1.FC K'lautern,£225k,out,0.225,1 Bundesliga,2016,2016/2017
Hamburger SV,Batuhan Altintas,20,Centre-Forward,Kasimpasa,Loan fee:£90k,out,0.09,1 Bundesliga,2016,2016/2017
Hamburger SV,Mohamed Gouaida,23,Attacking Midfield,FC St. Gallen,Loan fee:£45k,out,0.045,1 Bundesliga,2016,2016/2017
Hamburger SV,Arianit Ferati,18,Right Winger,F. Düsseldorf,Loan fee:£45k,out,0.045,1 Bundesliga,2016,2016/2017
Hamburger SV,Philipp Müller,21,Right Winger,Wehen Wiesbaden,Free Transfer,out,0,1 Bundesliga,2016,2016/2017
Hamburger SV,Gojko Kacar,29,Defensive Midfield,FC Augsburg,Free Transfer,out,0,1 Bundesliga,2016,2016/2017
Hamburger SV,Ivo Ilicevic,29,Left Winger,Anzhi,Free Transfer,out,0,1 Bundesliga,2016,2016/2017
Hamburger SV,Artjoms Rudnevs,28,Centre-Forward,1. FC Köln,Free Transfer,out,0,1 Bundesliga,2016,2016/2017
Hamburger SV,Matti Steinmann,21,Defensive Midfield,FSV Mainz 05 II,Free Transfer,out,0,1 Bundesliga,2016,2016/2017
Hamburger SV,Ivica Olic,36,Centre-Forward,1860 Munich,Free Transfer,out,0,1 Bundesliga,2016,2016/2017
Hamburger SV,Jaroslav Drobny,36,Goalkeeper,Werder Bremen,Free Transfer,out,0,1 Bundesliga,2016,2016/2017
Hamburger SV,Sven Schipplock,27,Centre-Forward,SV Darmstadt 98,Loan,out,0,1 Bundesliga,2016,2016/2017
Hamburger SV,Emir Spahic,36,Centre-Back,Retired,-,out,0,1 Bundesliga,2016,2016/2017
Hamburger SV,Josip Drmic,23,Centre-Forward,Bor. M'gladbach,"End of loanJun 30, 2016",out,0,1 Bundesliga,2016,2016/2017
FC Ingolstadt 04,Marcel Tisserand,23,Centre-Back,Monaco,£3.15m,in,3.15,1 Bundesliga,2016,2016/2017
FC Ingolstadt 04,Florent Hadergjonaj,22,Right-Back,BSC Young Boys,£1.80m,in,1.8,1 Bundesliga,2016,2016/2017
FC Ingolstadt 04,Robert Leipertz,23,Right Winger,FC Schalke 04,£1.35m,in,1.35,1 Bundesliga,2016,2016/2017
FC Ingolstadt 04,Martin Hansen,26,Goalkeeper,ADO Den Haag,£855k,in,0.855,1 Bundesliga,2016,2016/2017
FC Ingolstadt 04,Nico Rinderknecht,18,Central Midfield,Frankfurt U19,Free Transfer,in,0,1 Bundesliga,2016,2016/2017
FC Ingolstadt 04,Kerem Bülbül,21,Attacking Midfield,Hertha BSC II,Free Transfer,in,0,1 Bundesliga,2016,2016/2017
FC Ingolstadt 04,Sonny Kittel,23,Attacking Midfield,E. Frankfurt,Free Transfer,in,0,1 Bundesliga,2016,2016/2017
FC Ingolstadt 04,Fabijan Buntic,19,Goalkeeper,Stuttgart U19,Free Transfer,in,0,1 Bundesliga,2016,2016/2017
FC Ingolstadt 04,Hauke Wahl,22,Centre-Back,SC Paderborn,Free Transfer,in,0,1 Bundesliga,2016,2016/2017
FC Ingolstadt 04,Anthony Jung,24,Left-Back,RB Leipzig,Loan,in,0,1 Bundesliga,2016,2016/2017
FC Ingolstadt 04,Robert Bauer,21,Right-Back,Werder Bremen,£2.25m,out,2.25,1 Bundesliga,2016,2016/2017
FC Ingolstadt 04,Benjamin Hübner,26,Centre-Back,TSG Hoffenheim,£720k,out,0.72,1 Bundesliga,2016,2016/2017
FC Ingolstadt 04,Danny da Costa,22,Right-Back,Bay. Leverkusen,£450k,out,0.45,1 Bundesliga,2016,2016/2017
FC Ingolstadt 04,Ramazan Özcan,32,Goalkeeper,Bay. Leverkusen,£450k,out,0.45,1 Bundesliga,2016,2016/2017
FC Ingolstadt 04,Elias Kachunga,24,Right Winger,Huddersfield,Loan fee:£225k,out,0.225,1 Bundesliga,2016,2016/2017
FC Ingolstadt 04,Kerem Bülbül,21,Attacking Midfield,Hansa Rostock,Loan,out,0,1 Bundesliga,2016,2016/2017
FC Ingolstadt 04,Konstantin Engel,28,Right-Back,FC Astana,Free Transfer,out,0,1 Bundesliga,2016,2016/2017
FC Ingolstadt 04,Hauke Wahl,22,Centre-Back,1.FC Heidenheim,Loan,out,0,1 Bundesliga,2016,2016/2017
FC Ingolstadt 04,Danilo Soares,24,Left-Back,Without Club,-,out,0,1 Bundesliga,2016,2016/2017
FC Ingolstadt 04,Tobias Levels,30,Right-Back,Ingolstadt II,-,out,0,1 Bundesliga,2016,2016/2017
FC Augsburg,Martin Hinteregger,23,Centre-Back,RB Salzburg,£8.10m,in,8.1,1 Bundesliga,2016,2016/2017
FC Augsburg,Jonathan Schmid,26,Right-Back,TSG Hoffenheim,£4.68m,in,4.68,1 Bundesliga,2016,2016/2017
FC Augsburg,Alfred Finnbogason,27,Centre-Forward,Real Sociedad,£3.60m,in,3.6,1 Bundesliga,2016,2016/2017
FC Augsburg,Moritz Leitner,24,Central Midfield,Lazio,£1.35m,in,1.35,1 Bundesliga,2016,2016/2017
FC Augsburg,Takashi Usami,24,Left Winger,Gamba Osaka,£1.35m,in,1.35,1 Bundesliga,2016,2016/2017
FC Augsburg,Marvin Friedrich,20,Centre-Back,FC Schalke 04,£900k,in,0.9,1 Bundesliga,2016,2016/2017
FC Augsburg,Georg Teigl,25,Right Midfield,RB Leipzig,Free Transfer,in,0,1 Bundesliga,2016,2016/2017
FC Augsburg,Andreas Luthe,29,Goalkeeper,VfL Bochum,Free Transfer,in,0,1 Bundesliga,2016,2016/2017
FC Augsburg,Gojko Kacar,29,Defensive Midfield,Hamburger SV,Free Transfer,in,0,1 Bundesliga,2016,2016/2017
FC Augsburg,Kevin Danso,18,Centre-Back,FC Augsburg U19,-,in,0,1 Bundesliga,2016,2016/2017
FC Augsburg,Tim Matavz,27,Centre-Forward,Genoa,"End of loanJun 30, 2016",in,0,1 Bundesliga,2016,2016/2017
FC Augsburg,Nikola Djurdjic,30,Centre-Forward,F. Düsseldorf,"End of loanJun 30, 2016",in,0,1 Bundesliga,2016,2016/2017
FC Augsburg,Sascha Mölders,31,Centre-Forward,1860 Munich,"End of loanJun 30, 2016",in,0,1 Bundesliga,2016,2016/2017
FC Augsburg,Jeong-ho Hong,26,Centre-Back,JS Suning,£5.40m,out,5.4,1 Bundesliga,2016,2016/2017
FC Augsburg,Ragnar Klavan,30,Centre-Back,Liverpool,£4.50m,out,4.5,1 Bundesliga,2016,2016/2017
FC Augsburg,Alexander Esswein,26,Right Winger,Hertha BSC,£2.25m,out,2.25,1 Bundesliga,2016,2016/2017
FC Augsburg,Tobias Werner,31,Left Winger,VfB Stuttgart,£900k,out,0.9,1 Bundesliga,2016,2016/2017
FC Augsburg,Nikola Djurdjic,30,Centre-Forward,Partizan,£360k,out,0.36,1 Bundesliga,2016,2016/2017
FC Augsburg,Sascha Mölders,31,Centre-Forward,1860 Munich,£135k,out,0.135,1 Bundesliga,2016,2016/2017
FC Augsburg,Tim Matavz,27,Centre-Forward,1.FC Nuremberg,Loan,out,0,1 Bundesliga,2016,2016/2017
FC Augsburg,Alexander Manninger,39,Goalkeeper,Liverpool,Free Transfer,out,0,1 Bundesliga,2016,2016/2017
FC Augsburg,Maik Uhde,22,Defensive Midfield,Schwabmünchen,Free Transfer,out,0,1 Bundesliga,2016,2016/2017
FC Augsburg,Shawn Parker,23,Centre-Forward,1.FC Nuremberg,Loan,out,0,1 Bundesliga,2016,2016/2017
FC Augsburg,Daniel Opare,26,Right-Back,Lens,Loan,out,0,1 Bundesliga,2016,2016/2017
FC Augsburg,Albian Ajeti,19,Centre-Forward,FC St. Gallen,Loan,out,0,1 Bundesliga,2016,2016/2017
FC Augsburg,Erik Thommy,21,Left Midfield,Jahn Regensburg,Loan,out,0,1 Bundesliga,2016,2016/2017
FC Augsburg,Arif Ekin,20,Central Midfield,FC Augsburg II,-,out,0,1 Bundesliga,2016,2016/2017
FC Augsburg,Max Reinthaler,21,Centre-Back,FC Augsburg II,-,out,0,1 Bundesliga,2016,2016/2017
FC Augsburg,Bastian Kurz,19,Left Winger,FC Augsburg II,-,out,0,1 Bundesliga,2016,2016/2017
FC Augsburg,Piotr Trochowski,32,Attacking Midfield,Retired,-,out,0,1 Bundesliga,2016,2016/2017
FC Augsburg,Alfred Finnbogason,27,Centre-Forward,Real Sociedad,"End of loanJun 30, 2016",out,0,1 Bundesliga,2016,2016/2017
SV Werder Bremen,Max Kruse,28,Centre-Forward,VfL Wolfsburg,£6.75m,in,6.75,1 Bundesliga,2016,2016/2017
SV Werder Bremen,Serge Gnabry,21,Right Winger,Arsenal,£4.50m,in,4.5,1 Bundesliga,2016,2016/2017
SV Werder Bremen,Florian Kainz,23,Left Winger,Rapid Vienna,£3.15m,in,3.15,1 Bundesliga,2016,2016/2017
SV Werder Bremen,Robert Bauer,21,Right-Back,FC Ingolstadt,£2.25m,in,2.25,1 Bundesliga,2016,2016/2017
SV Werder Bremen,Thomas Delaney,25,Central Midfield,FC Copenhagen,£1.80m,in,1.8,1 Bundesliga,2016,2016/2017
SV Werder Bremen,Niklas Moisander,30,Centre-Back,Sampdoria,£1.53m,in,1.53,1 Bundesliga,2016,2016/2017
SV Werder Bremen,Fallou Diagne,26,Centre-Back,Stade Rennais,£1.35m,in,1.35,1 Bundesliga,2016,2016/2017
SV Werder Bremen,Thanos Petsos,25,Defensive Midfield,Rapid Vienna,Free Transfer,in,0,1 Bundesliga,2016,2016/2017
SV Werder Bremen,Justin Eilers,28,Right Winger,Dynamo Dresden,Free Transfer,in,0,1 Bundesliga,2016,2016/2017
SV Werder Bremen,Lennart Thy,24,Centre-Forward,FC St. Pauli,Free Transfer,in,0,1 Bundesliga,2016,2016/2017
SV Werder Bremen,Jaroslav Drobny,36,Goalkeeper,Hamburger SV,Free Transfer,in,0,1 Bundesliga,2016,2016/2017
SV Werder Bremen,Lamine Sané,29,Centre-Back,G. Bordeaux,Free Transfer,in,0,1 Bundesliga,2016,2016/2017
SV Werder Bremen,Johannes Eggestein,18,Right Winger,W. Bremen U19,-,in,0,1 Bundesliga,2016,2016/2017
SV Werder Bremen,Leon Guwara,20,Left-Back,W. Bremen II,-,in,0,1 Bundesliga,2016,2016/2017
SV Werder Bremen,László Kleinheisler,22,Attacking Midfield,SV Darmstadt 98,"End of loanJan 19, 2017",in,0,1 Bundesliga,2016,2016/2017
SV Werder Bremen,Felix Kroos,25,Central Midfield,Union Berlin,"End of loanJun 30, 2016",in,0,1 Bundesliga,2016,2016/2017
SV Werder Bremen,Izet Hajrovic,24,Right Winger,SD Eibar,"End of loanJun 30, 2016",in,0,1 Bundesliga,2016,2016/2017
SV Werder Bremen,Luca Caldirola,25,Centre-Back,SV Darmstadt 98,"End of loanJun 30, 2016",in,0,1 Bundesliga,2016,2016/2017
SV Werder Bremen,Jannik Vestergaard,23,Centre-Back,Bor. M'gladbach,£11.25m,out,11.25,1 Bundesliga,2016,2016/2017
SV Werder Bremen,Anthony Ujah,25,Centre-Forward,Liaoning FC,£10.35m,out,10.35,1 Bundesliga,2016,2016/2017
SV Werder Bremen,Alejandro Gálvez,27,Centre-Back,SD Eibar,£1.35m,out,1.35,1 Bundesliga,2016,2016/2017
SV Werder Bremen,Felix Kroos,25,Central Midfield,Union Berlin,£450k,out,0.45,1 Bundesliga,2016,2016/2017
SV Werder Bremen,Fallou Diagne,27,Centre-Back,FC Metz,Loan fee:£360k,out,0.36,1 Bundesliga,2016,2016/2017
SV Werder Bremen,Oliver Hüsing,23,Centre-Back,Ferencváros,£270k,out,0.27,1 Bundesliga,2016,2016/2017
SV Werder Bremen,Lukas Fröde,21,Defensive Midfield,Würzb. Kickers,£180k,out,0.18,1 Bundesliga,2016,2016/2017
SV Werder Bremen,Julian von Haacke,22,Central Midfield,NEC Nijmegen,£90k,out,0.09,1 Bundesliga,2016,2016/2017
SV Werder Bremen,Janek Sternberg,24,Left-Back,Ferencváros,£90k,out,0.09,1 Bundesliga,2016,2016/2017
SV Werder Bremen,Leon Guwara,20,Left-Back,SV Darmstadt 98,Loan fee:£45k,out,0.045,1 Bundesliga,2016,2016/2017
SV Werder Bremen,Marnon Busch,21,Right-Back,1860 Munich,Loan fee:£45k,out,0.045,1 Bundesliga,2016,2016/2017
SV Werder Bremen,Mateo Pavlovic,26,Centre-Back,SCO Angers,Free Transfer,out,0,1 Bundesliga,2016,2016/2017
SV Werder Bremen,Özkan Yildirim,23,Attacking Midfield,F. Düsseldorf,Free Transfer,out,0,1 Bundesliga,2016,2016/2017
SV Werder Bremen,Lennart Thy,24,Centre-Forward,FC St. Pauli,Loan,out,0,1 Bundesliga,2016,2016/2017
SV Werder Bremen,László Kleinheisler,22,Attacking Midfield,SV Darmstadt 98,Loan,out,0,1 Bundesliga,2016,2016/2017
SV Werder Bremen,Thanos Petsos,25,Defensive Midfield,Fulham,Loan,out,0,1 Bundesliga,2016,2016/2017
SV Werder Bremen,László Kleinheisler,22,Attacking Midfield,Ferencváros,Loan,out,0,1 Bundesliga,2016,2016/2017
SV Werder Bremen,Luca Zander,20,Right-Back,W. Bremen II,-,out,0,1 Bundesliga,2016,2016/2017
SV Werder Bremen,Levin Öztunali,20,Right Midfield,Bay. Leverkusen,"End of loanJun 30, 2016",out,0,1 Bundesliga,2016,2016/2017
SV Werder Bremen,Gerhard Tremmel,37,Goalkeeper,Swansea,"End of loanJun 30, 2016",out,0,1 Bundesliga,2016,2016/2017
SV Werder Bremen,Papy Djilobodji,27,Centre-Back,Chelsea,"End of loanJun 30, 2016",out,0,1 Bundesliga,2016,2016/2017
SV Darmstadt 98,Roman Bezjak,27,Centre-Forward,HNK Rijeka,£1.80m,in,1.8,1 Bundesliga,2016,2016/2017
SV Darmstadt 98,Immanuel Höhn,24,Centre-Back,SC Freiburg,£675k,in,0.675,1 Bundesliga,2016,2016/2017
SV Darmstadt 98,Patrick Banggaard,22,Centre-Back,FC Midtjylland,£540k,in,0.54,1 Bundesliga,2016,2016/2017
SV Darmstadt 98,Michael Esser,28,Goalkeeper,Sturm Graz,£315k,in,0.315,1 Bundesliga,2016,2016/2017
SV Darmstadt 98,Alexander Milosevic,24,Centre-Back,Besiktas,Loan fee:£180k,in,0.18,1 Bundesliga,2016,2016/2017
SV Darmstadt 98,Antonio Colak,22,Centre-Forward,TSG Hoffenheim,Loan fee:£135k,in,0.135,1 Bundesliga,2016,2016/2017
SV Darmstadt 98,Leon Guwara,20,Left-Back,Werder Bremen,Loan fee:£45k,in,0.045,1 Bundesliga,2016,2016/2017
SV Darmstadt 98,Hamit Altintop,34,Right Midfield,Galatasaray,Free Transfer,in,0,1 Bundesliga,2016,2016/2017
SV Darmstadt 98,Victor Obinna,29,Second Striker,MSV Duisburg,Free Transfer,in,0,1 Bundesliga,2016,2016/2017
SV Darmstadt 98,Terrence Boyd,25,Centre-Forward,RB Leipzig,Free Transfer,in,0,1 Bundesliga,2016,2016/2017
SV Darmstadt 98,Daniel Heuer Fernandes,23,Goalkeeper,SC Paderborn,Free Transfer,in,0,1 Bundesliga,2016,2016/2017
SV Darmstadt 98,Denys Oliynyk,29,Left Winger,Vitesse,Free Transfer,in,0,1 Bundesliga,2016,2016/2017
SV Darmstadt 98,Wilson Kamavuaka,26,Defensive Midfield,Panetolikos,Free Transfer,in,0,1 Bundesliga,2016,2016/2017
SV Darmstadt 98,Igor Berezovsky,25,Goalkeeper,Lierse SK,Free Transfer,in,0,1 Bundesliga,2016,2016/2017
SV Darmstadt 98,Artem Fedetskyi,31,Centre-Back,Dnipro,Free Transfer,in,0,1 Bundesliga,2016,2016/2017
SV Darmstadt 98,Änis Ben-Hatira,28,Attacking Midfield,E. Frankfurt,Free Transfer,in,0,1 Bundesliga,2016,2016/2017
SV Darmstadt 98,Sven Schipplock,27,Centre-Forward,Hamburger SV,Loan,in,0,1 Bundesliga,2016,2016/2017
SV Darmstadt 98,László Kleinheisler,22,Attacking Midfield,Werder Bremen,Loan,in,0,1 Bundesliga,2016,2016/2017
SV Darmstadt 98,Sidney Sam,28,Right Winger,FC Schalke 04,Loan,in,0,1 Bundesliga,2016,2016/2017
SV Darmstadt 98,Liam Fisch,17,Left Winger,Darmstadt U19,-,in,0,1 Bundesliga,2016,2016/2017
SV Darmstadt 98,Can Luka Aydogan,17,Left-Back,Darmstadt U19,-,in,0,1 Bundesliga,2016,2016/2017
SV Darmstadt 98,Markus Steinhöfer,30,Right-Back,Without Club,-,in,0,1 Bundesliga,2016,2016/2017
SV Darmstadt 98,Daniel Thur,18,Centre-Back,Darmstadt U19,-,in,0,1 Bundesliga,2016,2016/2017
SV Darmstadt 98,Johannes Wolff,18,Right-Back,Darmstadt U19,-,in,0,1 Bundesliga,2016,2016/2017
SV Darmstadt 98,Sandro Wagner,28,Centre-Forward,TSG Hoffenheim,£2.52m,out,2.52,1 Bundesliga,2016,2016/2017
SV Darmstadt 98,Slobodan Rajkovic,27,Centre-Back,US Palermo,£1.35m,out,1.35,1 Bundesliga,2016,2016/2017
SV Darmstadt 98,Christian Mathenia,24,Goalkeeper,Hamburger SV,£720k,out,0.72,1 Bundesliga,2016,2016/2017
SV Darmstadt 98,Florian Jungwirth,28,Defensive Midfield,Quakes,£90k,out,0.09,1 Bundesliga,2016,2016/2017
SV Darmstadt 98,Änis Ben-Hatira,28,Attacking Midfield,Gaziantepspor,Free Transfer,out,0,1 Bundesliga,2016,2016/2017
SV Darmstadt 98,Lukasz Zaluska,34,Goalkeeper,Wisla Kraków,Free Transfer,out,0,1 Bundesliga,2016,2016/2017
SV Darmstadt 98,Nick Volk,18,Right Midfield,RW Darmstadt,Free Transfer,out,0,1 Bundesliga,2016,2016/2017
SV Darmstadt 98,Ali Kazimi,19,Left Winger,TS Ober-Roden,Free Transfer,out,0,1 Bundesliga,2016,2016/2017
SV Darmstadt 98,Tobias Kempe,27,Central Midfield,1.FC Nuremberg,Free Transfer,out,0,1 Bundesliga,2016,2016/2017
SV Darmstadt 98,Jan Finger,19,Defensive Midfield,VfB Ginsheim,Free Transfer,out,0,1 Bundesliga,2016,2016/2017
SV Darmstadt 98,Milan Ivana,32,Right Midfield,SV Elversberg,Free Transfer,out,0,1 Bundesliga,2016,2016/2017
SV Darmstadt 98,Konstantin Rausch,26,Left-Back,1. FC Köln,Free Transfer,out,0,1 Bundesliga,2016,2016/2017
SV Darmstadt 98,Júnior Díaz,32,Left-Back,Würzb. Kickers,Free Transfer,out,0,1 Bundesliga,2016,2016/2017
SV Darmstadt 98,Marco Sailer,30,Second Striker,W. Nordhausen,Free Transfer,out,0,1 Bundesliga,2016,2016/2017
SV Darmstadt 98,Roman Bezjak,27,Centre-Forward,HNK Rijeka,Loan,out,0,1 Bundesliga,2016,2016/2017
SV Darmstadt 98,Yannick Stark,25,Defensive Midfield,FSV Frankfurt,Loan,out,0,1 Bundesliga,2016,2016/2017
SV Darmstadt 98,Patrick Platins,33,Goalkeeper,Without Club,-,out,0,1 Bundesliga,2016,2016/2017
SV Darmstadt 98,László Kleinheisler,22,Attacking Midfield,Werder Bremen,"End of loanJan 19, 2017",out,0,1 Bundesliga,2016,2016/2017
SV Darmstadt 98,Michael Stegmayer,31,Left-Back,Retired,-,out,0,1 Bundesliga,2016,2016/2017
SV Darmstadt 98,György Garics,32,Right-Back,Without Club,-,out,0,1 Bundesliga,2016,2016/2017
SV Darmstadt 98,Victor Obinna,29,Second Striker,Without Club,-,out,0,1 Bundesliga,2016,2016/2017
SV Darmstadt 98,Alexander Milosevic,25,Centre-Back,Besiktas,"End of loanMay 3, 2017",out,0,1 Bundesliga,2016,2016/2017
SV Darmstadt 98,Noel Wembacher,19,Centre-Back,Without Club,-,out,0,1 Bundesliga,2016,2016/2017
SV Darmstadt 98,Luca Caldirola,25,Centre-Back,Werder Bremen,"End of loanJun 30, 2016",out,0,1 Bundesliga,2016,2016/2017
TSG 1899 Hoffenheim,Andrej Kramaric,25,Centre-Forward,Leicester,£9.90m,in,9.9,1 Bundesliga,2016,2016/2017
TSG 1899 Hoffenheim,Lukas Rupp,25,Central Midfield,VfB Stuttgart,£4.50m,in,4.5,1 Bundesliga,2016,2016/2017
TSG 1899 Hoffenheim,Kevin Vogt,24,Centre-Back,1. FC Köln,£2.70m,in,2.7,1 Bundesliga,2016,2016/2017
TSG 1899 Hoffenheim,Sandro Wagner,28,Centre-Forward,SV Darmstadt 98,£2.52m,in,2.52,1 Bundesliga,2016,2016/2017
TSG 1899 Hoffenheim,Kerem Demirbay,23,Central Midfield,Hamburger SV,£1.53m,in,1.53,1 Bundesliga,2016,2016/2017
TSG 1899 Hoffenheim,Benjamin Hübner,26,Centre-Back,FC Ingolstadt,£720k,in,0.72,1 Bundesliga,2016,2016/2017
TSG 1899 Hoffenheim,Gregor Kobel,18,Goalkeeper,GC Zürich U18,£124k,in,0.124,1 Bundesliga,2016,2016/2017
TSG 1899 Hoffenheim,Marco Terrazzino,25,Left Winger,VfL Bochum,Free Transfer,in,0,1 Bundesliga,2016,2016/2017
TSG 1899 Hoffenheim,Bruno Nazário,21,Left Winger,Cruzeiro,"End of loanJan 19, 2017",in,0,1 Bundesliga,2016,2016/2017
TSG 1899 Hoffenheim,Baris Atik,21,Attacking Midfield,Hoffenheim II,-,in,0,1 Bundesliga,2016,2016/2017
TSG 1899 Hoffenheim,Dennis Geiger,18,Defensive Midfield,Hoffenheim U19,-,in,0,1 Bundesliga,2016,2016/2017
TSG 1899 Hoffenheim,Russell Canouse,21,Central Midfield,Hoffenheim II,-,in,0,1 Bundesliga,2016,2016/2017
TSG 1899 Hoffenheim,Júnior Ponce,22,Right Winger,USM Porres,"End of loanDec 31, 2016",in,0,1 Bundesliga,2016,2016/2017
TSG 1899 Hoffenheim,Benedikt Gimber,19,Centre-Back,SV Sandhausen,"End of loanJan 30, 2017",in,0,1 Bundesliga,2016,2016/2017
TSG 1899 Hoffenheim,Danilo Soares,25,Left-Back,Without Club,-,in,0,1 Bundesliga,2016,2016/2017
TSG 1899 Hoffenheim,Janik Haberer,22,Central Midfield,VfL Bochum,"End of loanJun 30, 2016",in,0,1 Bundesliga,2016,2016/2017
TSG 1899 Hoffenheim,Christoph Martschinko,22,Left-Back,Austria Vienna,"End of loanJun 30, 2016",in,0,1 Bundesliga,2016,2016/2017
TSG 1899 Hoffenheim,Felipe Pires,21,Left Winger,FSV Frankfurt,"End of loanJun 30, 2016",in,0,1 Bundesliga,2016,2016/2017
TSG 1899 Hoffenheim,In-hyeok Park,20,Centre-Forward,FSV Frankfurt,"End of loanJun 30, 2016",in,0,1 Bundesliga,2016,2016/2017
TSG 1899 Hoffenheim,Antonio Colak,22,Centre-Forward,1.FC K'lautern,"End of loanJun 30, 2016",in,0,1 Bundesliga,2016,2016/2017
TSG 1899 Hoffenheim,Ádám Szalai,28,Centre-Forward,Hannover 96,"End of loanJun 30, 2016",in,0,1 Bundesliga,2016,2016/2017
TSG 1899 Hoffenheim,Marko Maric,20,Goalkeeper,Lechia Gdansk,"End of loanJun 30, 2016",in,0,1 Bundesliga,2016,2016/2017
TSG 1899 Hoffenheim,Marvin Schwäbe,21,Goalkeeper,VfL Osnabrück,"End of loanJun 30, 2016",in,0,1 Bundesliga,2016,2016/2017
TSG 1899 Hoffenheim,Joshua Mees,20,Left Winger,SC Freiburg,"End of loanJun 30, 2016",in,0,1 Bundesliga,2016,2016/2017
TSG 1899 Hoffenheim,Kevin Volland,23,Centre-Forward,Bay. Leverkusen,£18.00m,out,18,1 Bundesliga,2016,2016/2017
TSG 1899 Hoffenheim,Eduardo Vargas,27,Centre-Forward,Tigres UANL,£5.40m,out,5.4,1 Bundesliga,2016,2016/2017
TSG 1899 Hoffenheim,Jonathan Schmid,26,Right-Back,FC Augsburg,£4.68m,out,4.68,1 Bundesliga,2016,2016/2017
TSG 1899 Hoffenheim,Janik Haberer,22,Central Midfield,SC Freiburg,£1.80m,out,1.8,1 Bundesliga,2016,2016/2017
TSG 1899 Hoffenheim,Jin-su Kim,24,Left-Back,Jeonbuk Motors,£1.26m,out,1.26,1 Bundesliga,2016,2016/2017
TSG 1899 Hoffenheim,Tarik Elyounoussi,28,Left Winger,Olympiacos,£900k,out,0.9,1 Bundesliga,2016,2016/2017
TSG 1899 Hoffenheim,Joelinton,19,Centre-Forward,Rapid Vienna,Loan fee:£540k,out,0.54,1 Bundesliga,2016,2016/2017
TSG 1899 Hoffenheim,Christoph Martschinko,22,Left-Back,Austria Vienna,£450k,out,0.45,1 Bundesliga,2016,2016/2017
TSG 1899 Hoffenheim,Antonio Colak,22,Centre-Forward,SV Darmstadt 98,Loan fee:£135k,out,0.135,1 Bundesliga,2016,2016/2017
TSG 1899 Hoffenheim,Felipe Pires,21,Left Winger,Austria Vienna,Loan fee:£135k,out,0.135,1 Bundesliga,2016,2016/2017
TSG 1899 Hoffenheim,Jiloan Hamad,26,Attacking Midfield,Hammarby,Free Transfer,out,0,1 Bundesliga,2016,2016/2017
TSG 1899 Hoffenheim,Jens Grahl,27,Goalkeeper,VfB Stuttgart,Free Transfer,out,0,1 Bundesliga,2016,2016/2017
TSG 1899 Hoffenheim,Bruno Nazário,21,Left Winger,Guarani,Loan,out,0,1 Bundesliga,2016,2016/2017
TSG 1899 Hoffenheim,Tobias Strobl,26,Defensive Midfield,Bor. M'gladbach,Free Transfer,out,0,1 Bundesliga,2016,2016/2017
TSG 1899 Hoffenheim,Júnior Ponce,22,Right Winger,USM Porres,?,out,NA,1 Bundesliga,2016,2016/2017
TSG 1899 Hoffenheim,Benedikt Gimber,19,Centre-Back,Karlsruher SC,Loan,out,0,1 Bundesliga,2016,2016/2017
TSG 1899 Hoffenheim,Marvin Schwäbe,21,Goalkeeper,Dynamo Dresden,Loan,out,0,1 Bundesliga,2016,2016/2017
TSG 1899 Hoffenheim,Baris Atik,22,Attacking Midfield,Sturm Graz,Loan,out,0,1 Bundesliga,2016,2016/2017
TSG 1899 Hoffenheim,Russell Canouse,21,Central Midfield,VfL Bochum,Loan,out,0,1 Bundesliga,2016,2016/2017
TSG 1899 Hoffenheim,Benedikt Gimber,19,Centre-Back,SV Sandhausen,Loan,out,0,1 Bundesliga,2016,2016/2017
TSG 1899 Hoffenheim,In-hyeok Park,20,Centre-Forward,FC Koper,Loan,out,0,1 Bundesliga,2016,2016/2017
TSG 1899 Hoffenheim,Kevin Kuranyi,34,Centre-Forward,Retired,-,out,0,1 Bundesliga,2016,2016/2017
TSG 1899 Hoffenheim,Marko Maric,20,Goalkeeper,Hoffenheim II,-,out,0,1 Bundesliga,2016,2016/2017
TSG 1899 Hoffenheim,Kai Herdling,32,Left Winger,Retired,-,out,0,1 Bundesliga,2016,2016/2017
TSG 1899 Hoffenheim,Andrej Kramaric,25,Centre-Forward,Leicester,"End of loanJun 30, 2016",out,0,1 Bundesliga,2016,2016/2017
TSG 1899 Hoffenheim,Matheus Biteco,21,Central Midfield,Barra FC (SC),"End of loanJun 30, 2016",out,0,1 Bundesliga,2016,2016/2017
Eintracht Frankfurt,Taleb Tawatha,24,Left-Back,Maccabi Haifa,£1.08m,in,1.08,1 Bundesliga,2016,2016/2017
Eintracht Frankfurt,Andersson Ordóñez,22,Centre-Back,Barcelona SC,£900k,in,0.9,1 Bundesliga,2016,2016/2017
Eintracht Frankfurt,Omar Mascarell,23,Defensive Midfield,Real Madrid,£900k,in,0.9,1 Bundesliga,2016,2016/2017
Eintracht Frankfurt,Marius Wolf,21,Right Winger,Hannover 96,Loan fee:£450k,in,0.45,1 Bundesliga,2016,2016/2017
Eintracht Frankfurt,Max Besuschkow,19,Central Midfield,Stuttgart II,£90k,in,0.09,1 Bundesliga,2016,2016/2017
Eintracht Frankfurt,Branimir Hrgota,23,Centre-Forward,Bor. M'gladbach,Free Transfer,in,0,1 Bundesliga,2016,2016/2017
Eintracht Frankfurt,Ante Rebic,22,Second Striker,Fiorentina,Loan,in,0,1 Bundesliga,2016,2016/2017
Eintracht Frankfurt,Danny Blum,25,Left Winger,1.FC Nuremberg,Free Transfer,in,0,1 Bundesliga,2016,2016/2017
Eintracht Frankfurt,Guillermo Varela,23,Right-Back,Man Utd,Loan,in,0,1 Bundesliga,2016,2016/2017
Eintracht Frankfurt,Shani Tarashaj,21,Centre-Forward,Everton,Loan,in,0,1 Bundesliga,2016,2016/2017
Eintracht Frankfurt,Jesús Vallejo,19,Centre-Back,Real Madrid,Loan,in,0,1 Bundesliga,2016,2016/2017
Eintracht Frankfurt,Michael Hector,24,Centre-Back,Chelsea,Loan,in,0,1 Bundesliga,2016,2016/2017
Eintracht Frankfurt,Furkan Zorba,18,Centre-Back,Frankfurt U19,-,in,0,1 Bundesliga,2016,2016/2017
Eintracht Frankfurt,Leon Bätge,18,Goalkeeper,Frankfurt U19,-,in,0,1 Bundesliga,2016,2016/2017
Eintracht Frankfurt,Aymen Barkok,18,Attacking Midfield,Frankfurt U19,-,in,0,1 Bundesliga,2016,2016/2017
Eintracht Frankfurt,Joel Gerezgiher,20,Left Midfield,FSV Frankfurt,"End of loanJun 30, 2016",in,0,1 Bundesliga,2016,2016/2017
Eintracht Frankfurt,Carlos Zambrano,26,Centre-Back,Rubin Kazan,£3.15m,out,3.15,1 Bundesliga,2016,2016/2017
Eintracht Frankfurt,Stefan Aigner,28,Second Striker,1860 Munich,£2.70m,out,2.7,1 Bundesliga,2016,2016/2017
Eintracht Frankfurt,Luc Castaignos,23,Centre-Forward,Sporting CP,£2.25m,out,2.25,1 Bundesliga,2016,2016/2017
Eintracht Frankfurt,Luca Waldschmidt,20,Centre-Forward,Hamburger SV,£1.17m,out,1.17,1 Bundesliga,2016,2016/2017
Eintracht Frankfurt,Szabolcs Huszti,33,Central Midfield,CC Yatai,£900k,out,0.9,1 Bundesliga,2016,2016/2017
Eintracht Frankfurt,Aleksandar Ignjovski,25,Defensive Midfield,SC Freiburg,£675k,out,0.675,1 Bundesliga,2016,2016/2017
Eintracht Frankfurt,Johannes Flum,29,Central Midfield,FC St. Pauli,Free Transfer,out,0,1 Bundesliga,2016,2016/2017
Eintracht Frankfurt,Enis Bunjaki,19,Attacking Midfield,FC Twente,Free Transfer,out,0,1 Bundesliga,2016,2016/2017
Eintracht Frankfurt,Sonny Kittel,23,Attacking Midfield,FC Ingolstadt,Free Transfer,out,0,1 Bundesliga,2016,2016/2017
Eintracht Frankfurt,Yannick Zummack,20,Goalkeeper,SF Lotte,Free Transfer,out,0,1 Bundesliga,2016,2016/2017
Eintracht Frankfurt,Änis Ben-Hatira,28,Attacking Midfield,SV Darmstadt 98,Free Transfer,out,0,1 Bundesliga,2016,2016/2017
Eintracht Frankfurt,Joel Gerezgiher,21,Left Midfield,Holstein Kiel,?,out,NA,1 Bundesliga,2016,2016/2017
Eintracht Frankfurt,Emil Balayev,22,Goalkeeper,Without Club,-,out,0,1 Bundesliga,2016,2016/2017
Eintracht Frankfurt,Constant Djakpa,29,Left-Back,Without Club,-,out,0,1 Bundesliga,2016,2016/2017
Eintracht Frankfurt,Bamba Anderson,29,Centre-Back,Retired,-,out,0,1 Bundesliga,2016,2016/2017
Eintracht Frankfurt,Kaan Ayhan,21,Centre-Back,FC Schalke 04,"End of loanJun 30, 2016",out,0,1 Bundesliga,2016,2016/2017
SC Freiburg,Caglar Söyüncü,20,Centre-Back,Altinordu,£2.39m,in,2.39,1 Bundesliga,2016,2016/2017
SC Freiburg,Janik Haberer,22,Central Midfield,TSG Hoffenheim,£1.80m,in,1.8,1 Bundesliga,2016,2016/2017
SC Freiburg,Vincent Sierro,21,Central Midfield,FC Sion,£1.35m,in,1.35,1 Bundesliga,2016,2016/2017
SC Freiburg,Manuel Gulde,25,Centre-Back,Karlsruher SC,£1.08m,in,1.08,1 Bundesliga,2016,2016/2017
SC Freiburg,Jonas Meffert,21,Defensive Midfield,Bay. Leverkusen,£1.08m,in,1.08,1 Bundesliga,2016,2016/2017
SC Freiburg,Onur Bulut,22,Right Winger,VfL Bochum,£1.08m,in,1.08,1 Bundesliga,2016,2016/2017
SC Freiburg,Rafal Gikiewicz,28,Goalkeeper,E. Braunschweig,£900k,in,0.9,1 Bundesliga,2016,2016/2017
SC Freiburg,Aleksandar Ignjovski,25,Defensive Midfield,E. Frankfurt,£675k,in,0.675,1 Bundesliga,2016,2016/2017
SC Freiburg,Georg Niedermeier,30,Centre-Back,VfB Stuttgart,Free Transfer,in,0,1 Bundesliga,2016,2016/2017
SC Freiburg,Zack Steffen,21,Goalkeeper,SC Freiburg II,-,in,0,1 Bundesliga,2016,2016/2017
SC Freiburg,Sebastian Kerk,22,Left Winger,1.FC Nuremberg,"End of loanJun 30, 2016",in,0,1 Bundesliga,2016,2016/2017
SC Freiburg,Stefan Mitrovic,26,Centre-Back,KAA Gent,"End of loanJun 30, 2016",in,0,1 Bundesliga,2016,2016/2017
SC Freiburg,Charles Elie Laprevotte,23,Central Midfield,Preußen Münster,"End of loanJun 30, 2016",in,0,1 Bundesliga,2016,2016/2017
SC Freiburg,Christopher Jullien,23,Centre-Back,Dijon,"End of loanJun 30, 2016",in,0,1 Bundesliga,2016,2016/2017
SC Freiburg,Philipp Zulechner,26,Centre-Forward,BSC Young Boys,"End of loanJun 30, 2016",in,0,1 Bundesliga,2016,2016/2017
SC Freiburg,Christopher Jullien,23,Centre-Back,Toulouse,£2.52m,out,2.52,1 Bundesliga,2016,2016/2017
SC Freiburg,Stefan Mitrovic,26,Centre-Back,KAA Gent,£1.35m,out,1.35,1 Bundesliga,2016,2016/2017
SC Freiburg,Immanuel Höhn,24,Centre-Back,SV Darmstadt 98,£675k,out,0.675,1 Bundesliga,2016,2016/2017
SC Freiburg,Tim Kleindienst,20,Centre-Forward,1.FC Heidenheim,Loan fee:£90k,out,0.09,1 Bundesliga,2016,2016/2017
SC Freiburg,Philipp Zulechner,26,Centre-Forward,Sturm Graz,Free Transfer,out,0,1 Bundesliga,2016,2016/2017
SC Freiburg,Vegar Eggen Hedenstad,25,Right-Back,FC St. Pauli,Free Transfer,out,0,1 Bundesliga,2016,2016/2017
SC Freiburg,Zack Steffen,21,Goalkeeper,Columbus Crew,Free Transfer,out,0,1 Bundesliga,2016,2016/2017
SC Freiburg,Charles Elie Laprevotte,24,Central Midfield,1.FC Magdeburg,Free Transfer,out,0,1 Bundesliga,2016,2016/2017
SC Freiburg,Konstantin Fuhry,21,Goalkeeper,SV Elversberg,Free Transfer,out,0,1 Bundesliga,2016,2016/2017
SC Freiburg,Marco Hingerl,20,Central Midfield,FC Bayern II,Free Transfer,out,0,1 Bundesliga,2016,2016/2017
SC Freiburg,Mensur Mujdza,32,Right-Back,1.FC K'lautern,Free Transfer,out,0,1 Bundesliga,2016,2016/2017
SC Freiburg,Caleb Stanko,23,Defensive Midfield,FC Vaduz,Loan,out,0,1 Bundesliga,2016,2016/2017
SC Freiburg,Mats Möller Daehli,21,Left Winger,FC St. Pauli,Loan,out,0,1 Bundesliga,2016,2016/2017
SC Freiburg,Florian Kath,21,Left Winger,1.FC Magdeburg,Loan,out,0,1 Bundesliga,2016,2016/2017
SC Freiburg,Sebastian Kerk,22,Left Winger,1.FC K'lautern,Loan,out,0,1 Bundesliga,2016,2016/2017
SC Freiburg,Lucas Hufnagel,23,Central Midfield,1.FC Nuremberg,Loan,out,0,1 Bundesliga,2016,2016/2017
SC Freiburg,Fabian Schleusener,24,Centre-Forward,FSV Frankfurt,Loan,out,0,1 Bundesliga,2016,2016/2017
SC Freiburg,Jonas Meffert,22,Defensive Midfield,Karlsruher SC,Loan,out,0,1 Bundesliga,2016,2016/2017
SC Freiburg,Joshua Mees,20,Left Winger,TSG Hoffenheim,"End of loanJun 30, 2016",out,0,1 Bundesliga,2016,2016/2017
RB Leipzig,Naby Keïta,21,Central Midfield,RB Salzburg,£26.78m,in,26.78,1 Bundesliga,2016,2016/2017
RB Leipzig,Oliver Burke,19,Right Winger,Nottm Forest,£13.68m,in,13.68,1 Bundesliga,2016,2016/2017
RB Leipzig,Timo Werner,20,Centre-Forward,VfB Stuttgart,£12.60m,in,12.6,1 Bundesliga,2016,2016/2017
RB Leipzig,Dayot Upamecano,18,Centre-Back,RB Salzburg,£9.00m,in,9,1 Bundesliga,2016,2016/2017
RB Leipzig,Bernardo,21,Left-Back,RB Salzburg,£5.40m,in,5.4,1 Bundesliga,2016,2016/2017
RB Leipzig,Marius Müller,22,Goalkeeper,1.FC K'lautern,£1.53m,in,1.53,1 Bundesliga,2016,2016/2017
RB Leipzig,Kyriakos Papadopoulos,24,Centre-Back,Bay. Leverkusen,Loan fee:£900k,in,0.9,1 Bundesliga,2016,2016/2017
RB Leipzig,Benno Schmitz,21,Right-Back,RB Salzburg,£720k,in,0.72,1 Bundesliga,2016,2016/2017
RB Leipzig,Vitaly Janelt,18,Defensive Midfield,RB Leipzig U19,-,in,0,1 Bundesliga,2016,2016/2017
RB Leipzig,Omer Damari,27,Centre-Forward,NY Red Bulls,"End of loanJan 1, 2017",in,0,1 Bundesliga,2016,2016/2017
RB Leipzig,Zsolt Kalmár,21,Attacking Midfield,FSV Frankfurt,"End of loanJun 30, 2016",in,0,1 Bundesliga,2016,2016/2017
RB Leipzig,Omer Damari,27,Centre-Forward,RB Salzburg,"End of loanJun 30, 2016",in,0,1 Bundesliga,2016,2016/2017
RB Leipzig,Atinc Nukan,23,Centre-Back,Besiktas,Loan fee:£90k,out,0.09,1 Bundesliga,2016,2016/2017
RB Leipzig,Terrence Boyd,25,Centre-Forward,SV Darmstadt 98,Free Transfer,out,0,1 Bundesliga,2016,2016/2017
RB Leipzig,Stefan Hierländer,25,Right Midfield,Sturm Graz,Free Transfer,out,0,1 Bundesliga,2016,2016/2017
RB Leipzig,Georg Teigl,25,Right Midfield,FC Augsburg,Free Transfer,out,0,1 Bundesliga,2016,2016/2017
RB Leipzig,Omer Damari,27,Centre-Forward,NY Red Bulls,Loan,out,0,1 Bundesliga,2016,2016/2017
RB Leipzig,Zsolt Kalmár,21,Attacking Midfield,Bröndby IF,Loan,out,0,1 Bundesliga,2016,2016/2017
RB Leipzig,Massimo Bruno,22,Right Winger,RSC Anderlecht,Loan,out,0,1 Bundesliga,2016,2016/2017
RB Leipzig,Omer Damari,27,Centre-Forward,Maccabi Haifa,Loan,out,0,1 Bundesliga,2016,2016/2017
RB Leipzig,Nils Quaschner,22,Centre-Forward,VfL Bochum,Loan,out,0,1 Bundesliga,2016,2016/2017
RB Leipzig,Vitaly Janelt,18,Defensive Midfield,VfL Bochum,Loan,out,0,1 Bundesliga,2016,2016/2017
RB Leipzig,Anthony Jung,24,Left-Back,FC Ingolstadt,Loan,out,0,1 Bundesliga,2016,2016/2017
RB Leipzig,Kyriakos Papadopoulos,24,Centre-Back,Bay. Leverkusen,"End of loanJan 15, 2017",out,0,1 Bundesliga,2016,2016/2017
RB Leipzig,Benjamin Bellot,25,Goalkeeper,RB Leipzig II,-,out,0,1 Bundesliga,2016,2016/2017
RB Leipzig,John-Patrick Strauß,20,Right-Back,RB Leipzig II,-,out,0,1 Bundesliga,2016,2016/2017
