club_name,player_name,age,position,club_involved_name,fee,transfer_movement,fee_cleaned,league_name,year,season
Atlético Madrid,Antoine Griezmann,23,Centre-Forward,Real Sociedad,£27.00m,in,27,Primera Division,2014,2014/2015
Atlético Madrid,Mario Mandzukic,28,Centre-Forward,Bayern Munich,£19.80m,in,19.8,Primera Division,2014,2014/2015
Atlético Madrid,Jan Oblak,21,Goalkeeper,Benfica,£14.40m,in,14.4,Primera Division,2014,2014/2015
Atlético Madrid,Alessio Cerci,27,Right Winger,Torino,£13.50m,in,13.5,Primera Division,2014,2014/2015
Atlético Madrid,Raúl Jiménez,23,Centre-Forward,América,£9.45m,in,9.45,Primera Division,2014,2014/2015
Atlético Madrid,Guilherme Siqueira,28,Left-Back,Granada CF,£9.00m,in,9,Primera Division,2014,2014/2015
Atlético Madrid,Ángel Correa,19,Right Winger,San Lorenzo,£6.75m,in,6.75,Primera Division,2014,2014/2015
Atlético Madrid,Miguel Ángel Moyà,30,Goalkeeper,Getafe,£2.70m,in,2.7,Primera Division,2014,2014/2015
Atlético Madrid,Jesús Gámez,29,Right-Back,Málaga CF,£2.25m,in,2.25,Primera Division,2014,2014/2015
Atlético Madrid,Emiliano Velázquez,20,Centre-Back,Danubio FC,£990k,in,0.99,Primera Division,2014,2014/2015
Atlético Madrid,Cristian Ansaldi,27,Left-Back,Zenit S-Pb,Loan fee:£900k,in,0.9,Primera Division,2014,2014/2015
Atlético Madrid,André Moreira,18,Goalkeeper,GD Ribeirão,£315k,in,0.315,Primera Division,2014,2014/2015
Atlético Madrid,Cani,33,Attacking Midfield,Villarreal,Loan,in,0,Primera Division,2014,2014/2015
Atlético Madrid,Fernando Torres,30,Centre-Forward,AC Milan,Loan,in,0,Primera Division,2014,2014/2015
Atlético Madrid,Rubén Pérez,25,Defensive Midfield,Torino,"End of loanJan 21, 2015",in,0,Primera Division,2014,2014/2015
Atlético Madrid,Borja Bastón,22,Centre-Forward,Dep. La Coruña,"End of loanAug 27, 2014",in,0,Primera Division,2014,2014/2015
Atlético Madrid,Cristian Rodríguez,29,Central Midfield,Grêmio,"End of loanMay 8, 2015",in,0,Primera Division,2014,2014/2015
Atlético Madrid,Cristian Rodríguez,29,Central Midfield,Parma,"End of loanMar 8, 2015",in,0,Primera Division,2014,2014/2015
Atlético Madrid,Rubén Pérez,25,Defensive Midfield,Elche CF,"End of loanJun 30, 2014",in,0,Primera Division,2014,2014/2015
Atlético Madrid,Roberto,28,Goalkeeper,Olympiacos,"End of loanJun 30, 2014",in,0,Primera Division,2014,2014/2015
Atlético Madrid,Josuha Guilavogui,23,Defensive Midfield,Saint-Étienne,"End of loanJun 30, 2014",in,0,Primera Division,2014,2014/2015
Atlético Madrid,Sergio Asenjo,25,Goalkeeper,Villarreal,"End of loanJun 30, 2014",in,0,Primera Division,2014,2014/2015
Atlético Madrid,Óliver Torres,19,Central Midfield,Villarreal,"End of loanJun 30, 2014",in,0,Primera Division,2014,2014/2015
Atlético Madrid,Saúl Ñíguez,19,Central Midfield,Rayo Vallecano,"End of loanJun 30, 2014",in,0,Primera Division,2014,2014/2015
Atlético Madrid,Leo Baptistão,21,Right Winger,Real Betis,"End of loanJun 30, 2014",in,0,Primera Division,2014,2014/2015
Atlético Madrid,Diego Costa,25,Centre-Forward,Chelsea,£34.20m,out,34.2,Primera Division,2014,2014/2015
Atlético Madrid,Filipe Luís,28,Left-Back,Chelsea,£18.00m,out,18,Primera Division,2014,2014/2015
Atlético Madrid,Adrián López,26,Left Midfield,FC Porto,£9.90m,out,9.9,Primera Division,2014,2014/2015
Atlético Madrid,Josuha Guilavogui,23,Defensive Midfield,VfL Wolfsburg,Loan fee:£6.12m,out,6.12,Primera Division,2014,2014/2015
Atlético Madrid,Roberto,28,Goalkeeper,Olympiacos,£5.40m,out,5.4,Primera Division,2014,2014/2015
Atlético Madrid,Sergio Asenjo,25,Goalkeeper,Villarreal,£4.50m,out,4.5,Primera Division,2014,2014/2015
Atlético Madrid,Javier Manquillo,20,Right-Back,Liverpool,Loan fee:£1.80m,out,1.8,Primera Division,2014,2014/2015
Atlético Madrid,Rubén Pérez,25,Defensive Midfield,Torino,Loan fee:£450k,out,0.45,Primera Division,2014,2014/2015
Atlético Madrid,David Villa,32,Centre-Forward,NYCFC,Free Transfer,out,0,Primera Division,2014,2014/2015
Atlético Madrid,Diego,29,Attacking Midfield,Fenerbahce,Free Transfer,out,0,Primera Division,2014,2014/2015
Atlético Madrid,Borja Bastón,22,Centre-Forward,Real Zaragoza,Loan,out,0,Primera Division,2014,2014/2015
Atlético Madrid,Rubén Pérez,25,Defensive Midfield,Granada CF,Loan,out,0,Primera Division,2014,2014/2015
Atlético Madrid,Emiliano Velázquez,20,Centre-Back,Getafe,Loan,out,0,Primera Division,2014,2014/2015
Atlético Madrid,Toby Alderweireld,25,Centre-Back,Southampton,Loan,out,0,Primera Division,2014,2014/2015
Atlético Madrid,Cristian Rodríguez,29,Central Midfield,Parma,Loan,out,0,Primera Division,2014,2014/2015
Atlético Madrid,Leo Baptistão,21,Right Winger,Rayo Vallecano,Loan,out,0,Primera Division,2014,2014/2015
Atlético Madrid,Emiliano Insúa,25,Left-Back,Rayo Vallecano,Loan,out,0,Primera Division,2014,2014/2015
Atlético Madrid,Óliver Torres,19,Central Midfield,FC Porto,Loan,out,0,Primera Division,2014,2014/2015
Atlético Madrid,Alessio Cerci,27,Right Winger,AC Milan,Loan,out,0,Primera Division,2014,2014/2015
Atlético Madrid,André Moreira,18,Goalkeeper,Moreirense,Loan,out,0,Primera Division,2014,2014/2015
Atlético Madrid,Cristian Rodríguez,29,Central Midfield,Grêmio,Loan,out,0,Primera Division,2014,2014/2015
Atlético Madrid,Daniel Aranzubia,34,Goalkeeper,Retired,-,out,0,Primera Division,2014,2014/2015
Atlético Madrid,Thibaut Courtois,22,Goalkeeper,Chelsea,"End of loanJun 30, 2014",out,0,Primera Division,2014,2014/2015
Atlético Madrid,José Sosa,29,Central Midfield,Metalist,"End of loanJun 30, 2014",out,0,Primera Division,2014,2014/2015
FC Barcelona,Luis Suárez,27,Centre-Forward,Liverpool,£73.55m,in,73.55,Primera Division,2014,2014/2015
FC Barcelona,Jérémy Mathieu,30,Centre-Back,Valencia,£18.00m,in,18,Primera Division,2014,2014/2015
FC Barcelona,Thomas Vermaelen,28,Centre-Back,Arsenal,£17.10m,in,17.1,Primera Division,2014,2014/2015
FC Barcelona,Ivan Rakitic,26,Central Midfield,Sevilla FC,£16.20m,in,16.2,Primera Division,2014,2014/2015
FC Barcelona,Marc-André ter Stegen,22,Goalkeeper,Bor. M'gladbach,£10.80m,in,10.8,Primera Division,2014,2014/2015
FC Barcelona,Claudio Bravo,31,Goalkeeper,Real Sociedad,£10.80m,in,10.8,Primera Division,2014,2014/2015
FC Barcelona,Douglas,24,Right-Back,São Paulo,£3.60m,in,3.6,Primera Division,2014,2014/2015
FC Barcelona,Denis Suárez,20,Central Midfield,FC Barcelona B,-,in,0,Primera Division,2014,2014/2015
FC Barcelona,Jordi Masip,25,Goalkeeper,FC Barcelona B,-,in,0,Primera Division,2014,2014/2015
FC Barcelona,Keirrison,25,Centre-Forward,Coritiba FC,"End of loanJun 30, 2014",in,0,Primera Division,2014,2014/2015
FC Barcelona,Rafinha,21,Central Midfield,Celta de Vigo,"End of loanJun 30, 2014",in,0,Primera Division,2014,2014/2015
FC Barcelona,Gerard Deulofeu,20,Right Winger,Everton,"End of loanJun 30, 2014",in,0,Primera Division,2014,2014/2015
FC Barcelona,Bojan Krkic,23,Second Striker,Ajax,"End of loanJun 30, 2014",in,0,Primera Division,2014,2014/2015
FC Barcelona,Alexis Sánchez,25,Left Winger,Arsenal,£38.25m,out,38.25,Primera Division,2014,2014/2015
FC Barcelona,Cesc Fàbregas,27,Central Midfield,Chelsea,£29.70m,out,29.7,Primera Division,2014,2014/2015
FC Barcelona,Cristian Tello,22,Left Winger,FC Porto,Loan fee:£2.70m,out,2.7,Primera Division,2014,2014/2015
FC Barcelona,Bojan Krkic,23,Second Striker,Stoke City,£1.62m,out,1.62,Primera Division,2014,2014/2015
FC Barcelona,Jonathan dos Santos,24,Central Midfield,Villarreal,£1.35m,out,1.35,Primera Division,2014,2014/2015
FC Barcelona,Alex Song,26,Defensive Midfield,West Ham,Loan,out,0,Primera Division,2014,2014/2015
FC Barcelona,Oier Olazábal,24,Goalkeeper,Granada CF,Free Transfer,out,0,Primera Division,2014,2014/2015
FC Barcelona,Denis Suárez,20,Central Midfield,Sevilla FC,Loan,out,0,Primera Division,2014,2014/2015
FC Barcelona,Keirrison,25,Centre-Forward,Coritiba FC,Free Transfer,out,0,Primera Division,2014,2014/2015
FC Barcelona,Ibrahim Afellay,28,Left Midfield,Olympiacos,Loan,out,0,Primera Division,2014,2014/2015
FC Barcelona,Isaac Cuenca,23,Right Midfield,Dep. La Coruña,Free Transfer,out,0,Primera Division,2014,2014/2015
FC Barcelona,Gerard Deulofeu,20,Right Winger,Sevilla FC,Loan,out,0,Primera Division,2014,2014/2015
FC Barcelona,José Manuel Pinto,38,Goalkeeper,Retired,-,out,0,Primera Division,2014,2014/2015
FC Barcelona,Víctor Valdés,32,Goalkeeper,Without Club,-,out,0,Primera Division,2014,2014/2015
FC Barcelona,Carles Puyol,36,Centre-Back,Retired,-,out,0,Primera Division,2014,2014/2015
Real Madrid,James Rodríguez,23,Attacking Midfield,Monaco,£67.50m,in,67.5,Primera Division,2014,2014/2015
Real Madrid,Toni Kroos,24,Central Midfield,Bayern Munich,£22.50m,in,22.5,Primera Division,2014,2014/2015
Real Madrid,Lucas Silva,21,Central Midfield,Cruzeiro,£11.70m,in,11.7,Primera Division,2014,2014/2015
Real Madrid,Keylor Navas,27,Goalkeeper,Levante,£9.00m,in,9,Primera Division,2014,2014/2015
Real Madrid,Chicharito,26,Centre-Forward,Man Utd,Loan fee:£2.70m,in,2.7,Primera Division,2014,2014/2015
Real Madrid,Fernando Pacheco,22,Goalkeeper,RM Castilla,-,in,0,Primera Division,2014,2014/2015
Real Madrid,Nuri Sahin,25,Defensive Midfield,Bor. Dortmund,"End of loanJun 30, 2014",in,0,Primera Division,2014,2014/2015
Real Madrid,Denis Cheryshev,23,Left Winger,Sevilla FC,"End of loanJun 30, 2014",in,0,Primera Division,2014,2014/2015
Real Madrid,Ángel Di María,26,Right Winger,Man Utd,£67.50m,out,67.5,Primera Division,2014,2014/2015
Real Madrid,Álvaro Morata,21,Centre-Forward,Juventus,£18.00m,out,18,Primera Division,2014,2014/2015
Real Madrid,Xabi Alonso,32,Defensive Midfield,Bayern Munich,£8.10m,out,8.1,Primera Division,2014,2014/2015
Real Madrid,Nuri Sahin,25,Defensive Midfield,Bor. Dortmund,£6.30m,out,6.3,Primera Division,2014,2014/2015
Real Madrid,Casemiro,22,Defensive Midfield,FC Porto,Loan fee:£1.08m,out,1.08,Primera Division,2014,2014/2015
Real Madrid,Jesús Fernández,26,Goalkeeper,Levante,£450k,out,0.45,Primera Division,2014,2014/2015
Real Madrid,Diego López,32,Goalkeeper,AC Milan,Free Transfer,out,0,Primera Division,2014,2014/2015
Real Madrid,Denis Cheryshev,23,Left Winger,Villarreal,Loan,out,0,Primera Division,2014,2014/2015
Athletic Bilbao,Borja Viguera,27,Centre-Forward,Alavés,£900k,in,0.9,Primera Division,2014,2014/2015
Athletic Bilbao,Unai Bustinza,22,Centre-Back,Bilbao Athletic,-,in,0,Primera Division,2014,2014/2015
Athletic Bilbao,Ager Aketxe,20,Attacking Midfield,Bilbao Athletic,-,in,0,Primera Division,2014,2014/2015
Athletic Bilbao,Iker Guarrotxena,21,Left Winger,Bilbao Athletic,-,in,0,Primera Division,2014,2014/2015
Athletic Bilbao,Unai López,18,Attacking Midfield,Bilbao Athletic,-,in,0,Primera Division,2014,2014/2015
Athletic Bilbao,Kepa,19,Goalkeeper,Bilbao Athletic,-,in,0,Primera Division,2014,2014/2015
Athletic Bilbao,Raúl Fernández,26,Goalkeeper,CD Numancia,"End of loanJun 30, 2014",in,0,Primera Division,2014,2014/2015
Athletic Bilbao,Jon Aurtenetxe,22,Left-Back,Celta de Vigo,"End of loanJun 30, 2014",in,0,Primera Division,2014,2014/2015
Athletic Bilbao,Jonás Ramalho,21,Centre-Back,Girona,"End of loanJun 30, 2014",in,0,Primera Division,2014,2014/2015
Athletic Bilbao,Iñigo Ruiz de Galarreta,20,Central Midfield,CD Mirandés,"End of loanJun 30, 2014",in,0,Primera Division,2014,2014/2015
Athletic Bilbao,Ander Herrera,24,Central Midfield,Man Utd,£32.40m,out,32.4,Primera Division,2014,2014/2015
Athletic Bilbao,Raúl Fernández,26,Goalkeeper,Racing,Free Transfer,out,0,Primera Division,2014,2014/2015
Athletic Bilbao,Borja Ekiza,26,Centre-Back,SD Eibar,Free Transfer,out,0,Primera Division,2014,2014/2015
Athletic Bilbao,Jonás Ramalho,21,Centre-Back,Girona,Loan,out,0,Primera Division,2014,2014/2015
Athletic Bilbao,Iñigo Pérez,26,Central Midfield,CD Numancia,Free Transfer,out,0,Primera Division,2014,2014/2015
Athletic Bilbao,Iker Guarrotxena,21,Left Winger,CD Tenerife,Loan,out,0,Primera Division,2014,2014/2015
Athletic Bilbao,Erik Morán,23,Defensive Midfield,CD Leganés,Loan,out,0,Primera Division,2014,2014/2015
Athletic Bilbao,Unai Albizua,25,Centre-Back,CD Tenerife,Loan,out,0,Primera Division,2014,2014/2015
Athletic Bilbao,Kepa,20,Goalkeeper,Ponferradina,Loan,out,0,Primera Division,2014,2014/2015
Athletic Bilbao,Iñigo Ruiz de Galarreta,21,Central Midfield,Real Zaragoza,Loan,out,0,Primera Division,2014,2014/2015
Sevilla FC,Grzegorz Krychowiak,24,Defensive Midfield,Reims,£4.95m,in,4.95,Primera Division,2014,2014/2015
Sevilla FC,Aleix Vidal,24,Right Midfield,UD Almería,£2.70m,in,2.7,Primera Division,2014,2014/2015
Sevilla FC,Timothée Kolodziejczak,22,Centre-Back,OGC Nice,£2.70m,in,2.7,Primera Division,2014,2014/2015
Sevilla FC,Éver Banega,26,Central Midfield,Valencia,£2.25m,in,2.25,Primera Division,2014,2014/2015
Sevilla FC,Nicolás Pareja,30,Centre-Back,Spartak Moscow,£2.25m,in,2.25,Primera Division,2014,2014/2015
Sevilla FC,Benoît Trémoulinas,28,Left-Back,Dynamo Kyiv,£2.25m,in,2.25,Primera Division,2014,2014/2015
Sevilla FC,Daniel Carriço,25,Centre-Back,Reading,£1.62m,in,1.62,Primera Division,2014,2014/2015
Sevilla FC,Mariano Barbosa,29,Goalkeeper,UD Las Palmas,£135k,in,0.135,Primera Division,2014,2014/2015
Sevilla FC,Alejandro Arribas,25,Centre-Back,CA Osasuna,Free Transfer,in,0,Primera Division,2014,2014/2015
Sevilla FC,Denis Suárez,20,Central Midfield,FC Barcelona,Loan,in,0,Primera Division,2014,2014/2015
Sevilla FC,Stéphane Mbia,28,Defensive Midfield,QPR,Free Transfer,in,0,Primera Division,2014,2014/2015
Sevilla FC,Iago Aspas,26,Centre-Forward,Liverpool,Loan,in,0,Primera Division,2014,2014/2015
Sevilla FC,Gerard Deulofeu,20,Right Winger,FC Barcelona,Loan,in,0,Primera Division,2014,2014/2015
Sevilla FC,Bryan Rabello,20,Attacking Midfield,FC Luzern,"End of loanJan 29, 2015",in,0,Primera Division,2014,2014/2015
Sevilla FC,Sergio Rico,20,Goalkeeper,Sevilla Atl.,-,in,0,Primera Division,2014,2014/2015
Sevilla FC,Manu del Moral,30,Centre-Forward,Elche CF,"End of loanJun 30, 2014",in,0,Primera Division,2014,2014/2015
Sevilla FC,Baba Diawara,26,Centre-Forward,Levante,"End of loanJun 30, 2014",in,0,Primera Division,2014,2014/2015
Sevilla FC,Bryan Rabello,20,Attacking Midfield,Dep. La Coruña,"End of loanJun 30, 2014",in,0,Primera Division,2014,2014/2015
Sevilla FC,Diego Perotti,25,Left Winger,Boca Juniors,"End of loanJun 30, 2014",in,0,Primera Division,2014,2014/2015
Sevilla FC,Javi Hervás,25,Central Midfield,Hércules CF,"End of loanJun 30, 2014",in,0,Primera Division,2014,2014/2015
Sevilla FC,Julián Cuesta,23,Goalkeeper,UD Almería,"End of loanJun 30, 2014",in,0,Primera Division,2014,2014/2015
Sevilla FC,Tiberio Guarente,28,Central Midfield,Chievo Verona,"End of loanJun 30, 2014",in,0,Primera Division,2014,2014/2015
Sevilla FC,Alberto Botía,25,Centre-Back,Elche CF,"End of loanJun 30, 2014",in,0,Primera Division,2014,2014/2015
Sevilla FC,Raul Rusescu,25,Centre-Forward,Braga,"End of loanJun 30, 2014",in,0,Primera Division,2014,2014/2015
Sevilla FC,Miroslav Stevanovic,23,Right Midfield,Alavés,"End of loanJun 30, 2014",in,0,Primera Division,2014,2014/2015
Sevilla FC,Ivan Rakitic,26,Central Midfield,FC Barcelona,£16.20m,out,16.2,Primera Division,2014,2014/2015
Sevilla FC,Alberto Moreno,22,Left-Back,Liverpool,£16.20m,out,16.2,Primera Division,2014,2014/2015
Sevilla FC,Federico Fazio,27,Centre-Back,Spurs,£9.00m,out,9,Primera Division,2014,2014/2015
Sevilla FC,Jairo Samperio,21,Left Winger,1.FSV Mainz 05,£1.98m,out,1.98,Primera Division,2014,2014/2015
Sevilla FC,Alberto Botía,25,Centre-Back,Olympiacos,£1.80m,out,1.8,Primera Division,2014,2014/2015
Sevilla FC,Diego Perotti,25,Left Winger,Genoa,£315k,out,0.315,Primera Division,2014,2014/2015
Sevilla FC,Javi Hervás,25,Central Midfield,CE Sabadell,Loan,out,0,Primera Division,2014,2014/2015
Sevilla FC,Raul Rusescu,26,Centre-Forward,Steaua Bukarest,Loan,out,0,Primera Division,2014,2014/2015
Sevilla FC,Javi Varas,31,Goalkeeper,Real Valladolid,Free Transfer,out,0,Primera Division,2014,2014/2015
Sevilla FC,Cicinho,28,Right-Back,CD Numancia,Loan,out,0,Primera Division,2014,2014/2015
Sevilla FC,Baba Diawara,26,Centre-Forward,Getafe,Loan,out,0,Primera Division,2014,2014/2015
Sevilla FC,Manu del Moral,30,Centre-Forward,SD Eibar,Loan,out,0,Primera Division,2014,2014/2015
Sevilla FC,Julián Cuesta,23,Goalkeeper,UD Almería,?,out,NA,Primera Division,2014,2014/2015
Sevilla FC,Tiberio Guarente,28,Central Midfield,FC Empoli,?,out,NA,Primera Division,2014,2014/2015
Sevilla FC,Bryan Rabello,20,Attacking Midfield,FC Luzern,Loan,out,0,Primera Division,2014,2014/2015
Sevilla FC,Bryan Rabello,20,Attacking Midfield,CD Leganés,Loan,out,0,Primera Division,2014,2014/2015
Sevilla FC,Miroslav Stevanovic,24,Right Midfield,Without Club,-,out,0,Primera Division,2014,2014/2015
Sevilla FC,Marko Marin,25,Attacking Midfield,Chelsea,"End of loanJun 30, 2014",out,0,Primera Division,2014,2014/2015
Sevilla FC,Stéphane Mbia,28,Defensive Midfield,QPR,"End of loanJun 30, 2014",out,0,Primera Division,2014,2014/2015
Sevilla FC,Daniel Carriço,25,Centre-Back,Reading,"End of loanJun 30, 2014",out,0,Primera Division,2014,2014/2015
Sevilla FC,Nicolás Pareja,30,Centre-Back,Spartak Moscow,"End of loanJun 30, 2014",out,0,Primera Division,2014,2014/2015
Sevilla FC,Denis Cheryshev,23,Left Winger,Real Madrid,"End of loanJun 30, 2014",out,0,Primera Division,2014,2014/2015
Villarreal CF,Eric Bailly,20,Centre-Back,Espanyol,£5.13m,in,5.13,Primera Division,2014,2014/2015
Villarreal CF,Luciano Vietto,20,Centre-Forward,Racing Club,£4.95m,in,4.95,Primera Division,2014,2014/2015
Villarreal CF,Sergio Asenjo,25,Goalkeeper,Atlético Madrid,£4.50m,in,4.5,Primera Division,2014,2014/2015
Villarreal CF,Jonathan dos Santos,24,Central Midfield,FC Barcelona,£1.35m,in,1.35,Primera Division,2014,2014/2015
Villarreal CF,Joel Campbell,22,Right Winger,Arsenal,Loan fee:£900k,in,0.9,Primera Division,2014,2014/2015
Villarreal CF,Antonio Rukavina,30,Right-Back,Real Valladolid,Free Transfer,in,0,Primera Division,2014,2014/2015
Villarreal CF,Javier Espinosa,21,Attacking Midfield,FC Barcelona B,Free Transfer,in,0,Primera Division,2014,2014/2015
Villarreal CF,Víctor Ruiz,25,Centre-Back,Valencia,Loan,in,0,Primera Division,2014,2014/2015
Villarreal CF,Denis Cheryshev,23,Left Winger,Real Madrid,Loan,in,0,Primera Division,2014,2014/2015
Villarreal CF,Jonathan Pereira,27,Centre-Forward,Rayo Vallecano,"End of loanJan 2, 2015",in,0,Primera Division,2014,2014/2015
Villarreal CF,Jonathan de Guzmán,26,Central Midfield,Swansea,"End of loanJun 30, 2014",in,0,Primera Division,2014,2014/2015
Villarreal CF,Hernán Pérez,25,Right Winger,Olympiacos,"End of loanJun 30, 2014",in,0,Primera Division,2014,2014/2015
Villarreal CF,Gerard Moreno,22,Centre-Forward,RCD Mallorca,"End of loanJun 30, 2014",in,0,Primera Division,2014,2014/2015
Villarreal CF,Florian Lejeune,23,Centre-Back,Stade Brest 29,"End of loanJun 30, 2014",in,0,Primera Division,2014,2014/2015
Villarreal CF,Gabriel Paulista,24,Centre-Back,Arsenal,£13.50m,out,13.5,Primera Division,2014,2014/2015
Villarreal CF,Jonathan de Guzmán,26,Central Midfield,SSC Napoli,£5.40m,out,5.4,Primera Division,2014,2014/2015
Villarreal CF,Jérémy Perbet,29,Centre-Forward,Basaksehir,£1.35m,out,1.35,Primera Division,2014,2014/2015
Villarreal CF,Florian Lejeune,23,Centre-Back,Girona,Free Transfer,out,0,Primera Division,2014,2014/2015
Villarreal CF,Pablo Iñiguez,20,Centre-Back,Girona,Loan,out,0,Primera Division,2014,2014/2015
Villarreal CF,Jonathan Pereira,27,Centre-Forward,Real Valladolid,Loan,out,0,Primera Division,2014,2014/2015
Villarreal CF,Jonathan Pereira,27,Centre-Forward,Rayo Vallecano,Loan,out,0,Primera Division,2014,2014/2015
Villarreal CF,Javier Espinosa,22,Attacking Midfield,UD Almería,Loan,out,0,Primera Division,2014,2014/2015
Villarreal CF,Aleksandar Pantic,22,Centre-Back,Córdoba CF,Loan,out,0,Primera Division,2014,2014/2015
Villarreal CF,Cani,33,Attacking Midfield,Atlético Madrid,Loan,out,0,Primera Division,2014,2014/2015
Villarreal CF,Hernán Pérez,25,Right Winger,Real Valladolid,Loan,out,0,Primera Division,2014,2014/2015
Villarreal CF,Javier Aquino,24,Left Winger,Rayo Vallecano,Loan,out,0,Primera Division,2014,2014/2015
Villarreal CF,Joan Román,21,Left Winger,FC Barcelona B,"End of loanJun 30, 2014",out,0,Primera Division,2014,2014/2015
Villarreal CF,Sergio Asenjo,25,Goalkeeper,Atlético Madrid,"End of loanJun 30, 2014",out,0,Primera Division,2014,2014/2015
Villarreal CF,Óliver Torres,19,Central Midfield,Atlético Madrid,"End of loanJun 30, 2014",out,0,Primera Division,2014,2014/2015
Real Sociedad,Alfred Finnbogason,25,Centre-Forward,Heerenveen,£7.20m,in,7.2,Primera Division,2014,2014/2015
Real Sociedad,Esteban Granero,27,Central Midfield,QPR,£3.60m,in,3.6,Primera Division,2014,2014/2015
Real Sociedad,Raúl Navas,26,Centre-Back,SD Eibar,Free Transfer,in,0,Primera Division,2014,2014/2015
Real Sociedad,Iñaki Urkizu,24,Right-Back,Sestao River,?,in,NA,Primera Division,2014,2014/2015
Real Sociedad,Gerónimo Rulli,22,Goalkeeper,Maldonado,Loan,in,0,Primera Division,2014,2014/2015
Real Sociedad,Iñaki Urkizu,24,Right-Back,Real Unión,"End of loanJun 30, 2015",in,0,Primera Division,2014,2014/2015
Real Sociedad,Pablo Hervías,21,Right Winger,Real Sociedad B,-,in,0,Primera Division,2014,2014/2015
Real Sociedad,Joseba Zaldua,22,Right-Back,Real Sociedad B,-,in,0,Primera Division,2014,2014/2015
Real Sociedad,Jon Gaztañaga,23,Defensive Midfield,Real Sociedad B,-,in,0,Primera Division,2014,2014/2015
Real Sociedad,Óscar Vega,27,Attacking Midfield,Real Unión,"End of loanJun 30, 2014",in,0,Primera Division,2014,2014/2015
Real Sociedad,Mikel Abaroa,25,Attacking Midfield,Real Unión,"End of loanJun 30, 2014",in,0,Primera Division,2014,2014/2015
Real Sociedad,Diego Ifrán,27,Centre-Forward,Dep. La Coruña,"End of loanJun 30, 2014",in,0,Primera Division,2014,2014/2015
Real Sociedad,Yuri Berchiche,24,Left-Back,SD Eibar,"End of loanJun 30, 2014",in,0,Primera Division,2014,2014/2015
Real Sociedad,Liassine Cadamuro,26,Centre-Back,RCD Mallorca,"End of loanJun 30, 2014",in,0,Primera Division,2014,2014/2015
Real Sociedad,Antoine Griezmann,23,Centre-Forward,Atlético Madrid,£27.00m,out,27,Primera Division,2014,2014/2015
Real Sociedad,Claudio Bravo,31,Goalkeeper,FC Barcelona,£10.80m,out,10.8,Primera Division,2014,2014/2015
Real Sociedad,Haris Seferovic,22,Centre-Forward,E. Frankfurt,£2.88m,out,2.88,Primera Division,2014,2014/2015
Real Sociedad,Liassine Cadamuro,26,Centre-Back,CA Osasuna,Loan,out,0,Primera Division,2014,2014/2015
Real Sociedad,Raúl Navas,26,Centre-Back,SD Eibar,Loan,out,0,Primera Division,2014,2014/2015
Real Sociedad,Mikel Abaroa,25,Attacking Midfield,UD Logroñés,Free Transfer,out,0,Primera Division,2014,2014/2015
Real Sociedad,Javi Ros,24,Central Midfield,RCD Mallorca,Free Transfer,out,0,Primera Division,2014,2014/2015
Real Sociedad,Diego Ifrán,27,Centre-Forward,CD Tenerife,Loan,out,0,Primera Division,2014,2014/2015
Real Sociedad,Iñaki Urkizu,24,Right-Back,Real Unión,Loan,out,0,Primera Division,2014,2014/2015
Real Sociedad,Pablo Hervías,22,Right Winger,CA Osasuna,Loan,out,0,Primera Division,2014,2014/2015
Real Sociedad,Jon Gaztañaga,23,Defensive Midfield,Ponferradina,Loan,out,0,Primera Division,2014,2014/2015
Real Sociedad,Óscar Vega,27,Attacking Midfield,Without Club,-,out,0,Primera Division,2014,2014/2015
Real Sociedad,José Ángel,24,Left-Back,AS Roma,"End of loanJun 30, 2014",out,0,Primera Division,2014,2014/2015
Real Sociedad,Esteban Granero,26,Central Midfield,QPR,"End of loanJun 30, 2014",out,0,Primera Division,2014,2014/2015
Valencia CF,Enzo Pérez,28,Central Midfield,Benfica,£22.50m,in,22.5,Primera Division,2014,2014/2015
Valencia CF,Nicolás Otamendi,26,Centre-Back,FC Porto,£10.80m,in,10.8,Primera Division,2014,2014/2015
Valencia CF,Shkodran Mustafi,22,Centre-Back,Sampdoria,£7.20m,in,7.2,Primera Division,2014,2014/2015
Valencia CF,Rodrigo de Paul,20,Left Winger,Racing Club,£4.32m,in,4.32,Primera Division,2014,2014/2015
Valencia CF,Lucas Orbán,25,Centre-Back,G. Bordeaux,£3.15m,in,3.15,Primera Division,2014,2014/2015
Valencia CF,Yoel Rodríguez,25,Goalkeeper,Celta de Vigo,Loan,in,0,Primera Division,2014,2014/2015
Valencia CF,André Gomes,20,Central Midfield,Benfica,Loan,in,0,Primera Division,2014,2014/2015
Valencia CF,Filipe Augusto,21,Defensive Midfield,Rio Ave FC,Loan,in,0,Primera Division,2014,2014/2015
Valencia CF,Rodrigo,23,Centre-Forward,Benfica,Loan,in,0,Primera Division,2014,2014/2015
Valencia CF,Bruno Zuculini,21,Defensive Midfield,Man City,Loan,in,0,Primera Division,2014,2014/2015
Valencia CF,João Cancelo,20,Right-Back,Benfica,Loan,in,0,Primera Division,2014,2014/2015
Valencia CF,Álvaro Negredo,29,Centre-Forward,Man City,Loan,in,0,Primera Division,2014,2014/2015
Valencia CF,José Gayà,19,Left-Back,Valencia B,-,in,0,Primera Division,2014,2014/2015
Valencia CF,Míchel,26,Attacking Midfield,Getafe,"End of loanDec 31, 2014",in,0,Primera Division,2014,2014/2015
Valencia CF,Robert Ibáñez,21,Right Winger,Valencia B,-,in,0,Primera Division,2014,2014/2015
Valencia CF,Carles Gil,21,Attacking Midfield,Valencia B,-,in,0,Primera Division,2014,2014/2015
Valencia CF,Aly Cissokho,26,Left-Back,Liverpool,"End of loanJun 30, 2014",in,0,Primera Division,2014,2014/2015
Valencia CF,Dorlan Pabón,26,Right Winger,São Paulo,"End of loanJun 30, 2014",in,0,Primera Division,2014,2014/2015
Valencia CF,Éver Banega,26,Central Midfield,Newell's,"End of loanJun 30, 2014",in,0,Primera Division,2014,2014/2015
Valencia CF,Adil Rami,28,Centre-Back,AC Milan,"End of loanJun 30, 2014",in,0,Primera Division,2014,2014/2015
Valencia CF,Andrés Guardado,27,Central Midfield,Bay. Leverkusen,"End of loanJun 30, 2014",in,0,Primera Division,2014,2014/2015
Valencia CF,Jonathan Viera,24,Attacking Midfield,Rayo Vallecano,"End of loanJun 30, 2014",in,0,Primera Division,2014,2014/2015
Valencia CF,Hélder Postiga,31,Centre-Forward,Lazio,"End of loanJun 30, 2014",in,0,Primera Division,2014,2014/2015
Valencia CF,Jérémy Mathieu,30,Centre-Back,FC Barcelona,£18.00m,out,18,Primera Division,2014,2014/2015
Valencia CF,Juan Bernat,21,Left-Back,Bayern Munich,£9.00m,out,9,Primera Division,2014,2014/2015
Valencia CF,Dorlan Pabón,26,Right Winger,Monterrey,£5.40m,out,5.4,Primera Division,2014,2014/2015
Valencia CF,Adil Rami,28,Centre-Back,AC Milan,£3.83m,out,3.83,Primera Division,2014,2014/2015
Valencia CF,Carles Gil,22,Attacking Midfield,Aston Villa,£3.78m,out,3.78,Primera Division,2014,2014/2015
Valencia CF,Míchel,26,Attacking Midfield,GZ R&F,£3.60m,out,3.6,Primera Division,2014,2014/2015
Valencia CF,Aly Cissokho,26,Left-Back,Aston Villa,£2.25m,out,2.25,Primera Division,2014,2014/2015
Valencia CF,Éver Banega,26,Central Midfield,Sevilla FC,£2.25m,out,2.25,Primera Division,2014,2014/2015
Valencia CF,Jonathan Viera,24,Attacking Midfield,Standard Liège,£1.80m,out,1.8,Primera Division,2014,2014/2015
Valencia CF,Philippe Senderos,29,Centre-Back,Aston Villa,Free Transfer,out,0,Primera Division,2014,2014/2015
Valencia CF,Hélder Postiga,32,Centre-Forward,Dep. La Coruña,Free Transfer,out,0,Primera Division,2014,2014/2015
Valencia CF,Seydou Keita,34,Central Midfield,AS Roma,Free Transfer,out,0,Primera Division,2014,2014/2015
Valencia CF,Ricardo Costa,33,Centre-Back,Al Sailiya,Free Transfer,out,0,Primera Division,2014,2014/2015
Valencia CF,Vicente Guaita,27,Goalkeeper,Getafe,Free Transfer,out,0,Primera Division,2014,2014/2015
Valencia CF,João Pereira,30,Right-Back,Hannover 96,Free Transfer,out,0,Primera Division,2014,2014/2015
Valencia CF,Andrés Guardado,27,Central Midfield,PSV Eindhoven,Loan,out,0,Primera Division,2014,2014/2015
Valencia CF,Robert Ibáñez,21,Right Winger,Granada CF,Loan,out,0,Primera Division,2014,2014/2015
Valencia CF,Vinícius Araújo,21,Centre-Forward,Standard Liège,Loan,out,0,Primera Division,2014,2014/2015
Valencia CF,Federico Cartabia,21,Right Winger,Córdoba CF,Loan,out,0,Primera Division,2014,2014/2015
Valencia CF,Míchel,25,Attacking Midfield,Getafe,Loan,out,0,Primera Division,2014,2014/2015
Valencia CF,Víctor Ruiz,25,Centre-Back,Villarreal,Loan,out,0,Primera Division,2014,2014/2015
Valencia CF,Jonas,30,Second Striker,Without Club,-,out,0,Primera Division,2014,2014/2015
Valencia CF,Bruno Zuculini,21,Defensive Midfield,Man City,"End of loanJan 30, 2015",out,0,Primera Division,2014,2014/2015
Valencia CF,Eduardo Vargas,24,Centre-Forward,SSC Napoli,"End of loanJun 30, 2014",out,0,Primera Division,2014,2014/2015
Valencia CF,Oriol Romeu,22,Defensive Midfield,Chelsea,"End of loanJun 30, 2014",out,0,Primera Division,2014,2014/2015
UD Almería,Rubén Martínez,30,Goalkeeper,Rayo Vallecano,Free Transfer,in,0,Primera Division,2014,2014/2015
UD Almería,Wellington Silva,21,Right Winger,Arsenal,Loan,in,0,Primera Division,2014,2014/2015
UD Almería,Thievy Bifouma,22,Left Winger,Espanyol,Loan,in,0,Primera Division,2014,2014/2015
UD Almería,Ximo Navarro,24,Centre-Back,RCD Mallorca,Free Transfer,in,0,Primera Division,2014,2014/2015
UD Almería,Quique,24,Centre-Forward,CD Guadalajara,Free Transfer,in,0,Primera Division,2014,2014/2015
UD Almería,José Manuel Casado,28,Left-Back,Málaga CF,Free Transfer,in,0,Primera Division,2014,2014/2015
UD Almería,Tomer Hemed,27,Centre-Forward,RCD Mallorca,Free Transfer,in,0,Primera Division,2014,2014/2015
UD Almería,Mauro dos Santos,25,Centre-Back,Real Murcia,Free Transfer,in,0,Primera Division,2014,2014/2015
UD Almería,Javier Espinosa,22,Attacking Midfield,Villarreal,Loan,in,0,Primera Division,2014,2014/2015
UD Almería,Teerasil Dangda,26,Centre-Forward,Muangthong Utd.,Loan,in,0,Primera Division,2014,2014/2015
UD Almería,Thomas,21,Defensive Midfield,Atl. Madrid B,Loan,in,0,Primera Division,2014,2014/2015
UD Almería,Julián Cuesta,23,Goalkeeper,Sevilla FC,?,in,NA,Primera Division,2014,2014/2015
UD Almería,Fran Vélez,23,Centre-Back,UD Almería B,-,in,0,Primera Division,2014,2014/2015
UD Almería,Míchel,24,Right-Back,Atlético-MG,"End of loanJun 30, 2014",in,0,Primera Division,2014,2014/2015
UD Almería,Raúl Carnero,25,Left-Back,Alavés,"End of loanJun 30, 2014",in,0,Primera Division,2014,2014/2015
UD Almería,Edgar Méndez,24,Right Winger,CD Tenerife,"End of loanJun 30, 2014",in,0,Primera Division,2014,2014/2015
UD Almería,Aleix Vidal,24,Right Midfield,Sevilla FC,£2.70m,out,2.7,Primera Division,2014,2014/2015
UD Almería,Esteban,39,Goalkeeper,Real Oviedo,Free Transfer,out,0,Primera Division,2014,2014/2015
UD Almería,Rafita,31,Right-Back,Real Murcia,Free Transfer,out,0,Primera Division,2014,2014/2015
UD Almería,Marcelo Silva,25,Centre-Back,UD Las Palmas,Free Transfer,out,0,Primera Division,2014,2014/2015
UD Almería,Raúl Carnero,25,Left-Back,Alavés,Free Transfer,out,0,Primera Division,2014,2014/2015
UD Almería,Marcos Tébar,28,Defensive Midfield,Brentford,Free Transfer,out,0,Primera Division,2014,2014/2015
UD Almería,Óscar Díaz,30,Centre-Forward,Real Valladolid,Free Transfer,out,0,Primera Division,2014,2014/2015
UD Almería,Quique,24,Centre-Forward,Racing,Loan,out,0,Primera Division,2014,2014/2015
UD Almería,Teerasil Dangda,26,Centre-Forward,Muangthong Utd.,"End of loanJan 21, 2015",out,0,Primera Division,2014,2014/2015
UD Almería,Wellington Silva,22,Right Winger,Arsenal,"End of loanMay 31, 2015",out,0,Primera Division,2014,2014/2015
UD Almería,Hans Martínez,27,Centre-Back,CDUC,"End of loanJun 30, 2014",out,0,Primera Division,2014,2014/2015
UD Almería,Suso,20,Right Winger,Liverpool,"End of loanJun 30, 2014",out,0,Primera Division,2014,2014/2015
UD Almería,Hélder Barbosa,27,Left Winger,Braga,"End of loanJun 30, 2014",out,0,Primera Division,2014,2014/2015
UD Almería,Rodri,24,Centre-Forward,FC Barcelona B,"End of loanJun 30, 2014",out,0,Primera Division,2014,2014/2015
UD Almería,Marco Torsiglieri,26,Centre-Back,Metalist,"End of loanJun 30, 2014",out,0,Primera Division,2014,2014/2015
UD Almería,Julián Cuesta,23,Goalkeeper,Sevilla FC,"End of loanJun 30, 2014",out,0,Primera Division,2014,2014/2015
UD Almería,Nélson,31,Right-Back,US Palermo,"End of loanJun 30, 2014",out,0,Primera Division,2014,2014/2015
Rayo Vallecano,Johan Mojica,21,Left-Back,Deportivo Cali,£450k,in,0.45,Primera Division,2014,2014/2015
Rayo Vallecano,Miku Fedor,29,Centre-Forward,Al Gharafa,Free Transfer,in,0,Primera Division,2014,2014/2015
Rayo Vallecano,Quini,24,Right-Back,RM Castilla,Free Transfer,in,0,Primera Division,2014,2014/2015
Rayo Vallecano,Toño,34,Goalkeeper,Elche CF,Free Transfer,in,0,Primera Division,2014,2014/2015
Rayo Vallecano,Jozabed Sánchez,23,Central Midfield,Real Jaén CF,Free Transfer,in,0,Primera Division,2014,2014/2015
Rayo Vallecano,Abdoulaye Ba,23,Centre-Back,FC Porto,Loan,in,0,Primera Division,2014,2014/2015
Rayo Vallecano,Derek Boateng,31,Defensive Midfield,Fulham,Free Transfer,in,0,Primera Division,2014,2014/2015
Rayo Vallecano,Manucho,31,Centre-Forward,Real Valladolid,Free Transfer,in,0,Primera Division,2014,2014/2015
Rayo Vallecano,Àlex Moreno,21,Left-Back,RCD Mallorca B,Free Transfer,in,0,Primera Division,2014,2014/2015
Rayo Vallecano,Antonio Amaya,31,Centre-Back,Real Betis,Free Transfer,in,0,Primera Division,2014,2014/2015
Rayo Vallecano,Diego Aguirre,23,Left Winger,CD Toledo,Free Transfer,in,0,Primera Division,2014,2014/2015
Rayo Vallecano,Mohammed Fatau,21,Defensive Midfield,Granada CF B,Loan,in,0,Primera Division,2014,2014/2015
Rayo Vallecano,Jorge Morcillo,28,Centre-Back,Recr. Huelva,Free Transfer,in,0,Primera Division,2014,2014/2015
Rayo Vallecano,Alejandro Pozuelo,22,Attacking Midfield,Swansea,Free Transfer,in,0,Primera Division,2014,2014/2015
Rayo Vallecano,Licá,25,Second Striker,FC Porto,Loan,in,0,Primera Division,2014,2014/2015
Rayo Vallecano,Javier Aquino,24,Left Winger,Villarreal,Loan,in,0,Primera Division,2014,2014/2015
Rayo Vallecano,Jonathan Pereira,27,Centre-Forward,Villarreal,Loan,in,0,Primera Division,2014,2014/2015
Rayo Vallecano,Leo Baptistão,21,Right Winger,Atlético Madrid,Loan,in,0,Primera Division,2014,2014/2015
Rayo Vallecano,Emiliano Insúa,25,Left-Back,Atlético Madrid,Loan,in,0,Primera Division,2014,2014/2015
Rayo Vallecano,Gaël Kakuta,23,Left Winger,Chelsea,Loan,in,0,Primera Division,2014,2014/2015
Rayo Vallecano,Cristian Álvarez,28,Goalkeeper,San Lorenzo,Loan,in,0,Primera Division,2014,2014/2015
Rayo Vallecano,Adrián Embarba,22,Right Winger,Rayo B,-,in,0,Primera Division,2014,2014/2015
Rayo Vallecano,Lass Bangoura,22,Right Winger,Granada CF,Loan fee:£315k,out,0.315,Primera Division,2014,2014/2015
Rayo Vallecano,Derek Boateng,31,Defensive Midfield,SD Eibar,Free Transfer,out,0,Primera Division,2014,2014/2015
Rayo Vallecano,Adrián González,26,Central Midfield,Elche CF,Free Transfer,out,0,Primera Division,2014,2014/2015
Rayo Vallecano,Alberto Perea,24,Left Winger,UE Llagostera,Free Transfer,out,0,Primera Division,2014,2014/2015
Rayo Vallecano,Alejandro Gálvez,25,Centre-Back,Werder Bremen,Free Transfer,out,0,Primera Division,2014,2014/2015
Rayo Vallecano,Razvan Rat,33,Left-Back,PAOK Salonika,Free Transfer,out,0,Primera Division,2014,2014/2015
Rayo Vallecano,José Carlos,26,Attacking Midfield,Córdoba CF,Free Transfer,out,0,Primera Division,2014,2014/2015
Rayo Vallecano,Sebastián Fernández,29,Second Striker,Nacional,Free Transfer,out,0,Primera Division,2014,2014/2015
Rayo Vallecano,Diego Aguirre,23,Left Winger,CD Leganés,Loan,out,0,Primera Division,2014,2014/2015
Rayo Vallecano,Rubén Martínez,30,Goalkeeper,UD Almería,Free Transfer,out,0,Primera Division,2014,2014/2015
Rayo Vallecano,Joaquín Larrivey,29,Centre-Forward,Celta de Vigo,Free Transfer,out,0,Primera Division,2014,2014/2015
Rayo Vallecano,Anaitz Arbilla,27,Centre-Back,Espanyol,?,out,NA,Primera Division,2014,2014/2015
Rayo Vallecano,Johan Mojica,21,Left-Back,Real Valladolid,Loan,out,0,Primera Division,2014,2014/2015
Rayo Vallecano,Jonathan Pereira,27,Centre-Forward,Villarreal,"End of loanJan 2, 2015",out,0,Primera Division,2014,2014/2015
Rayo Vallecano,Nery Castillo,30,Right Winger,Retired,-,out,0,Primera Division,2014,2014/2015
Rayo Vallecano,Leonel Galeano,22,Centre-Back,Without Club,-,out,0,Primera Division,2014,2014/2015
Rayo Vallecano,Johan Mojica,21,Left-Back,Deportivo Cali,"End of loanJun 30, 2014",out,0,Primera Division,2014,2014/2015
Rayo Vallecano,Iago Falque,24,Right Winger,Spurs,"End of loanJun 30, 2014",out,0,Primera Division,2014,2014/2015
Rayo Vallecano,Samuele Longo,22,Centre-Forward,Inter,"End of loanJun 30, 2014",out,0,Primera Division,2014,2014/2015
Rayo Vallecano,Christian Cueva,22,Attacking Midfield,Española,"End of loanJun 30, 2014",out,0,Primera Division,2014,2014/2015
Rayo Vallecano,Rubén Rochina,23,Attacking Midfield,Blackburn,"End of loanJun 30, 2014",out,0,Primera Division,2014,2014/2015
Rayo Vallecano,Saúl Ñíguez,19,Central Midfield,Atlético Madrid,"End of loanJun 30, 2014",out,0,Primera Division,2014,2014/2015
Rayo Vallecano,Jonathan Viera,24,Attacking Midfield,Valencia,"End of loanJun 30, 2014",out,0,Primera Division,2014,2014/2015
Rayo Vallecano,Borja López,20,Centre-Back,Monaco,"End of loanJun 30, 2014",out,0,Primera Division,2014,2014/2015
Celta de Vigo,Pablo Hernández,27,Central Midfield,O'Higgins,£1.44m,in,1.44,Primera Division,2014,2014/2015
Celta de Vigo,Theo Bongonda,19,Left Winger,Zulte Waregem,£1.17m,in,1.17,Primera Division,2014,2014/2015
Celta de Vigo,Nemanja Radoja,21,Defensive Midfield,Vojvodina,£810k,in,0.81,Primera Division,2014,2014/2015
Celta de Vigo,Gustavo Cabral,28,Centre-Back,Arsenal FC,Free Transfer,in,0,Primera Division,2014,2014/2015
Celta de Vigo,Joaquín Larrivey,29,Centre-Forward,Rayo Vallecano,Free Transfer,in,0,Primera Division,2014,2014/2015
Celta de Vigo,Sergi Gómez,22,Centre-Back,FC Barcelona B,?,in,NA,Primera Division,2014,2014/2015
Celta de Vigo,Carles Planas,23,Left-Back,FC Barcelona B,?,in,NA,Primera Division,2014,2014/2015
Celta de Vigo,Rubén Blanco,18,Goalkeeper,Celta Vigo B,-,in,0,Primera Division,2014,2014/2015
Celta de Vigo,Cristian Bustos,31,Central Midfield,Sporting Gijón,"End of loanJun 30, 2014",in,0,Primera Division,2014,2014/2015
Celta de Vigo,Samuel Llorca,29,Centre-Back,Alavés,"End of loanJun 30, 2014",in,0,Primera Division,2014,2014/2015
Celta de Vigo,Jonathan Vila,28,Central Midfield,B. Jerusalem,"End of loanJun 30, 2014",in,0,Primera Division,2014,2014/2015
Celta de Vigo,Jota,23,Right Winger,SD Eibar,"End of loanJun 30, 2014",in,0,Primera Division,2014,2014/2015
Celta de Vigo,Jota,23,Right Winger,Brentford,£1.35m,out,1.35,Primera Division,2014,2014/2015
Celta de Vigo,Jonathan Vila,28,Central Midfield,Real Oviedo,Free Transfer,out,0,Primera Division,2014,2014/2015
Celta de Vigo,Cristian Bustos,31,Central Midfield,RCD Mallorca,Free Transfer,out,0,Primera Division,2014,2014/2015
Celta de Vigo,Samuel Llorca,29,Centre-Back,Real Valladolid,Loan,out,0,Primera Division,2014,2014/2015
Celta de Vigo,Yoel Rodríguez,25,Goalkeeper,Valencia,Loan,out,0,Primera Division,2014,2014/2015
Celta de Vigo,Mario Bermejo,35,Second Striker,Retired,-,out,0,Primera Division,2014,2014/2015
Celta de Vigo,Rafinha,21,Central Midfield,FC Barcelona,"End of loanJun 30, 2014",out,0,Primera Division,2014,2014/2015
Celta de Vigo,Welliton,27,Centre-Forward,Spartak Moscow,"End of loanJun 30, 2014",out,0,Primera Division,2014,2014/2015
Celta de Vigo,Gustavo Cabral,28,Centre-Back,Arsenal FC,"End of loanJun 30, 2014",out,0,Primera Division,2014,2014/2015
Celta de Vigo,Iñigo López,31,Centre-Back,PAOK Salonika,"End of loanJun 30, 2014",out,0,Primera Division,2014,2014/2015
Celta de Vigo,Jon Aurtenetxe,22,Left-Back,Athletic,"End of loanJun 30, 2014",out,0,Primera Division,2014,2014/2015
Deportivo de La Coruña,Saúl García,20,Left-Back,Racing,£180k,in,0.18,Primera Division,2014,2014/2015
Deportivo de La Coruña,José Rodríguez,19,Central Midfield,RM Castilla,Loan,in,0,Primera Division,2014,2014/2015
Deportivo de La Coruña,Haris Medunjanin,29,Central Midfield,Gaziantepspor,Free Transfer,in,0,Primera Division,2014,2014/2015
Deportivo de La Coruña,Sidnei,25,Centre-Back,Benfica,Loan,in,0,Primera Division,2014,2014/2015
Deportivo de La Coruña,Ivan Cavaleiro,20,Right Winger,Benfica,Loan,in,0,Primera Division,2014,2014/2015
Deportivo de La Coruña,Juanfran,25,Right-Back,Watford,Loan,in,0,Primera Division,2014,2014/2015
Deportivo de La Coruña,Hélder Costa,21,Right Winger,Benfica B,Loan,in,0,Primera Division,2014,2014/2015
Deportivo de La Coruña,Isaac Cuenca,23,Right Midfield,FC Barcelona,Free Transfer,in,0,Primera Division,2014,2014/2015
Deportivo de La Coruña,Hélder Postiga,32,Centre-Forward,Valencia,Free Transfer,in,0,Primera Division,2014,2014/2015
Deportivo de La Coruña,Modibo Diakité,27,Centre-Back,Sunderland,Free Transfer,in,0,Primera Division,2014,2014/2015
Deportivo de La Coruña,Celso Borges,26,Central Midfield,AIK,Loan,in,0,Primera Division,2014,2014/2015
Deportivo de La Coruña,Roberto Canella,26,Left-Back,Sporting Gijón,Loan,in,0,Primera Division,2014,2014/2015
Deportivo de La Coruña,Oriol Riera,28,Centre-Forward,Wigan,Loan,in,0,Primera Division,2014,2014/2015
Deportivo de La Coruña,Borja López,20,Centre-Back,Monaco,Loan,in,0,Primera Division,2014,2014/2015
Deportivo de La Coruña,Lucas Pérez,25,Centre-Forward,PAOK Salonika,Loan,in,0,Primera Division,2014,2014/2015
Deportivo de La Coruña,Luis Fariña,23,Attacking Midfield,Benfica,Loan,in,0,Primera Division,2014,2014/2015
Deportivo de La Coruña,Rudy,25,Central Midfield,Belenenses SAD,"End of loanJun 30, 2014",in,0,Primera Division,2014,2014/2015
Deportivo de La Coruña,Juan Carlos,23,Attacking Midfield,CD Tenerife,Free Transfer,out,0,Primera Division,2014,2014/2015
Deportivo de La Coruña,Rudy,25,Central Midfield,Skoda Xanthi,Free Transfer,out,0,Primera Division,2014,2014/2015
Deportivo de La Coruña,Antonio Núñez,35,Right Winger,Recr. Huelva,Free Transfer,out,0,Primera Division,2014,2014/2015
Deportivo de La Coruña,Saúl García,20,Left-Back,Racing,Loan,out,0,Primera Division,2014,2014/2015
Deportivo de La Coruña,Modibo Diakité,27,Centre-Back,Cagliari Calcio,Free Transfer,out,0,Primera Division,2014,2014/2015
Deportivo de La Coruña,Diego Seoane,26,Right-Back,CD Lugo,Loan,out,0,Primera Division,2014,2014/2015
Deportivo de La Coruña,Luis Fernández,20,Centre-Forward,CD Lugo,Loan,out,0,Primera Division,2014,2014/2015
Deportivo de La Coruña,Carlos Marchena,34,Centre-Back,Without Club,-,out,0,Primera Division,2014,2014/2015
Deportivo de La Coruña,Borja Bastón,22,Centre-Forward,Atlético Madrid,"End of loanAug 27, 2014",out,0,Primera Division,2014,2014/2015
Deportivo de La Coruña,Javier Arizmendi,30,Centre-Forward,Retired,-,out,0,Primera Division,2014,2014/2015
Deportivo de La Coruña,Bryan Rabello,20,Attacking Midfield,Sevilla FC,"End of loanJun 30, 2014",out,0,Primera Division,2014,2014/2015
Deportivo de La Coruña,Diego Ifrán,27,Centre-Forward,Real Sociedad,"End of loanJun 30, 2014",out,0,Primera Division,2014,2014/2015
Deportivo de La Coruña,Ibrahim Sissoko,22,Right Winger,VfL Wolfsburg,"End of loanJun 30, 2014",out,0,Primera Division,2014,2014/2015
SD Eibar,Dani Nieto,23,Left Winger,FC Barcelona B,£135k,in,0.135,Primera Division,2014,2014/2015
SD Eibar,Derek Boateng,31,Defensive Midfield,Rayo Vallecano,Free Transfer,in,0,Primera Division,2014,2014/2015
SD Eibar,Borja Fernández,33,Defensive Midfield,Atl. Kolkata,Free Transfer,in,0,Primera Division,2014,2014/2015
SD Eibar,Dani García,24,Central Midfield,Real Sociedad B,Free Transfer,in,0,Primera Division,2014,2014/2015
SD Eibar,Jaime Jiménez,33,Goalkeeper,Real Valladolid,Free Transfer,in,0,Primera Division,2014,2014/2015
SD Eibar,Ander Franco,25,Centre-Forward,Haro Deportivo,Free Transfer,in,0,Primera Division,2014,2014/2015
SD Eibar,Dejan Lekic,29,Centre-Forward,Genclerbirligi,Free Transfer,in,0,Primera Division,2014,2014/2015
SD Eibar,Ángel Rodríguez,27,Centre-Forward,Levante,Free Transfer,in,0,Primera Division,2014,2014/2015
SD Eibar,Borja Ekiza,26,Centre-Back,Athletic,Free Transfer,in,0,Primera Division,2014,2014/2015
SD Eibar,Saúl Berjón,28,Left Winger,Real Murcia,Free Transfer,in,0,Primera Division,2014,2014/2015
SD Eibar,Raúl Navas,26,Centre-Back,Real Sociedad,Loan,in,0,Primera Division,2014,2014/2015
SD Eibar,Josu Ozkoidi,24,Left Winger,Real Sociedad B,Free Transfer,in,0,Primera Division,2014,2014/2015
SD Eibar,Javi Lara,28,Attacking Midfield,Ponferradina,£11k,in,0.011,Primera Division,2014,2014/2015
SD Eibar,Dídac Vilà,25,Left-Back,AC Milan,Loan,in,0,Primera Division,2014,2014/2015
SD Eibar,Aitor Ortega,21,Attacking Midfield,Arenas Club,?,in,NA,Primera Division,2014,2014/2015
SD Eibar,Manu del Moral,30,Centre-Forward,Sevilla FC,Loan,in,0,Primera Division,2014,2014/2015
SD Eibar,Abraham Minero,28,Left-Back,Real Zaragoza,Loan,in,0,Primera Division,2014,2014/2015
SD Eibar,Federico Piovaccari,29,Centre-Forward,Sampdoria,Loan,in,0,Primera Division,2014,2014/2015
SD Eibar,Rafa Páez,20,Centre-Back,Liverpool,Loan,in,0,Primera Division,2014,2014/2015
SD Eibar,Julen Iriarte,22,Centre-Forward,UD Logroñés,"End of loanJun 30, 2014",in,0,Primera Division,2014,2014/2015
SD Eibar,Raúl Albentosa,26,Centre-Back,Derby,£540k,out,0.54,Primera Division,2014,2014/2015
SD Eibar,Matías Ibáñez,27,Goalkeeper,Lanús,Free Transfer,out,0,Primera Division,2014,2014/2015
SD Eibar,Urko Vera,27,Centre-Forward,CD Mirandés,Free Transfer,out,0,Primera Division,2014,2014/2015
SD Eibar,Josu Ozkoidi,24,Left Winger,Real Unión,Loan,out,0,Primera Division,2014,2014/2015
SD Eibar,Diego Rivas,34,Central Midfield,UE Llagostera,Free Transfer,out,0,Primera Division,2014,2014/2015
SD Eibar,Raúl Navas,26,Centre-Back,Real Sociedad,Free Transfer,out,0,Primera Division,2014,2014/2015
SD Eibar,Diego Jiménez,35,Central Midfield,Olímpic Xàtiva,Free Transfer,out,0,Primera Division,2014,2014/2015
SD Eibar,David Mainz,29,Centre-Forward,AE Larisa,Free Transfer,out,0,Primera Division,2014,2014/2015
SD Eibar,Gorka Kijera,28,Left-Back,CD Mirandés,Free Transfer,out,0,Primera Division,2014,2014/2015
SD Eibar,Julen Iriarte,22,Centre-Forward,RCD Mallorca B,Loan,out,0,Primera Division,2014,2014/2015
SD Eibar,Aitor Ortega,22,Attacking Midfield,SD Amorebieta,Loan,out,0,Primera Division,2014,2014/2015
SD Eibar,Ander Franco,25,Centre-Forward,CD Lagun Onak,Loan,out,0,Primera Division,2014,2014/2015
SD Eibar,Aitor Arregi,24,Centre-Back,Cádiz CF,Loan,out,0,Primera Division,2014,2014/2015
SD Eibar,Alain Eizmendi,24,Right Winger,Real Sociedad B,"End of loanJun 30, 2014",out,0,Primera Division,2014,2014/2015
SD Eibar,Esquerdinha,30,Left Winger,Hércules CF,"End of loanJun 30, 2014",out,0,Primera Division,2014,2014/2015
SD Eibar,Yuri Berchiche,24,Left-Back,Real Sociedad,"End of loanJun 30, 2014",out,0,Primera Division,2014,2014/2015
SD Eibar,Jota,23,Right Winger,Celta de Vigo,"End of loanJun 30, 2014",out,0,Primera Division,2014,2014/2015
SD Eibar,José Luis Morales,26,Centre-Forward,Levante,"End of loanJun 30, 2014",out,0,Primera Division,2014,2014/2015
SD Eibar,Dani García,24,Central Midfield,Real Sociedad B,"End of loanJun 30, 2014",out,0,Primera Division,2014,2014/2015
Elche CF,Enzo Roco,21,Centre-Back,CDUC,Loan fee:£675k,in,0.675,Primera Division,2014,2014/2015
Elche CF,Jonathas,25,Centre-Forward,Pescara,Loan fee:£450k,in,0.45,Primera Division,2014,2014/2015
Elche CF,Przemyslaw Tyton,27,Goalkeeper,PSV Eindhoven,Loan fee:£86k,in,0.086,Primera Division,2014,2014/2015
Elche CF,Pedro Mosquera,26,Central Midfield,Getafe,Free Transfer,in,0,Primera Division,2014,2014/2015
Elche CF,Adrián González,26,Central Midfield,Rayo Vallecano,Free Transfer,in,0,Primera Division,2014,2014/2015
Elche CF,Víctor Rodríguez,25,Left Winger,Real Zaragoza,Free Transfer,in,0,Primera Division,2014,2014/2015
Elche CF,Fayçal Fajr,25,Attacking Midfield,SM Caen,Free Transfer,in,0,Primera Division,2014,2014/2015
Elche CF,Mario Pasalic,19,Central Midfield,Chelsea,Loan,in,0,Primera Division,2014,2014/2015
Elche CF,Charlie I'Anson,21,Centre-Back,Alcorcón,"End of loanJan 26, 2015",in,0,Primera Division,2014,2014/2015
Elche CF,Álvaro Giménez,23,Centre-Forward,Elche Ilicitano,-,in,0,Primera Division,2014,2014/2015
Elche CF,Gaby Mudingayi,33,Defensive Midfield,Without Club,-,in,0,Primera Division,2014,2014/2015
Elche CF,Charlie I'Anson,21,Centre-Back,Elche Ilicitano,-,in,0,Primera Division,2014,2014/2015
Elche CF,José Ángel,25,Centre-Back,Elche Ilicitano,-,in,0,Primera Division,2014,2014/2015
Elche CF,Diego Rivas,27,Goalkeeper,CD Tenerife,"End of loanJun 30, 2014",in,0,Primera Division,2014,2014/2015
Elche CF,Pelayo,23,Central Midfield,Córdoba CF,"End of loanJun 30, 2014",in,0,Primera Division,2014,2014/2015
Elche CF,Carlos Sánchez,28,Defensive Midfield,Aston Villa,£5.40m,out,5.4,Primera Division,2014,2014/2015
Elche CF,Sergio Mantecón,34,Central Midfield,Cádiz CF,Free Transfer,out,0,Primera Division,2014,2014/2015
Elche CF,Charlie I'Anson,21,Centre-Back,Alcorcón,Loan,out,0,Primera Division,2014,2014/2015
Elche CF,Diego Rivas,27,Goalkeeper,Albacete,Free Transfer,out,0,Primera Division,2014,2014/2015
Elche CF,Pelayo,23,Central Midfield,CD Lugo,Loan,out,0,Primera Division,2014,2014/2015
Elche CF,Toño,34,Goalkeeper,Rayo Vallecano,Free Transfer,out,0,Primera Division,2014,2014/2015
Elche CF,Javi Flores,28,Attacking Midfield,Real Murcia,Free Transfer,out,0,Primera Division,2014,2014/2015
Elche CF,Charlie I'Anson,21,Centre-Back,Real Oviedo,Loan,out,0,Primera Division,2014,2014/2015
Elche CF,Fidel,24,Left Winger,Córdoba CF,Loan,out,0,Primera Division,2014,2014/2015
Elche CF,Cristian Sapunaru,30,Centre-Back,Without Club,-,out,0,Primera Division,2014,2014/2015
Elche CF,Gaby Mudingayi,33,Defensive Midfield,Without Club,-,out,0,Primera Division,2014,2014/2015
Elche CF,Alberto Rivera,36,Central Midfield,Retired,-,out,0,Primera Division,2014,2014/2015
Elche CF,Manu del Moral,30,Centre-Forward,Sevilla FC,"End of loanJun 30, 2014",out,0,Primera Division,2014,2014/2015
Elche CF,Alberto Botía,25,Centre-Back,Sevilla FC,"End of loanJun 30, 2014",out,0,Primera Division,2014,2014/2015
Elche CF,Rubén Pérez,25,Defensive Midfield,Atlético Madrid,"End of loanJun 30, 2014",out,0,Primera Division,2014,2014/2015
Elche CF,Richmond Boakye,21,Centre-Forward,Juventus,"End of loanJun 30, 2014",out,0,Primera Division,2014,2014/2015
Elche CF,Carles Gil,21,Attacking Midfield,Valencia B,"End of loanJun 30, 2014",out,0,Primera Division,2014,2014/2015
Elche CF,Javi Márquez,28,Central Midfield,RCD Mallorca,"End of loanJun 30, 2014",out,0,Primera Division,2014,2014/2015
RCD Espanyol Barcelona,Álvaro González,24,Centre-Back,Real Zaragoza,£990k,in,0.99,Primera Division,2014,2014/2015
RCD Espanyol Barcelona,Paco Montañés,27,Left Winger,Real Zaragoza,£990k,in,0.99,Primera Division,2014,2014/2015
RCD Espanyol Barcelona,Felipe Caicedo,25,Centre-Forward,Al-Jazira,Free Transfer,in,0,Primera Division,2014,2014/2015
RCD Espanyol Barcelona,José Alberto Cañas,27,Defensive Midfield,Swansea,Free Transfer,in,0,Primera Division,2014,2014/2015
RCD Espanyol Barcelona,Salva Sevilla,30,Central Midfield,Real Betis,Free Transfer,in,0,Primera Division,2014,2014/2015
RCD Espanyol Barcelona,Anaitz Arbilla,27,Centre-Back,Rayo Vallecano,?,in,NA,Primera Division,2014,2014/2015
RCD Espanyol Barcelona,Lucas Vázquez,23,Right Winger,RM Castilla,Loan,in,0,Primera Division,2014,2014/2015
RCD Espanyol Barcelona,Eric Bailly,20,Centre-Back,RCD Espanyol B,-,in,0,Primera Division,2014,2014/2015
RCD Espanyol Barcelona,Pau López,19,Goalkeeper,RCD Espanyol B,-,in,0,Primera Division,2014,2014/2015
RCD Espanyol Barcelona,Mamadou Sylla,21,Centre-Forward,RCD Espanyol B,-,in,0,Primera Division,2014,2014/2015
RCD Espanyol Barcelona,Carlos Clerc,22,Left-Back,CE Sabadell,"End of loanJun 30, 2014",in,0,Primera Division,2014,2014/2015
RCD Espanyol Barcelona,Cristian Gómez,24,Attacking Midfield,RM Castilla,"End of loanJun 30, 2014",in,0,Primera Division,2014,2014/2015
RCD Espanyol Barcelona,Sergio Tejera,24,Central Midfield,Alavés,"End of loanJun 30, 2014",in,0,Primera Division,2014,2014/2015
RCD Espanyol Barcelona,Christian Alfonso,25,Attacking Midfield,Alcorcón,"End of loanJun 30, 2014",in,0,Primera Division,2014,2014/2015
RCD Espanyol Barcelona,Thievy Bifouma,22,Left Winger,West Brom,"End of loanJun 30, 2014",in,0,Primera Division,2014,2014/2015
RCD Espanyol Barcelona,Eric Bailly,20,Centre-Back,Villarreal,£5.13m,out,5.13,Primera Division,2014,2014/2015
RCD Espanyol Barcelona,David López,24,Centre-Back,SSC Napoli,£4.77m,out,4.77,Primera Division,2014,2014/2015
RCD Espanyol Barcelona,Joan Capdevila,36,Left-Back,NorthEast Utd.,Free Transfer,out,0,Primera Division,2014,2014/2015
RCD Espanyol Barcelona,Christian Alfonso,25,Attacking Midfield,Girona,Loan,out,0,Primera Division,2014,2014/2015
RCD Espanyol Barcelona,Thievy Bifouma,22,Left Winger,UD Almería,Loan,out,0,Primera Division,2014,2014/2015
RCD Espanyol Barcelona,Raúl Rodríguez,27,Centre-Back,Houston,Free Transfer,out,0,Primera Division,2014,2014/2015
RCD Espanyol Barcelona,Carlos Clerc,22,Left-Back,CE Sabadell,Loan,out,0,Primera Division,2014,2014/2015
RCD Espanyol Barcelona,Cristian Gómez,25,Attacking Midfield,Girona,Loan,out,0,Primera Division,2014,2014/2015
RCD Espanyol Barcelona,Germán Parreño,21,Goalkeeper,Racing,Loan,out,0,Primera Division,2014,2014/2015
RCD Espanyol Barcelona,Sergio Tejera,24,Central Midfield,Alavés,Loan,out,0,Primera Division,2014,2014/2015
RCD Espanyol Barcelona,Manuel Lanzarote,31,Right Winger,Alavés,Loan,out,0,Primera Division,2014,2014/2015
RCD Espanyol Barcelona,Álex Fernández,22,Central Midfield,HNK Rijeka,Loan,out,0,Primera Division,2014,2014/2015
RCD Espanyol Barcelona,Simão,34,Left Winger,Career break,-,out,0,Primera Division,2014,2014/2015
RCD Espanyol Barcelona,Sidnei,24,Centre-Back,Benfica,"End of loanJun 30, 2014",out,0,Primera Division,2014,2014/2015
RCD Espanyol Barcelona,Pizzi,24,Right Midfield,Benfica,"End of loanJun 30, 2014",out,0,Primera Division,2014,2014/2015
RCD Espanyol Barcelona,Jhon Córdoba,21,Centre-Forward,Chiapas FC,"End of loanJun 30, 2014",out,0,Primera Division,2014,2014/2015
RCD Espanyol Barcelona,Gabriel Torje,24,Right Winger,Udinese Calcio,"End of loanJun 30, 2014",out,0,Primera Division,2014,2014/2015
Getafe CF,Naldo,26,Centre-Back,Udinese Calcio,Loan,in,0,Primera Division,2014,2014/2015
Getafe CF,Jonathan López,33,Goalkeeper,PAE Veria,Free Transfer,in,0,Primera Division,2014,2014/2015
Getafe CF,Karim Yoda,25,Left Winger,Astra Giurgiu,Free Transfer,in,0,Primera Division,2014,2014/2015
Getafe CF,Vicente Guaita,27,Goalkeeper,Valencia,Free Transfer,in,0,Primera Division,2014,2014/2015
Getafe CF,Fredy Hinestroza,24,Left Winger,CD La Equidad,Loan,in,0,Primera Division,2014,2014/2015
Getafe CF,Míchel,25,Attacking Midfield,Valencia,Loan,in,0,Primera Division,2014,2014/2015
Getafe CF,Emiliano Velázquez,20,Centre-Back,Atlético Madrid,Loan,in,0,Primera Division,2014,2014/2015
Getafe CF,Baba Diawara,26,Centre-Forward,Sevilla FC,Loan,in,0,Primera Division,2014,2014/2015
Getafe CF,Álvaro Vázquez,23,Centre-Forward,Swansea,"End of loanJun 30, 2014",in,0,Primera Division,2014,2014/2015
Getafe CF,Álex Pérez,22,Centre-Back,Recr. Huelva,"End of loanJun 30, 2014",in,0,Primera Division,2014,2014/2015
Getafe CF,Sammir,27,Attacking Midfield,JS Guoxin Sainty,£4.50m,out,4.5,Primera Division,2014,2014/2015
Getafe CF,Miguel Ángel Moyà,30,Goalkeeper,Atlético Madrid,£2.70m,out,2.7,Primera Division,2014,2014/2015
Getafe CF,Míchel,28,Central Midfield,Maccabi Haifa,Free Transfer,out,0,Primera Division,2014,2014/2015
Getafe CF,Jaime Gavilán,29,Left Winger,Levante,Free Transfer,out,0,Primera Division,2014,2014/2015
Getafe CF,Borja Fernández,33,Defensive Midfield,Atl. Kolkata,Free Transfer,out,0,Primera Division,2014,2014/2015
Getafe CF,Rafa López,29,Centre-Back,SC Paderborn,Free Transfer,out,0,Primera Division,2014,2014/2015
Getafe CF,Ciprian Marica,28,Centre-Forward,Konyaspor,Free Transfer,out,0,Primera Division,2014,2014/2015
Getafe CF,Pedro Mosquera,26,Central Midfield,Elche CF,Free Transfer,out,0,Primera Division,2014,2014/2015
Getafe CF,Denis Kramar,23,Centre-Back,Perth Glory,?,out,NA,Primera Division,2014,2014/2015
Getafe CF,Adrián Colunga,29,Centre-Forward,Brighton,?,out,NA,Primera Division,2014,2014/2015
Getafe CF,Júlio César,27,Goalkeeper,Without Club,-,out,0,Primera Division,2014,2014/2015
Getafe CF,Míchel,26,Attacking Midfield,Valencia,"End of loanDec 31, 2014",out,0,Primera Division,2014,2014/2015
Getafe CF,Lisandro López,24,Centre-Back,Benfica,"End of loanJun 30, 2014",out,0,Primera Division,2014,2014/2015
Granada CF,Emanuel Insúa,23,Left-Back,Boca Juniors,£2.25m,in,2.25,Primera Division,2014,2014/2015
Granada CF,Dimitri Foulquier,21,Right-Back,Stade Rennais,£2.25m,in,2.25,Primera Division,2014,2014/2015
Granada CF,Jhon Córdoba,21,Centre-Forward,Chiapas FC,£1.64m,in,1.64,Primera Division,2014,2014/2015
Granada CF,Dany Nounkeu,28,Centre-Back,Galatasaray,Loan fee:£351k,in,0.351,Primera Division,2014,2014/2015
Granada CF,Francisco Sierralta,17,Centre-Back,CDUC,£338k,in,0.338,Primera Division,2014,2014/2015
Granada CF,Lass Bangoura,22,Right Winger,Rayo Vallecano,Loan fee:£315k,in,0.315,Primera Division,2014,2014/2015
Granada CF,Eddy Silvestre,22,Central Midfield,Real Murcia,Loan fee:£90k,in,0.09,Primera Division,2014,2014/2015
Granada CF,Javi Márquez,28,Central Midfield,RCD Mallorca,Free Transfer,in,0,Primera Division,2014,2014/2015
Granada CF,Oier Olazábal,24,Goalkeeper,FC Barcelona,Free Transfer,in,0,Primera Division,2014,2014/2015
Granada CF,Josan,24,Left Winger,La Hoya Lorca,Free Transfer,in,0,Primera Division,2014,2014/2015
Granada CF,Daniel Larsson,27,Left Winger,Real Valladolid,Free Transfer,in,0,Primera Division,2014,2014/2015
Granada CF,Juan Cala,25,Centre-Back,Cardiff,Free Transfer,in,0,Primera Division,2014,2014/2015
Granada CF,Molla Wagué,23,Centre-Back,SM Caen,Free Transfer,in,0,Primera Division,2014,2014/2015
Granada CF,Jean-Sylvain Babin,27,Centre-Back,Alcorcón,Free Transfer,in,0,Primera Division,2014,2014/2015
Granada CF,Adrián Colunga,30,Centre-Forward,Brighton,Loan,in,0,Primera Division,2014,2014/2015
Granada CF,Juankar,24,Left-Back,Braga,Loan,in,0,Primera Division,2014,2014/2015
Granada CF,Miguel Layún,26,Right-Back,América,?,in,NA,Primera Division,2014,2014/2015
Granada CF,Abdoul Sissoko,24,Defensive Midfield,Udinese Calcio,Loan,in,0,Primera Division,2014,2014/2015
Granada CF,Rubén Rochina,23,Attacking Midfield,Blackburn,?,in,NA,Primera Division,2014,2014/2015
Granada CF,Daniel Candeias,26,Right Winger,Benfica,Loan,in,0,Primera Division,2014,2014/2015
Granada CF,Luís Martins,22,Left-Back,Gil Vicente,?,in,NA,Primera Division,2014,2014/2015
Granada CF,Juan Carlos Paredes,27,Right-Back,Barcelona SC,?,in,NA,Primera Division,2014,2014/2015
Granada CF,Robert Ibáñez,21,Right Winger,Valencia,Loan,in,0,Primera Division,2014,2014/2015
Granada CF,Isaac Success,18,Left Winger,Udinese U19,?,in,NA,Primera Division,2014,2014/2015
Granada CF,Rubén Pérez,25,Defensive Midfield,Atlético Madrid,Loan,in,0,Primera Division,2014,2014/2015
Granada CF,Diego Buonanotte,26,Attacking Midfield,CF Pachuca,"End of loanJan 22, 2015",in,0,Primera Division,2014,2014/2015
Granada CF,Borja Gómez,26,Centre-Back,Hércules CF,"End of loanJun 30, 2014",in,0,Primera Division,2014,2014/2015
Granada CF,Allan,23,Central Midfield,Udinese Calcio,"End of loanJun 30, 2014",in,0,Primera Division,2014,2014/2015
Granada CF,Hassan Yebda,30,Central Midfield,Udinese Calcio,"End of loanJun 30, 2014",in,0,Primera Division,2014,2014/2015
Granada CF,Kabiru Akinsola,23,Centre-Forward,CE L’Hospitalet,"End of loanJun 30, 2014",in,0,Primera Division,2014,2014/2015
Granada CF,Gai Assulin,23,Left Winger,Hércules CF,"End of loanJun 30, 2014",in,0,Primera Division,2014,2014/2015
Granada CF,Héctor Yuste,26,Centre-Back,Hércules CF,"End of loanJun 30, 2014",in,0,Primera Division,2014,2014/2015
Granada CF,Guilherme Siqueira,28,Left-Back,Benfica,"End of loanJun 30, 2014",in,0,Primera Division,2014,2014/2015
Granada CF,Jon Ander Garrido,24,Defensive Midfield,Cádiz CF,"End of loanJun 30, 2014",in,0,Primera Division,2014,2014/2015
Granada CF,Pape Diakhaté,30,Centre-Back,K. Erciyesspor,"End of loanJun 30, 2014",in,0,Primera Division,2014,2014/2015
Granada CF,Jona,25,Centre-Forward,Real Jaén CF,"End of loanJun 30, 2014",in,0,Primera Division,2014,2014/2015
Granada CF,Juanma Ortiz,32,Right-Back,Hércules CF,"End of loanJun 30, 2014",in,0,Primera Division,2014,2014/2015
Granada CF,Toti,26,Attacking Midfield,Alavés,"End of loanJun 30, 2014",in,0,Primera Division,2014,2014/2015
Granada CF,Alfredo Ortuño,23,Centre-Forward,Girona,"End of loanJun 30, 2014",in,0,Primera Division,2014,2014/2015
Granada CF,Alexis Zapata,19,Attacking Midfield,Sassuolo U19,"End of loanJun 30, 2014",in,0,Primera Division,2014,2014/2015
Granada CF,Ritchie Kitoko,26,Central Midfield,Real Jaén CF,"End of loanJun 30, 2014",in,0,Primera Division,2014,2014/2015
Granada CF,Essaïd Belkalem,25,Centre-Back,Watford,"End of loanJun 30, 2014",in,0,Primera Division,2014,2014/2015
Granada CF,David Ferreiro,26,Right Winger,Hércules CF,"End of loanJun 30, 2014",in,0,Primera Division,2014,2014/2015
Granada CF,Guilherme Siqueira,28,Left-Back,Atlético Madrid,£9.00m,out,9,Primera Division,2014,2014/2015
Granada CF,Yacine Brahimi,24,Left Winger,FC Porto,£5.85m,out,5.85,Primera Division,2014,2014/2015
Granada CF,Allan,23,Central Midfield,Udinese Calcio,£2.70m,out,2.7,Primera Division,2014,2014/2015
Granada CF,Brayan Angulo,24,Left-Back,Ludogorets,£1.35m,out,1.35,Primera Division,2014,2014/2015
Granada CF,Essaïd Belkalem,25,Centre-Back,Watford,Free Transfer,out,0,Primera Division,2014,2014/2015
Granada CF,Hassan Yebda,30,Central Midfield,Dibba Fujairah,Free Transfer,out,0,Primera Division,2014,2014/2015
Granada CF,Juanma Ortiz,32,Right-Back,AEK Larnaca,Free Transfer,out,0,Primera Division,2014,2014/2015
Granada CF,Héctor Yuste,27,Centre-Back,RCD Mallorca,Loan,out,0,Primera Division,2014,2014/2015
Granada CF,Jon Ander Garrido,24,Defensive Midfield,Cádiz CF,Free Transfer,out,0,Primera Division,2014,2014/2015
Granada CF,Daniel Larsson,28,Left Winger,Esbjerg fB,Loan,out,0,Primera Division,2014,2014/2015
Granada CF,David Ferreiro,26,Right Winger,CD Lugo,?,out,NA,Primera Division,2014,2014/2015
Granada CF,Miguel Layún,26,Right-Back,Watford,?,out,NA,Primera Division,2014,2014/2015
Granada CF,Josan,24,Left Winger,SD Huesca,Loan,out,0,Primera Division,2014,2014/2015
Granada CF,Dani Benítez,26,Left Winger,Ban,?,out,NA,Primera Division,2014,2014/2015
Granada CF,Borja Gómez,26,Centre-Back,CD Lugo,Loan,out,0,Primera Division,2014,2014/2015
Granada CF,Toti,26,Attacking Midfield,Alavés,?,out,NA,Primera Division,2014,2014/2015
Granada CF,Juan Carlos Paredes,27,Right-Back,Watford,?,out,NA,Primera Division,2014,2014/2015
Granada CF,Diego Buonanotte,26,Attacking Midfield,Quilmes,Loan,out,0,Primera Division,2014,2014/2015
Granada CF,Molla Wagué,23,Centre-Back,Udinese Calcio,Loan,out,0,Primera Division,2014,2014/2015
Granada CF,Francisco Sierralta,17,Centre-Back,CDUC,Loan,out,0,Primera Division,2014,2014/2015
Granada CF,Gai Assulin,23,Left Winger,RCD Mallorca,?,out,NA,Primera Division,2014,2014/2015
Granada CF,Ritchie Kitoko,26,Central Midfield,Asteras Tripoli,Loan,out,0,Primera Division,2014,2014/2015
Granada CF,Diego Buonanotte,26,Attacking Midfield,CF Pachuca,Loan,out,0,Primera Division,2014,2014/2015
Granada CF,Alexis Zapata,19,Attacking Midfield,Udinese Calcio,?,out,NA,Primera Division,2014,2014/2015
Granada CF,Kabiru Akinsola,23,Centre-Forward,CSMS Iasi,?,out,NA,Primera Division,2014,2014/2015
Granada CF,Jona,25,Centre-Forward,Cádiz CF,Loan,out,0,Primera Division,2014,2014/2015
Granada CF,Alfredo Ortuño,23,Centre-Forward,UD Las Palmas,Loan,out,0,Primera Division,2014,2014/2015
Granada CF,Pape Diakhaté,30,Centre-Back,Without Club,-,out,0,Primera Division,2014,2014/2015
Granada CF,Dany Nounkeu,28,Centre-Back,Galatasaray,"End of loanJan 21, 2015",out,0,Primera Division,2014,2014/2015
Granada CF,Orestis Karnezis,28,Goalkeeper,Udinese Calcio,"End of loanJun 30, 2014",out,0,Primera Division,2014,2014/2015
Granada CF,Recio,23,Central Midfield,Málaga CF,"End of loanJun 30, 2014",out,0,Primera Division,2014,2014/2015
Granada CF,Alexandre Coeff,22,Defensive Midfield,Udinese Calcio,"End of loanJun 30, 2014",out,0,Primera Division,2014,2014/2015
Granada CF,Dimitri Foulquier,21,Right-Back,Stade Rennais,"End of loanJun 30, 2014",out,0,Primera Division,2014,2014/2015
Granada CF,Tiago Ilori,21,Centre-Back,Liverpool,"End of loanJun 30, 2014",out,0,Primera Division,2014,2014/2015
Granada CF,Odion Ighalo,25,Centre-Forward,Udinese Calcio,"End of loanJun 30, 2014",out,0,Primera Division,2014,2014/2015
Granada CF,Michaël Pereira,26,Right Midfield,RCD Mallorca,"End of loanJun 30, 2014",out,0,Primera Division,2014,2014/2015
Levante UD,Jesús Fernández,26,Goalkeeper,Real Madrid,£450k,in,0.45,Primera Division,2014,2014/2015
Levante UD,Toño,24,Left-Back,Recr. Huelva,£270k,in,0.27,Primera Division,2014,2014/2015
Levante UD,Rafael Martins,25,Centre-Forward,GO Audax,Free Transfer,in,0,Primera Division,2014,2014/2015
Levante UD,Iván Ramis,30,Centre-Back,Wigan,Free Transfer,in,0,Primera Division,2014,2014/2015
Levante UD,Diego Mariño,24,Goalkeeper,Real Valladolid,Loan,in,0,Primera Division,2014,2014/2015
Levante UD,Kalu Uche,32,Centre-Forward,Al Rayyan,Free Transfer,in,0,Primera Division,2014,2014/2015
Levante UD,José Mari,27,Defensive Midfield,Colorado,Free Transfer,in,0,Primera Division,2014,2014/2015
Levante UD,Jaime Gavilán,29,Left Winger,Getafe,Free Transfer,in,0,Primera Division,2014,2014/2015
Levante UD,Víctor Pérez,26,Central Midfield,Real Valladolid,Loan,in,0,Primera Division,2014,2014/2015
Levante UD,Víctor Camarasa,20,Central Midfield,Atl. Levante,-,in,0,Primera Division,2014,2014/2015
Levante UD,Iván López,20,Right-Back,Girona,"End of loanJun 30, 2014",in,0,Primera Division,2014,2014/2015
Levante UD,Aloys Nong,30,Centre-Forward,Recr. Huelva,"End of loanJun 30, 2014",in,0,Primera Division,2014,2014/2015
Levante UD,Roger Martí,23,Centre-Forward,Real Zaragoza,"End of loanJun 30, 2014",in,0,Primera Division,2014,2014/2015
Levante UD,José Luis Morales,26,Centre-Forward,SD Eibar,"End of loanJun 30, 2014",in,0,Primera Division,2014,2014/2015
Levante UD,Keylor Navas,27,Goalkeeper,Real Madrid,£9.00m,out,9,Primera Division,2014,2014/2015
Levante UD,Aloys Nong,31,Centre-Forward,Foolad,£347k,out,0.347,Primera Division,2014,2014/2015
Levante UD,Ángel Rodríguez,27,Centre-Forward,SD Eibar,Free Transfer,out,0,Primera Division,2014,2014/2015
Levante UD,Miguel Pallardó,28,Central Midfield,Heart of Midl.,Free Transfer,out,0,Primera Division,2014,2014/2015
Levante UD,Issam El Adoua,28,Defensive Midfield,CQ Lifan,Free Transfer,out,0,Primera Division,2014,2014/2015
Levante UD,Roger Martí,23,Centre-Forward,Real Valladolid,Loan,out,0,Primera Division,2014,2014/2015
Levante UD,Jaime Gavilán,29,Left Winger,Platanias,Free Transfer,out,0,Primera Division,2014,2014/2015
Levante UD,Pedro Ríos,32,Right Winger,Recr. Huelva,Free Transfer,out,0,Primera Division,2014,2014/2015
Levante UD,Nagore,33,Right-Back,Alcorcón,Free Transfer,out,0,Primera Division,2014,2014/2015
Levante UD,Javi Jiménez,27,Goalkeeper,Alcorcón,Loan,out,0,Primera Division,2014,2014/2015
Levante UD,Héctor Rodas,26,Centre-Back,Real Betis,Free Transfer,out,0,Primera Division,2014,2014/2015
Levante UD,Sérgio da Silva Pinto,33,Central Midfield,F. Düsseldorf,?,out,NA,Primera Division,2014,2014/2015
Levante UD,Víctor Pérez,27,Central Midfield,Real Valladolid,"End of loanJan 30, 2015",out,0,Primera Division,2014,2014/2015
Levante UD,Baba Diawara,26,Centre-Forward,Sevilla FC,"End of loanJun 30, 2014",out,0,Primera Division,2014,2014/2015
Málaga CF,Nordin Amrabat,27,Left Winger,Galatasaray,Loan fee:£900k,in,0.9,Primera Division,2014,2014/2015
Málaga CF,Ricardo Horta,19,Left Midfield,Vitória Setúbal,£450k,in,0.45,Primera Division,2014,2014/2015
Málaga CF,Miguel Torres,28,Right-Back,Olympiacos,Free Transfer,in,0,Primera Division,2014,2014/2015
Málaga CF,Arthur Boka,31,Left-Back,VfB Stuttgart,Free Transfer,in,0,Primera Division,2014,2014/2015
Málaga CF,Roberto Rosales,25,Right-Back,FC Twente,Free Transfer,in,0,Primera Division,2014,2014/2015
Málaga CF,Guillermo Ochoa,29,Goalkeeper,AC Ajaccio,Free Transfer,in,0,Primera Division,2014,2014/2015
Málaga CF,Egor Filipenko,26,Centre-Back,BATE Borisov,Free Transfer,in,0,Primera Division,2014,2014/2015
Málaga CF,Luis Alberto,21,Attacking Midfield,Liverpool,Loan,in,0,Primera Division,2014,2014/2015
Málaga CF,Javi Guerra,32,Centre-Forward,Cardiff,Loan,in,0,Primera Division,2014,2014/2015
Málaga CF,Samu Castillejo,19,Right Winger,A. Malagueño,-,in,0,Primera Division,2014,2014/2015
Málaga CF,Juanpi Añor,20,Right Winger,A. Malagueño,-,in,0,Primera Division,2014,2014/2015
Málaga CF,Roberto Chen,20,Centre-Back,Zulte Waregem,"End of loanJun 30, 2014",in,0,Primera Division,2014,2014/2015
Málaga CF,Recio,23,Central Midfield,Granada CF,"End of loanJun 30, 2014",in,0,Primera Division,2014,2014/2015
Málaga CF,Bobley Anderson,22,Attacking Midfield,Zulte Waregem,"End of loanJun 30, 2014",in,0,Primera Division,2014,2014/2015
Málaga CF,Willy Caballero,32,Goalkeeper,Man City,£7.20m,out,7.2,Primera Division,2014,2014/2015
Málaga CF,Vitorino Antunes,27,Left-Back,Dynamo Kyiv,£5.40m,out,5.4,Primera Division,2014,2014/2015
Málaga CF,Jesús Gámez,29,Right-Back,Atlético Madrid,£2.25m,out,2.25,Primera Division,2014,2014/2015
Málaga CF,Roque Santa Cruz,33,Centre-Forward,CD Cruz Azul,£1.35m,out,1.35,Primera Division,2014,2014/2015
Málaga CF,Eliseu,30,Left-Back,Benfica,£1.08m,out,1.08,Primera Division,2014,2014/2015
Málaga CF,Pablo Pérez,29,Central Midfield,Boca Juniors,Loan fee:£257k,out,0.257,Primera Division,2014,2014/2015
Málaga CF,Cristian Tissone,26,Defensive Midfield,Anadia,Free Transfer,out,0,Primera Division,2014,2014/2015
Málaga CF,José Manuel Casado,28,Left-Back,UD Almería,Free Transfer,out,0,Primera Division,2014,2014/2015
Málaga CF,Bobley Anderson,22,Attacking Midfield,Alcorcón,Loan,out,0,Primera Division,2014,2014/2015
Málaga CF,Francisco Portillo,24,Attacking Midfield,Real Betis,Loan,out,0,Primera Division,2014,2014/2015
Málaga CF,Mounir El Hamdaoui,29,Centre-Forward,Fiorentina,"End of loanJun 30, 2014",out,0,Primera Division,2014,2014/2015
Málaga CF,Bartlomiej Pawlowski,21,Right Winger,Widzew Lodz,"End of loanJun 30, 2014",out,0,Primera Division,2014,2014/2015
Málaga CF,Oleksandr Yakovenko,26,Left Winger,Fiorentina,"End of loanJun 30, 2014",out,0,Primera Division,2014,2014/2015
Málaga CF,Nordin Amrabat,27,Left Winger,Galatasaray,"End of loanJun 30, 2014",out,0,Primera Division,2014,2014/2015
Córdoba CF,Rene Krhin,24,Defensive Midfield,Inter,Loan fee:£450k,in,0.45,Primera Division,2014,2014/2015
Córdoba CF,José Carlos,26,Attacking Midfield,Rayo Vallecano,Free Transfer,in,0,Primera Division,2014,2014/2015
Córdoba CF,Nabil Ghilas,24,Centre-Forward,FC Porto,Loan,in,0,Primera Division,2014,2014/2015
Córdoba CF,Deivid,25,Centre-Back,UD Las Palmas,Free Transfer,in,0,Primera Division,2014,2014/2015
Córdoba CF,Aritz López Garai,33,Central Midfield,Sporting Gijón,Free Transfer,in,0,Primera Division,2014,2014/2015
Córdoba CF,Iñigo López,32,Centre-Back,PAOK Salonika,Free Transfer,in,0,Primera Division,2014,2014/2015
Córdoba CF,Fede Vico,20,Attacking Midfield,RSC Anderlecht,Loan,in,0,Primera Division,2014,2014/2015
Córdoba CF,Mike Havenaar,27,Centre-Forward,Vitesse,Free Transfer,in,0,Primera Division,2014,2014/2015
Córdoba CF,Patrick Ekeng,24,Central Midfield,Lausanne-Sport,Free Transfer,in,0,Primera Division,2014,2014/2015
Córdoba CF,José Crespo,27,Centre-Back,Bologna,Loan,in,0,Primera Division,2014,2014/2015
Córdoba CF,Bruno Zuculini,21,Defensive Midfield,Man City,Loan,in,0,Primera Division,2014,2014/2015
Córdoba CF,Fidel,24,Left Winger,Elche CF,Loan,in,0,Primera Division,2014,2014/2015
Córdoba CF,Fausto Rossi,23,Central Midfield,Juventus,Loan,in,0,Primera Division,2014,2014/2015
Córdoba CF,Borja García,23,Attacking Midfield,RM Castilla,Loan,in,0,Primera Division,2014,2014/2015
Córdoba CF,Ryder Matos,21,Second Striker,Fiorentina,Loan,in,0,Primera Division,2014,2014/2015
Córdoba CF,Edimar,28,Left-Back,Chievo Verona,Loan,in,0,Primera Division,2014,2014/2015
Córdoba CF,Héldon,26,Left Winger,Sporting CP,Loan,in,0,Primera Division,2014,2014/2015
Córdoba CF,Federico Cartabia,21,Right Winger,Valencia,Loan,in,0,Primera Division,2014,2014/2015
Córdoba CF,Aleksandar Pantic,22,Centre-Back,Villarreal,Loan,in,0,Primera Division,2014,2014/2015
Córdoba CF,Bebé,24,Left Winger,Benfica,Loan,in,0,Primera Division,2014,2014/2015
Córdoba CF,Florin Andone,21,Centre-Forward,Córdoba CF B,-,in,0,Primera Division,2014,2014/2015
Córdoba CF,Javi Cabezas,24,Right Winger,SD Huesca,"End of loanJan 29, 2015",in,0,Primera Division,2014,2014/2015
Córdoba CF,Arturo Rodríguez,25,Centre-Forward,Alcorcón,"End of loanJan 7, 2015",in,0,Primera Division,2014,2014/2015
Córdoba CF,Samu de los Reyes,22,Left-Back,CD Lugo,"End of loanJan 14, 2015",in,0,Primera Division,2014,2014/2015
Córdoba CF,Javi Cabezas,24,Right Winger,Écija Balompié,"End of loanJun 30, 2014",in,0,Primera Division,2014,2014/2015
Córdoba CF,Joselu,23,Right-Back,Real Jaén CF,"End of loanJun 30, 2014",in,0,Primera Division,2014,2014/2015
Córdoba CF,Jaime Astrain,26,Centre-Back,FC Cartagena,"End of loanJun 30, 2014",in,0,Primera Division,2014,2014/2015
Córdoba CF,Aritz López Garai,34,Central Midfield,Rapid Bucharest,Free Transfer,out,0,Primera Division,2014,2014/2015
Córdoba CF,Samu de los Reyes,22,Left-Back,CD Lugo,Loan,out,0,Primera Division,2014,2014/2015
Córdoba CF,Samu de los Reyes,22,Left-Back,UE Llagostera,Loan,out,0,Primera Division,2014,2014/2015
Córdoba CF,Jaime Astrain,26,Centre-Back,Real Jaén CF,Free Transfer,out,0,Primera Division,2014,2014/2015
Córdoba CF,Pedro Sánchez,27,Right Winger,Real Zaragoza,Free Transfer,out,0,Primera Division,2014,2014/2015
Córdoba CF,Mike Havenaar,27,Centre-Forward,HJK Helsinki,Free Transfer,out,0,Primera Division,2014,2014/2015
Córdoba CF,Nwankwo Obiora,23,Defensive Midfield,Coimbra,Free Transfer,out,0,Primera Division,2014,2014/2015
Córdoba CF,Raúl Bravo,33,Centre-Back,PAE Veria,Free Transfer,out,0,Primera Division,2014,2014/2015
Córdoba CF,Xisco,28,Centre-Forward,RCD Mallorca,Loan,out,0,Primera Division,2014,2014/2015
Córdoba CF,Fran Cruz,23,Centre-Back,Alcorcón,Loan,out,0,Primera Division,2014,2014/2015
Córdoba CF,Javi Cabezas,24,Right Winger,SD Huesca,Loan,out,0,Primera Division,2014,2014/2015
Córdoba CF,Carlos Caballero,30,Central Midfield,PAE Veria,Loan,out,0,Primera Division,2014,2014/2015
Córdoba CF,Bernardo Cruz,20,Centre-Back,Racing,Loan,out,0,Primera Division,2014,2014/2015
Córdoba CF,Arturo Rodríguez,25,Centre-Forward,UE Llagostera,Loan,out,0,Primera Division,2014,2014/2015
Córdoba CF,Javi Cabezas,24,Right Winger,Barakaldo CF,Loan,out,0,Primera Division,2014,2014/2015
Córdoba CF,Arturo Rodríguez,25,Centre-Forward,Alcorcón,Loan,out,0,Primera Division,2014,2014/2015
Córdoba CF,Juanlu,34,Left Midfield,Retired,-,out,0,Primera Division,2014,2014/2015
Córdoba CF,Joselu,24,Right-Back,Without Club,-,out,0,Primera Division,2014,2014/2015
Córdoba CF,Miguel Ángel Nieto,28,Left Winger,Without Club,-,out,0,Primera Division,2014,2014/2015
Córdoba CF,José Carlos,27,Attacking Midfield,Without Club,-,out,0,Primera Division,2014,2014/2015
Córdoba CF,Ryder Matos,21,Second Striker,Fiorentina,"End of loanJan 17, 2015",out,0,Primera Division,2014,2014/2015
Córdoba CF,Ulises Dávila,23,Attacking Midfield,Chelsea,"End of loanJun 30, 2014",out,0,Primera Division,2014,2014/2015
Córdoba CF,Pelayo,23,Central Midfield,Elche CF,"End of loanJun 30, 2014",out,0,Primera Division,2014,2014/2015
Córdoba CF,Aritz López Garai,33,Central Midfield,Sporting Gijón,"End of loanJun 30, 2014",out,0,Primera Division,2014,2014/2015
