club_name,player_name,age,position,club_involved_name,fee,transfer_movement,fee_cleaned,league_name,year,season
Hertha BSC,Adrián Ramos,23,Centre-Forward,CD América,£1.80m,in,1.8,1 Bundesliga,2009,2009/2010
Hertha BSC,Artur Wichniarek,32,Centre-Forward,Arm. Bielefeld,£630k,in,0.63,1 Bundesliga,2009,2009/2010
Hertha BSC,Theofanis Gekas,29,Centre-Forward,Bay. Leverkusen,Loan fee:£540k,in,0.54,1 Bundesliga,2009,2009/2010
Hertha BSC,Rasmus Bengtsson,23,Centre-Back,Trelleborg,£414k,in,0.414,1 Bundesliga,2009,2009/2010
Hertha BSC,Nemanja Pejcinovic,21,Centre-Back,Rad,Loan fee:£315k,in,0.315,1 Bundesliga,2009,2009/2010
Hertha BSC,Florian Kringe,27,Central Midfield,Bor. Dortmund,Loan fee:£180k,in,0.18,1 Bundesliga,2009,2009/2010
Hertha BSC,Roman Hubnik,25,Centre-Back,FK Moskau,Loan fee:£180k,in,0.18,1 Bundesliga,2009,2009/2010
Hertha BSC,Levan Kobiashvili,32,Left Midfield,FC Schalke 04,Free Transfer,in,0,1 Bundesliga,2009,2009/2010
Hertha BSC,Christoph Janker,24,Centre-Back,TSG Hoffenheim,Free Transfer,in,0,1 Bundesliga,2009,2009/2010
Hertha BSC,César,30,Left Midfield,Al-Ahli (UAE),Free Transfer,in,0,1 Bundesliga,2009,2009/2010
Hertha BSC,Timo Ochs,27,Goalkeeper,Without Club,-,in,0,1 Bundesliga,2009,2009/2010
Hertha BSC,Fanol Perdedaj,17,Defensive Midfield,Hertha BSC U19,-,in,0,1 Bundesliga,2009,2009/2010
Hertha BSC,André Lima,24,Centre-Forward,Botafogo,"End of loanDec 1, 2009",in,0,1 Bundesliga,2009,2009/2010
Hertha BSC,André Lima,24,Centre-Forward,São Paulo,"End of loanJun 1, 2009",in,0,1 Bundesliga,2009,2009/2010
Hertha BSC,Josip Simunic,31,Centre-Back,TSG Hoffenheim,£6.30m,out,6.3,1 Bundesliga,2009,2009/2010
Hertha BSC,Amine Chermiti,21,Centre-Forward,Ittihad,Loan fee:£810k,out,0.81,1 Bundesliga,2009,2009/2010
Hertha BSC,Lúcio,30,Left-Back,Grêmio,Loan fee:£225k,out,0.225,1 Bundesliga,2009,2009/2010
Hertha BSC,Rodnei,23,Centre-Back,1.FC K'lautern,Loan fee:£180k,out,0.18,1 Bundesliga,2009,2009/2010
Hertha BSC,André Lima,24,Centre-Forward,Botafogo,Loan fee:£135k,out,0.135,1 Bundesliga,2009,2009/2010
Hertha BSC,Ibrahima Traoré,21,Right Winger,FC Augsburg,£45k,out,0.045,1 Bundesliga,2009,2009/2010
Hertha BSC,Sofian Chahed,26,Right-Back,Hannover 96,Free Transfer,out,0,1 Bundesliga,2009,2009/2010
Hertha BSC,Kaká,28,Centre-Back,Omonia Nikosia,Loan,out,0,1 Bundesliga,2009,2009/2010
Hertha BSC,Bryan Arguez,21,Defensive Midfield,Miami FC,Free Transfer,out,0,1 Bundesliga,2009,2009/2010
Hertha BSC,Marko Babic,28,Left Midfield,Real Zaragoza,Free Transfer,out,0,1 Bundesliga,2009,2009/2010
Hertha BSC,César,30,Left Midfield,Al-Ahli (UAE),Free Transfer,out,0,1 Bundesliga,2009,2009/2010
Hertha BSC,Marko Pantelic,30,Centre-Forward,Ajax,Free Transfer,out,0,1 Bundesliga,2009,2009/2010
Hertha BSC,André Lima,24,Centre-Forward,Fluminense,Loan,out,0,1 Bundesliga,2009,2009/2010
Hertha BSC,Christian Fiedler,34,Goalkeeper,Retired,-,out,0,1 Bundesliga,2009,2009/2010
Hertha BSC,Florian Riedel,19,Right Midfield,Hertha BSC II,-,out,0,1 Bundesliga,2009,2009/2010
Hertha BSC,Andrii Voronin,29,Second Striker,Liverpool,"End of loanJun 30, 2009",out,0,1 Bundesliga,2009,2009/2010
Hertha BSC,Leandro Cufré,31,Left-Back,Monaco,"End of loanJun 30, 2009",out,0,1 Bundesliga,2009,2009/2010
VfL Bochum,Zlatko Dedic,24,Centre-Forward,Frosinone,£720k,in,0.72,1 Bundesliga,2009,2009/2010
VfL Bochum,Lewis Holtby,19,Attacking Midfield,FC Schalke 04,Loan fee:£450k,in,0.45,1 Bundesliga,2009,2009/2010
VfL Bochum,Milos Maric,27,Central Midfield,KAA Gent,£360k,in,0.36,1 Bundesliga,2009,2009/2010
VfL Bochum,Andreas Johansson,27,Centre-Back,Halmstad,£360k,in,0.36,1 Bundesliga,2009,2009/2010
VfL Bochum,Roman Prokoph,23,Centre-Forward,VfL Bochum II,-,in,0,1 Bundesliga,2009,2009/2010
VfL Bochum,Andreas Luthe,22,Goalkeeper,VfL Bochum II,-,in,0,1 Bundesliga,2009,2009/2010
VfL Bochum,Mirkan Aydin,22,Centre-Forward,VfL Bochum II,-,in,0,1 Bundesliga,2009,2009/2010
VfL Bochum,Kevin Vogt,17,Centre-Back,VfL Bochum U19,-,in,0,1 Bundesliga,2009,2009/2010
VfL Bochum,Ivo Ilicevic,22,Left Winger,Greuther Fürth,"End of loanJun 30, 2009",in,0,1 Bundesliga,2009,2009/2010
VfL Bochum,Danny Fuchs,33,Left Midfield,1.FC K'lautern,"End of loanJun 30, 2009",in,0,1 Bundesliga,2009,2009/2010
VfL Bochum,Shinji Ono,30,Attacking Midfield,Shimizu S-Pulse,£225k,out,0.225,1 Bundesliga,2009,2009/2010
VfL Bochum,Daniel Imhof,32,Defensive Midfield,FC St. Gallen,Free Transfer,out,0,1 Bundesliga,2009,2009/2010
VfL Bochum,Ivo Ilicevic,22,Left Winger,1.FC K'lautern,Loan,out,0,1 Bundesliga,2009,2009/2010
VfL Bochum,Marcin Mieciel,33,Centre-Forward,Legia Warszawa,Free Transfer,out,0,1 Bundesliga,2009,2009/2010
VfL Bochum,Sinan Kaloglu,28,Centre-Forward,Vitesse,Free Transfer,out,0,1 Bundesliga,2009,2009/2010
VfL Bochum,Heinrich Schmidtgal,23,Left-Back,RW Oberhausen,Free Transfer,out,0,1 Bundesliga,2009,2009/2010
VfL Bochum,Danny Fuchs,33,Left Midfield,1.FC K'lautern,Free Transfer,out,0,1 Bundesliga,2009,2009/2010
VfL Bochum,Oliver Schröder,29,Defensive Midfield,Hansa Rostock,Free Transfer,out,0,1 Bundesliga,2009,2009/2010
VfL Bochum,Daniel Fernandes,26,Goalkeeper,Iraklis,Loan,out,0,1 Bundesliga,2009,2009/2010
VfL Bochum,David Zajas,26,Defensive Midfield,Velbert 02,Free Transfer,out,0,1 Bundesliga,2009,2009/2010
VfL Bochum,Andreas Lengsfeld,23,Goalkeeper,Without Club,-,out,0,1 Bundesliga,2009,2009/2010
VfL Wolfsburg,Obafemi Martins,24,Centre-Forward,Newcastle,£9.45m,in,9.45,1 Bundesliga,2009,2009/2010
VfL Wolfsburg,Karim Ziani,26,Attacking Midfield,Marseille,£6.30m,in,6.3,1 Bundesliga,2009,2009/2010
VfL Wolfsburg,Réver,24,Centre-Back,Grêmio,£4.50m,in,4.5,1 Bundesliga,2009,2009/2010
VfL Wolfsburg,Thomas Kahlenberg,26,Central Midfield,AJ Auxerre,£3.33m,in,3.33,1 Bundesliga,2009,2009/2010
VfL Wolfsburg,Fabian Johnson,21,Left Winger,1860 Munich,£990k,in,0.99,1 Bundesliga,2009,2009/2010
VfL Wolfsburg,Cédric Makiadi,25,Central Midfield,MSV Duisburg,"End of loanJun 30, 2009",in,0,1 Bundesliga,2009,2009/2010
VfL Wolfsburg,Alexander Laas,25,Left Midfield,Arm. Bielefeld,"End of loanJun 30, 2009",in,0,1 Bundesliga,2009,2009/2010
VfL Wolfsburg,Jonathan Santana,27,Central Midfield,San Lorenzo,"End of loanJun 30, 2009",in,0,1 Bundesliga,2009,2009/2010
VfL Wolfsburg,Rick Hoogendorp,34,Centre-Forward,ADO Den Haag,"End of loanJun 30, 2009",in,0,1 Bundesliga,2009,2009/2010
VfL Wolfsburg,Daniel Baier,25,Defensive Midfield,FC Augsburg,"End of loanJun 30, 2009",in,0,1 Bundesliga,2009,2009/2010
VfL Wolfsburg,Vlad Munteanu,28,Left Midfield,Arm. Bielefeld,"End of loanJun 30, 2009",in,0,1 Bundesliga,2009,2009/2010
VfL Wolfsburg,Sergiu Radu,31,Centre-Forward,1. FC Köln,"End of loanJun 30, 2009",in,0,1 Bundesliga,2009,2009/2010
VfL Wolfsburg,Christopher Lamprecht,24,Right-Back,1.FC K'lautern,"End of loanJun 30, 2009",in,0,1 Bundesliga,2009,2009/2010
VfL Wolfsburg,Mahir Saglik,26,Centre-Forward,Karlsruher SC,"End of loanJun 30, 2009",in,0,1 Bundesliga,2009,2009/2010
VfL Wolfsburg,Cristian Zaccardo,27,Centre-Back,Parma,£1.80m,out,1.8,1 Bundesliga,2009,2009/2010
VfL Wolfsburg,Cédric Makiadi,25,Central Midfield,SC Freiburg,£810k,out,0.81,1 Bundesliga,2009,2009/2010
VfL Wolfsburg,Ricardo Costa,28,Centre-Back,LOSC Lille,£450k,out,0.45,1 Bundesliga,2009,2009/2010
VfL Wolfsburg,Alex Costa,29,Right-Back,Vit. Guimarães,Free Transfer,out,0,1 Bundesliga,2009,2009/2010
VfL Wolfsburg,Daniel Adlung,21,Central Midfield,Alem. Aachen,Loan,out,0,1 Bundesliga,2009,2009/2010
VfL Wolfsburg,Kamani Hill,23,Centre-Forward,Vit. Guimarães,Free Transfer,out,0,1 Bundesliga,2009,2009/2010
VfL Wolfsburg,Christopher Lamprecht,24,Right-Back,Holstein Kiel,Free Transfer,out,0,1 Bundesliga,2009,2009/2010
VfL Wolfsburg,Caiuby,20,Left Winger,MSV Duisburg,Loan,out,0,1 Bundesliga,2009,2009/2010
VfL Wolfsburg,Mahir Saglik,26,Centre-Forward,SC Paderborn,Loan,out,0,1 Bundesliga,2009,2009/2010
VfL Wolfsburg,Vlad Munteanu,28,Left Midfield,FSV Frankfurt,Loan,out,0,1 Bundesliga,2009,2009/2010
VfL Wolfsburg,Rick Hoogendorp,34,Centre-Forward,Scheveningen,Free Transfer,out,0,1 Bundesliga,2009,2009/2010
VfL Wolfsburg,Sergiu Radu,31,Centre-Forward,Energie Cottbus,Free Transfer,out,0,1 Bundesliga,2009,2009/2010
VfL Wolfsburg,Rodrigo Alvim,26,Left-Back,Flamengo,Free Transfer,out,0,1 Bundesliga,2009,2009/2010
VfL Wolfsburg,Daniel Baier,25,Defensive Midfield,FC Augsburg,Free Transfer,out,0,1 Bundesliga,2009,2009/2010
VfL Wolfsburg,Patrick Platins,26,Goalkeeper,Without Club,-,out,0,1 Bundesliga,2009,2009/2010
Bayern Munich,Mario Gómez,23,Centre-Forward,VfB Stuttgart,£27.00m,in,27,1 Bundesliga,2009,2009/2010
Bayern Munich,Arjen Robben,25,Right Winger,Real Madrid,£22.50m,in,22.5,1 Bundesliga,2009,2009/2010
Bayern Munich,Anatoliy Tymoshchuk,30,Defensive Midfield,Zenit S-Pb,£9.90m,in,9.9,1 Bundesliga,2009,2009/2010
Bayern Munich,Danijel Pranjic,27,Left-Back,Heerenveen,£6.93m,in,6.93,1 Bundesliga,2009,2009/2010
Bayern Munich,Edson Braafheid,26,Left-Back,FC Twente,£1.80m,in,1.8,1 Bundesliga,2009,2009/2010
Bayern Munich,Ivica Olic,29,Centre-Forward,Hamburger SV,Free Transfer,in,0,1 Bundesliga,2009,2009/2010
Bayern Munich,Alexander Baumjohann,22,Attacking Midfield,Bor. M'gladbach,Free Transfer,in,0,1 Bundesliga,2009,2009/2010
Bayern Munich,Diego Contento,19,Left-Back,FC Bayern II,-,in,0,1 Bundesliga,2009,2009/2010
Bayern Munich,Thomas Müller,19,Second Striker,FC Bayern II,-,in,0,1 Bundesliga,2009,2009/2010
Bayern Munich,Holger Badstuber,20,Centre-Back,FC Bayern II,-,in,0,1 Bundesliga,2009,2009/2010
Bayern Munich,Mehmet Ekici,19,Attacking Midfield,FC Bayern II,-,in,0,1 Bundesliga,2009,2009/2010
Bayern Munich,Andreas Görlitz,27,Right-Back,Karlsruher SC,"End of loanJun 30, 2009",in,0,1 Bundesliga,2009,2009/2010
Bayern Munich,Mats Hummels,20,Centre-Back,Bor. Dortmund,"End of loanJun 30, 2009",in,0,1 Bundesliga,2009,2009/2010
Bayern Munich,Lukas Podolski,24,Second Striker,1. FC Köln,£9.00m,out,9,1 Bundesliga,2009,2009/2010
Bayern Munich,Lúcio,31,Centre-Back,Inter,£6.30m,out,6.3,1 Bundesliga,2009,2009/2010
Bayern Munich,Mats Hummels,20,Centre-Back,Bor. Dortmund,£3.78m,out,3.78,1 Bundesliga,2009,2009/2010
Bayern Munich,Alexander Baumjohann,22,Attacking Midfield,FC Schalke 04,£900k,out,0.9,1 Bundesliga,2009,2009/2010
Bayern Munich,Tim Borowski,29,Central Midfield,Werder Bremen,£675k,out,0.675,1 Bundesliga,2009,2009/2010
Bayern Munich,Luca Toni,32,Centre-Forward,AS Roma,Loan,out,0,1 Bundesliga,2009,2009/2010
Bayern Munich,José Sosa,24,Central Midfield,Estudiantes,Loan,out,0,1 Bundesliga,2009,2009/2010
Bayern Munich,Andreas Ottl,24,Defensive Midfield,1.FC Nuremberg,Loan,out,0,1 Bundesliga,2009,2009/2010
Bayern Munich,Breno,20,Centre-Back,1.FC Nuremberg,Loan,out,0,1 Bundesliga,2009,2009/2010
Bayern Munich,Edson Braafheid,26,Left-Back,Celtic,Loan,out,0,1 Bundesliga,2009,2009/2010
Bayern Munich,Massimo Oddo,33,Right-Back,AC Milan,"End of loanJun 30, 2009",out,0,1 Bundesliga,2009,2009/2010
Bayern Munich,Zé Roberto,34,Left Midfield,Nacional,"End of loanJun 30, 2009",out,0,1 Bundesliga,2009,2009/2010
VfB Stuttgart,Zdravko Kuzmanović,21,Central Midfield,Fiorentina,£7.20m,in,7.2,1 Bundesliga,2009,2009/2010
VfB Stuttgart,Pavel Pogrebnyak,25,Centre-Forward,Zenit S-Pb,£4.32m,in,4.32,1 Bundesliga,2009,2009/2010
VfB Stuttgart,Stefano Celozzi,20,Right-Back,Karlsruher SC,£2.25m,in,2.25,1 Bundesliga,2009,2009/2010
VfB Stuttgart,Aleksandr Hleb,28,Attacking Midfield,FC Barcelona,Loan fee:£1.80m,in,1.8,1 Bundesliga,2009,2009/2010
VfB Stuttgart,Cristian Molinaro,26,Left-Back,Juventus,Loan fee:£450k,in,0.45,1 Bundesliga,2009,2009/2010
VfB Stuttgart,Alessandro Riedle,17,Centre-Forward,Grasshoppers,£270k,in,0.27,1 Bundesliga,2009,2009/2010
VfB Stuttgart,Matthias Schwarz,21,Central Midfield,FC Ingolstadt,Free Transfer,in,0,1 Bundesliga,2009,2009/2010
VfB Stuttgart,Daniel Didavi,19,Attacking Midfield,Stuttgart II,-,in,0,1 Bundesliga,2009,2009/2010
VfB Stuttgart,Clemens Walch,21,Right Midfield,Stuttgart II,-,in,0,1 Bundesliga,2009,2009/2010
VfB Stuttgart,Patrick Funk,19,Defensive Midfield,Stuttgart II,-,in,0,1 Bundesliga,2009,2009/2010
VfB Stuttgart,Manuel Fischer,19,Centre-Forward,TuS Koblenz,"End of loanJun 30, 2009",in,0,1 Bundesliga,2009,2009/2010
VfB Stuttgart,Mario Gómez,23,Centre-Forward,Bayern Munich,£27.00m,out,27,1 Bundesliga,2009,2009/2010
VfB Stuttgart,Thomas Hitzlsperger,27,Central Midfield,Lazio,£495k,out,0.495,1 Bundesliga,2009,2009/2010
VfB Stuttgart,Élson,28,Attacking Midfield,Hannover 96,Loan fee:£270k,out,0.27,1 Bundesliga,2009,2009/2010
VfB Stuttgart,Jan Simak,31,Attacking Midfield,1.FSV Mainz 05,£90k,out,0.09,1 Bundesliga,2009,2009/2010
VfB Stuttgart,Georges Mandjeck,20,Defensive Midfield,1.FC K'lautern,Loan,out,0,1 Bundesliga,2009,2009/2010
VfB Stuttgart,Ludovic Magnin,30,Left-Back,FC Zürich,Free Transfer,out,0,1 Bundesliga,2009,2009/2010
VfB Stuttgart,Danijel Ljuboja,30,Centre-Forward,Grenoble,Free Transfer,out,0,1 Bundesliga,2009,2009/2010
VfB Stuttgart,Yildiray Bastürk,31,Attacking Midfield,Blackburn,Free Transfer,out,0,1 Bundesliga,2009,2009/2010
VfB Stuttgart,Manuel Fischer,19,Centre-Forward,Stuttgart II,-,out,0,1 Bundesliga,2009,2009/2010
Hamburger SV,Marcus Berg,22,Centre-Forward,FC Groningen,£9.00m,in,9,1 Bundesliga,2009,2009/2010
Hamburger SV,Eljero Elia,22,Left Winger,FC Twente,£8.10m,in,8.1,1 Bundesliga,2009,2009/2010
Hamburger SV,David Rozehnal,29,Centre-Back,Lazio,£5.40m,in,5.4,1 Bundesliga,2009,2009/2010
Hamburger SV,Zé Roberto,34,Left Midfield,Nacional,£3.60m,in,3.6,1 Bundesliga,2009,2009/2010
Hamburger SV,Robert Tesche,22,Central Midfield,Arm. Bielefeld,£900k,in,0.9,1 Bundesliga,2009,2009/2010
Hamburger SV,Tomás Rincón,21,Defensive Midfield,Táchira,£405k,in,0.405,1 Bundesliga,2009,2009/2010
Hamburger SV,Tolgay Arslan,18,Central Midfield,B. Dortmund U19,Free Transfer,in,0,1 Bundesliga,2009,2009/2010
Hamburger SV,Ruud van Nistelrooy,33,Centre-Forward,Real Madrid,Free Transfer,in,0,1 Bundesliga,2009,2009/2010
Hamburger SV,Kai-Fabian Schulz,19,Centre-Back,Hamburger SV II,-,in,0,1 Bundesliga,2009,2009/2010
Hamburger SV,Hanno Behrens,19,Central Midfield,Hamburger SV II,-,in,0,1 Bundesliga,2009,2009/2010
Hamburger SV,Christian Groß,20,Defensive Midfield,Hamburger SV II,-,in,0,1 Bundesliga,2009,2009/2010
Hamburger SV,Maximilian Beister,18,Right Winger,Hamburg U19,-,in,0,1 Bundesliga,2009,2009/2010
Hamburger SV,Sören Bertram,18,Left Winger,Hamburger SV II,-,in,0,1 Bundesliga,2009,2009/2010
Hamburger SV,Sascha Kirschstein,29,Goalkeeper,Greuther Fürth,"End of loanJun 30, 2009",in,0,1 Bundesliga,2009,2009/2010
Hamburger SV,Thiago Neves,24,Attacking Midfield,Fluminense,"End of loanJun 30, 2009",in,0,1 Bundesliga,2009,2009/2010
Hamburger SV,Miroslav Stepanek,19,Centre-Back,SV Kapfenberg,"End of loanJun 30, 2009",in,0,1 Bundesliga,2009,2009/2010
Hamburger SV,Rouwen Hennings,21,Centre-Forward,FC St. Pauli,"End of loanJun 30, 2009",in,0,1 Bundesliga,2009,2009/2010
Hamburger SV,Änis Ben-Hatira,20,Attacking Midfield,MSV Duisburg,"End of loanJun 30, 2009",in,0,1 Bundesliga,2009,2009/2010
Hamburger SV,Thiago Neves,24,Attacking Midfield,Hilal,£6.30m,out,6.3,1 Bundesliga,2009,2009/2010
Hamburger SV,Alex Silva,24,Centre-Back,São Paulo,Loan fee:£900k,out,0.9,1 Bundesliga,2009,2009/2010
Hamburger SV,Mickaël Tavares,27,Defensive Midfield,1.FC Nuremberg,Loan fee:£225k,out,0.225,1 Bundesliga,2009,2009/2010
Hamburger SV,Rouwen Hennings,21,Centre-Forward,FC St. Pauli,£180k,out,0.18,1 Bundesliga,2009,2009/2010
Hamburger SV,Eric Maxim Choupo-Moting,20,Centre-Forward,1.FC Nuremberg,Loan fee:£45k,out,0.045,1 Bundesliga,2009,2009/2010
Hamburger SV,Ivica Olic,29,Centre-Forward,Bayern Munich,Free Transfer,out,0,1 Bundesliga,2009,2009/2010
Hamburger SV,Khalid Sinouh,34,Goalkeeper,FC Utrecht,Free Transfer,out,0,1 Bundesliga,2009,2009/2010
Hamburger SV,Macauley Chrisantus,18,Centre-Forward,Karlsruher SC,Loan,out,0,1 Bundesliga,2009,2009/2010
Hamburger SV,Thimothée Atouba,27,Left-Back,Ajax,Free Transfer,out,0,1 Bundesliga,2009,2009/2010
Hamburger SV,Raphael Wolf,21,Goalkeeper,SV Kapfenberg,Free Transfer,out,0,1 Bundesliga,2009,2009/2010
Hamburger SV,Sascha Kirschstein,29,Goalkeeper,Rot Weiss Ahlen,Free Transfer,out,0,1 Bundesliga,2009,2009/2010
Hamburger SV,Änis Ben-Hatira,21,Attacking Midfield,MSV Duisburg,Loan,out,0,1 Bundesliga,2009,2009/2010
Hamburger SV,Bastian Reinhardt,34,Centre-Back,Career break,-,out,0,1 Bundesliga,2009,2009/2010
Hamburger SV,Timo Kunert,22,Right-Back,Without Club,-,out,0,1 Bundesliga,2009,2009/2010
Hamburger SV,Tomás Rincón,21,Defensive Midfield,Táchira,"End of loanDec 31, 2009",out,0,1 Bundesliga,2009,2009/2010
Hamburger SV,Marcel Ndjeng,27,Right Midfield,Bor. M'gladbach,"End of loanJun 30, 2009",out,0,1 Bundesliga,2009,2009/2010
Hamburger SV,Michael Gravgaard,31,Centre-Back,FC Nantes,"End of loanJun 30, 2009",out,0,1 Bundesliga,2009,2009/2010
Hamburger SV,Albert Streit,29,Attacking Midfield,FC Schalke 04,"End of loanJun 30, 2009",out,0,1 Bundesliga,2009,2009/2010
Borussia Dortmund,Mats Hummels,20,Centre-Back,Bayern Munich,£3.78m,in,3.78,1 Bundesliga,2009,2009/2010
Borussia Dortmund,Lucas Barrios,24,Centre-Forward,Colo Colo,£3.78m,in,3.78,1 Bundesliga,2009,2009/2010
Borussia Dortmund,Sven Bender,20,Centre-Back,1860 Munich,£1.35m,in,1.35,1 Bundesliga,2009,2009/2010
Borussia Dortmund,Dimitar Rangelov,26,Centre-Forward,Energie Cottbus,£900k,in,0.9,1 Bundesliga,2009,2009/2010
Borussia Dortmund,Markus Feulner,27,Central Midfield,1.FSV Mainz 05,Free Transfer,in,0,1 Bundesliga,2009,2009/2010
Borussia Dortmund,Damien Le Tallec,19,Defensive Midfield,Stade Rennais,Free Transfer,in,0,1 Bundesliga,2009,2009/2010
Borussia Dortmund,Kevin Großkreutz,20,Right-Back,Rot Weiss Ahlen,Free Transfer,in,0,1 Bundesliga,2009,2009/2010
Borussia Dortmund,Yasin Öztekin,22,Left Winger,B. Dortmund II,-,in,0,1 Bundesliga,2009,2009/2010
Borussia Dortmund,Christopher Kullmann,22,Centre-Forward,B. Dortmund II,-,in,0,1 Bundesliga,2009,2009/2010
Borussia Dortmund,Julian Koch,18,Defensive Midfield,B. Dortmund II,-,in,0,1 Bundesliga,2009,2009/2010
Borussia Dortmund,Marc Hornschuh,18,Centre-Back,B. Dortmund U19,-,in,0,1 Bundesliga,2009,2009/2010
Borussia Dortmund,Markus Brzenska,25,Centre-Back,MSV Duisburg,"End of loanJun 30, 2009",in,0,1 Bundesliga,2009,2009/2010
Borussia Dortmund,Antonio Rukavina,25,Right-Back,1860 Munich,"End of loanJun 30, 2009",in,0,1 Bundesliga,2009,2009/2010
Borussia Dortmund,Giovanni Federico,28,Attacking Midfield,Karlsruher SC,"End of loanJun 30, 2009",in,0,1 Bundesliga,2009,2009/2010
Borussia Dortmund,Alex Frei,30,Centre-Forward,FC Basel,£3.83m,out,3.83,1 Bundesliga,2009,2009/2010
Borussia Dortmund,Antonio Rukavina,25,Right-Back,1860 Munich,£1.35m,out,1.35,1 Bundesliga,2009,2009/2010
Borussia Dortmund,Markus Brzenska,25,Centre-Back,Energie Cottbus,£360k,out,0.36,1 Bundesliga,2009,2009/2010
Borussia Dortmund,Florian Kringe,27,Central Midfield,Hertha BSC,Loan fee:£180k,out,0.18,1 Bundesliga,2009,2009/2010
Borussia Dortmund,Giovanni Federico,28,Attacking Midfield,Arm. Bielefeld,Free Transfer,out,0,1 Bundesliga,2009,2009/2010
Borussia Dortmund,Yeong-pyo Lee,32,Left-Back,Hilal,Free Transfer,out,0,1 Bundesliga,2009,2009/2010
Borussia Dortmund,Kevin-Prince Boateng,22,Centre-Forward,Spurs,"End of loanJun 30, 2009",out,0,1 Bundesliga,2009,2009/2010
Borussia Dortmund,Mats Hummels,20,Centre-Back,Bayern Munich,"End of loanJun 30, 2009",out,0,1 Bundesliga,2009,2009/2010
TSG 1899 Hoffenheim,Josip Simunic,31,Centre-Back,Hertha BSC,£6.30m,in,6.3,1 Bundesliga,2009,2009/2010
TSG 1899 Hoffenheim,Franco Zuculini,18,Central Midfield,Racing Club,£4.14m,in,4.14,1 Bundesliga,2009,2009/2010
TSG 1899 Hoffenheim,Maicosuel,23,Left Winger,Desp. Brasil,£4.05m,in,4.05,1 Bundesliga,2009,2009/2010
TSG 1899 Hoffenheim,Jukka Raitala,20,Left-Back,HJK Helsinki,Loan fee:£135k,in,0.135,1 Bundesliga,2009,2009/2010
TSG 1899 Hoffenheim,Christian Eichner,26,Left-Back,Karlsruher SC,Free Transfer,in,0,1 Bundesliga,2009,2009/2010
TSG 1899 Hoffenheim,Prince Tagoe,22,Centre-Forward,Al-Ettifaq,Free Transfer,in,0,1 Bundesliga,2009,2009/2010
TSG 1899 Hoffenheim,Jens Grahl,20,Goalkeeper,Greuther Fürth,Free Transfer,in,0,1 Bundesliga,2009,2009/2010
TSG 1899 Hoffenheim,Kevin Conrad,18,Centre-Back,Hoffenheim U19,-,in,0,1 Bundesliga,2009,2009/2010
TSG 1899 Hoffenheim,Boris Vukcevic,19,Right Winger,Hoffenheim II,-,in,0,1 Bundesliga,2009,2009/2010
TSG 1899 Hoffenheim,Marco Terrazzino,18,Left Winger,Hoffenheim U19,-,in,0,1 Bundesliga,2009,2009/2010
TSG 1899 Hoffenheim,Manuel Gulde,18,Centre-Back,Hoffenheim U19,-,in,0,1 Bundesliga,2009,2009/2010
TSG 1899 Hoffenheim,Steffen Haas,21,Defensive Midfield,K. Offenbach,"End of loanJun 30, 2009",in,0,1 Bundesliga,2009,2009/2010
TSG 1899 Hoffenheim,Ramazan Özcan,25,Goalkeeper,Besiktas,Loan fee:£180k,out,0.18,1 Bundesliga,2009,2009/2010
TSG 1899 Hoffenheim,Christoph Janker,24,Centre-Back,Hertha BSC,Free Transfer,out,0,1 Bundesliga,2009,2009/2010
TSG 1899 Hoffenheim,Jonas Strifler,19,Right-Back,Dynamo Dresden,Free Transfer,out,0,1 Bundesliga,2009,2009/2010
TSG 1899 Hoffenheim,Selim Teber,28,Central Midfield,E. Frankfurt,Free Transfer,out,0,1 Bundesliga,2009,2009/2010
TSG 1899 Hoffenheim,Steffen Haas,21,Defensive Midfield,K. Offenbach,£23k,out,0.023,1 Bundesliga,2009,2009/2010
TSG 1899 Hoffenheim,Wellington,21,Centre-Forward,FC Twente,Loan,out,0,1 Bundesliga,2009,2009/2010
TSG 1899 Hoffenheim,Kai Herdling,25,Left Winger,Hoffenheim II,-,out,0,1 Bundesliga,2009,2009/2010
TSG 1899 Hoffenheim,Boubacar Sanogo,26,Centre-Forward,Werder Bremen,"End of loanJun 30, 2009",out,0,1 Bundesliga,2009,2009/2010
FC Schalke 04,Lewis Holtby,18,Attacking Midfield,Alem. Aachen,£2.70m,in,2.7,1 Bundesliga,2009,2009/2010
FC Schalke 04,Jan Morávek,19,Central Midfield,Bohemians 1905,£1.35m,in,1.35,1 Bundesliga,2009,2009/2010
FC Schalke 04,Peer Kluge,29,Defensive Midfield,1.FC Nuremberg,£1.35m,in,1.35,1 Bundesliga,2009,2009/2010
FC Schalke 04,Alexander Baumjohann,22,Attacking Midfield,Bayern Munich,£900k,in,0.9,1 Bundesliga,2009,2009/2010
FC Schalke 04,Mario Gavranovic,20,Centre-Forward,Yverdon-Sport,£450k,in,0.45,1 Bundesliga,2009,2009/2010
FC Schalke 04,Besart Ibraimi,23,Centre-Forward,Renova,£405k,in,0.405,1 Bundesliga,2009,2009/2010
FC Schalke 04,Vasilios Pliatsikas,21,Centre-Back,AEK Athens,£360k,in,0.36,1 Bundesliga,2009,2009/2010
FC Schalke 04,Bogdan Müller,21,Centre-Forward,SpVgg Neckarelz,£135k,in,0.135,1 Bundesliga,2009,2009/2010
FC Schalke 04,Lubos Hanzel,22,Left-Back,Spartak Trnava,Loan fee:£90k,in,0.09,1 Bundesliga,2009,2009/2010
FC Schalke 04,Junmin Hao,22,Central Midfield,TJ Teda,Free Transfer,in,0,1 Bundesliga,2009,2009/2010
FC Schalke 04,Lukas Schmitz,20,Left-Back,VfL Bochum II,Free Transfer,in,0,1 Bundesliga,2009,2009/2010
FC Schalke 04,Edú,28,Centre-Forward,Suwon Bluewings,Free Transfer,in,0,1 Bundesliga,2009,2009/2010
FC Schalke 04,Emin Yalin,20,Left Winger,Nuremberg II,Free Transfer,in,0,1 Bundesliga,2009,2009/2010
FC Schalke 04,Tore Reginiussen,23,Centre-Back,Tromsø,Free Transfer,in,0,1 Bundesliga,2009,2009/2010
FC Schalke 04,Mineiro,34,Defensive Midfield,Chelsea,Free Transfer,in,0,1 Bundesliga,2009,2009/2010
FC Schalke 04,Christoph Moritz,19,Central Midfield,Aachen U19,Free Transfer,in,0,1 Bundesliga,2009,2009/2010
FC Schalke 04,David Loheider,18,Centre-Forward,Schalke 04 U19,-,in,0,1 Bundesliga,2009,2009/2010
FC Schalke 04,Joel Matip,18,Centre-Back,Schalke 04 U19,-,in,0,1 Bundesliga,2009,2009/2010
FC Schalke 04,Marvin Pachan,19,Right-Back,Schalke 04 U19,-,in,0,1 Bundesliga,2009,2009/2010
FC Schalke 04,Marvin Pourié,19,Centre-Forward,1860 Munich,"End of loanJan 27, 2010",in,0,1 Bundesliga,2009,2009/2010
FC Schalke 04,Predrag Stevanovic,18,Attacking Midfield,Schalke 04 U19,-,in,0,1 Bundesliga,2009,2009/2010
FC Schalke 04,Zé Roberto,28,Attacking Midfield,Flamengo,"End of loanDec 1, 2009",in,0,1 Bundesliga,2009,2009/2010
FC Schalke 04,Albert Streit,29,Attacking Midfield,Hamburger SV,"End of loanJun 30, 2009",in,0,1 Bundesliga,2009,2009/2010
FC Schalke 04,Orlando Engelaar,29,Defensive Midfield,PSV Eindhoven,£3.60m,out,3.6,1 Bundesliga,2009,2009/2010
FC Schalke 04,Lewis Holtby,19,Attacking Midfield,VfL Bochum,Loan fee:£450k,out,0.45,1 Bundesliga,2009,2009/2010
FC Schalke 04,Carlos Grossmüller,26,Central Midfield,Danubio FC,Loan fee:£180k,out,0.18,1 Bundesliga,2009,2009/2010
FC Schalke 04,Marvin Pourié,19,Centre-Forward,TuS Koblenz,Loan fee:£90k,out,0.09,1 Bundesliga,2009,2009/2010
FC Schalke 04,Mladen Krstajic,35,Centre-Back,Partizan,Free Transfer,out,0,1 Bundesliga,2009,2009/2010
FC Schalke 04,Halil Altintop,27,Attacking Midfield,E. Frankfurt,Free Transfer,out,0,1 Bundesliga,2009,2009/2010
FC Schalke 04,Ralf Fährmann,20,Goalkeeper,E. Frankfurt,Free Transfer,out,0,1 Bundesliga,2009,2009/2010
FC Schalke 04,Levan Kobiashvili,32,Left Midfield,Hertha BSC,Free Transfer,out,0,1 Bundesliga,2009,2009/2010
FC Schalke 04,Albert Streit,29,Attacking Midfield,Schalke 04 II,-,out,0,1 Bundesliga,2009,2009/2010
FC Schalke 04,Lubos Hanzel,22,Left-Back,Spartak Trnava,"End of loanDec 31, 2009",out,0,1 Bundesliga,2009,2009/2010
Bayer 04 Leverkusen,Eren Derdiyok,21,Centre-Forward,FC Basel,£3.42m,in,3.42,1 Bundesliga,2009,2009/2010
Bayer 04 Leverkusen,Lars Bender,20,Defensive Midfield,1860 Munich,£2.25m,in,2.25,1 Bundesliga,2009,2009/2010
Bayer 04 Leverkusen,Daniel Schwaab,20,Centre-Back,SC Freiburg,£225k,in,0.225,1 Bundesliga,2009,2009/2010
Bayer 04 Leverkusen,Sami Hyypiä,35,Centre-Back,Liverpool,Free Transfer,in,0,1 Bundesliga,2009,2009/2010
Bayer 04 Leverkusen,Tomasz Bobel,34,Goalkeeper,Neftchi Baku,Free Transfer,in,0,1 Bundesliga,2009,2009/2010
Bayer 04 Leverkusen,Lucas Rocha,18,Centre-Back,Portuguesa B,?,in,NA,1 Bundesliga,2009,2009/2010
Bayer 04 Leverkusen,Fabian Giefer,19,Goalkeeper,Leverkusen II,-,in,0,1 Bundesliga,2009,2009/2010
Bayer 04 Leverkusen,Bastian Oczipka,20,Left-Back,Hansa Rostock,"End of loanDec 31, 2009",in,0,1 Bundesliga,2009,2009/2010
Bayer 04 Leverkusen,Kevin Kampl,19,Central Midfield,Leverkusen II,-,in,0,1 Bundesliga,2009,2009/2010
Bayer 04 Leverkusen,Burak Kaplan,19,Attacking Midfield,Leverkusen U19,-,in,0,1 Bundesliga,2009,2009/2010
Bayer 04 Leverkusen,Assimiou Touré,21,Centre-Back,VfL Osnabrück,"End of loanJun 30, 2009",in,0,1 Bundesliga,2009,2009/2010
Bayer 04 Leverkusen,Pierre De Wit,21,Central Midfield,VfL Osnabrück,"End of loanJun 30, 2009",in,0,1 Bundesliga,2009,2009/2010
Bayer 04 Leverkusen,Theofanis Gekas,29,Centre-Forward,Portsmouth,"End of loanJun 30, 2009",in,0,1 Bundesliga,2009,2009/2010
Bayer 04 Leverkusen,Stefan Reinartz,20,Defensive Midfield,1.FC Nuremberg,"End of loanJun 30, 2009",in,0,1 Bundesliga,2009,2009/2010
Bayer 04 Leverkusen,Theofanis Gekas,29,Centre-Forward,Hertha BSC,Loan fee:£540k,out,0.54,1 Bundesliga,2009,2009/2010
Bayer 04 Leverkusen,Pirmin Schwegler,22,Defensive Midfield,E. Frankfurt,£450k,out,0.45,1 Bundesliga,2009,2009/2010
Bayer 04 Leverkusen,Constant Djakpa,22,Left-Back,Hannover 96,Loan fee:£360k,out,0.36,1 Bundesliga,2009,2009/2010
Bayer 04 Leverkusen,Richard Sukuta-Pasu,19,Centre-Forward,FC St. Pauli,Loan fee:£90k,out,0.09,1 Bundesliga,2009,2009/2010
Bayer 04 Leverkusen,Pierre De Wit,22,Central Midfield,1.FC K'lautern,Free Transfer,out,0,1 Bundesliga,2009,2009/2010
Bayer 04 Leverkusen,Erik Domaschke,23,Goalkeeper,Wehen Wiesbaden,Free Transfer,out,0,1 Bundesliga,2009,2009/2010
Bayer 04 Leverkusen,Sascha Dum,23,Left Midfield,Energie Cottbus,Loan,out,0,1 Bundesliga,2009,2009/2010
Bayer 04 Leverkusen,Bastian Oczipka,20,Left-Back,FC St. Pauli,Loan,out,0,1 Bundesliga,2009,2009/2010
Bayer 04 Leverkusen,Assimiou Touré,22,Centre-Back,Arm. Bielefeld,Free Transfer,out,0,1 Bundesliga,2009,2009/2010
Bayer 04 Leverkusen,Karim Haggui,25,Centre-Back,Hannover 96,Free Transfer,out,0,1 Bundesliga,2009,2009/2010
Bayer 04 Leverkusen,Lucas Rocha,18,Centre-Back,Portuguesa B,Loan,out,0,1 Bundesliga,2009,2009/2010
Bayer 04 Leverkusen,Bernd Schneider,35,Right Midfield,Retired,-,out,0,1 Bundesliga,2009,2009/2010
Bayer 04 Leverkusen,Vratislav Gresko,31,Left-Back,Retired,-,out,0,1 Bundesliga,2009,2009/2010
Bayer 04 Leverkusen,Gábor Király,33,Goalkeeper,Burnley,"End of loanJun 30, 2009",out,0,1 Bundesliga,2009,2009/2010
Bayer 04 Leverkusen,Angelos Charisteas,29,Centre-Forward,1.FC Nuremberg,"End of loanJun 30, 2009",out,0,1 Bundesliga,2009,2009/2010
Bayer 04 Leverkusen,Henrique,22,Centre-Back,FC Barcelona,"End of loanJun 30, 2009",out,0,1 Bundesliga,2009,2009/2010
SV Werder Bremen,Marko Marin,20,Attacking Midfield,Bor. M'gladbach,£7.38m,in,7.38,1 Bundesliga,2009,2009/2010
SV Werder Bremen,Claudio Pizarro,30,Centre-Forward,Chelsea,£1.80m,in,1.8,1 Bundesliga,2009,2009/2010
SV Werder Bremen,Marcelo Moreno,22,Centre-Forward,Shakhtar D.,Loan fee:£1.35m,in,1.35,1 Bundesliga,2009,2009/2010
SV Werder Bremen,Tim Borowski,29,Central Midfield,Bayern Munich,£675k,in,0.675,1 Bundesliga,2009,2009/2010
SV Werder Bremen,Sandro Wagner,22,Centre-Forward,MSV Duisburg,£315k,in,0.315,1 Bundesliga,2009,2009/2010
SV Werder Bremen,Aymen Abdennour,20,Centre-Back,ES Sahel,Loan fee:£180k,in,0.18,1 Bundesliga,2009,2009/2010
SV Werder Bremen,Onur Ayik,19,Right Winger,W. Bremen II,-,in,0,1 Bundesliga,2009,2009/2010
SV Werder Bremen,Timo Perthel,20,Left-Back,W. Bremen II,-,in,0,1 Bundesliga,2009,2009/2010
SV Werder Bremen,Torsten Oehrl,23,Centre-Forward,W. Bremen II,-,in,0,1 Bundesliga,2009,2009/2010
SV Werder Bremen,Pascal Testroet,19,Centre-Forward,W. Bremen II,-,in,0,1 Bundesliga,2009,2009/2010
SV Werder Bremen,Kevin Schindler,21,Defensive Midfield,FC Augsburg,"End of loanJan 30, 2010",in,0,1 Bundesliga,2009,2009/2010
SV Werder Bremen,Dominik Schmidt,22,Centre-Back,W. Bremen II,-,in,0,1 Bundesliga,2009,2009/2010
SV Werder Bremen,John Jairo Mosquera,21,Centre-Forward,SönderjyskE,"End of loanJun 30, 2009",in,0,1 Bundesliga,2009,2009/2010
SV Werder Bremen,Kevin Schindler,21,Defensive Midfield,Hansa Rostock,"End of loanJun 30, 2009",in,0,1 Bundesliga,2009,2009/2010
SV Werder Bremen,Boubacar Sanogo,26,Centre-Forward,TSG Hoffenheim,"End of loanJun 30, 2009",in,0,1 Bundesliga,2009,2009/2010
SV Werder Bremen,Said Husejinovic,21,Attacking Midfield,1.FC K'lautern,"End of loanJun 30, 2009",in,0,1 Bundesliga,2009,2009/2010
SV Werder Bremen,Diego,24,Attacking Midfield,Juventus,£24.30m,out,24.3,1 Bundesliga,2009,2009/2010
SV Werder Bremen,Boubacar Sanogo,26,Centre-Forward,Saint-Étienne,£4.50m,out,4.5,1 Bundesliga,2009,2009/2010
SV Werder Bremen,Martin Harnik,22,Centre-Forward,F. Düsseldorf,Loan fee:£270k,out,0.27,1 Bundesliga,2009,2009/2010
SV Werder Bremen,Kevin Schindler,21,Defensive Midfield,FC Augsburg,Loan fee:£68k,out,0.068,1 Bundesliga,2009,2009/2010
SV Werder Bremen,Dusko Tosic,25,Centre-Back,Portsmouth,Free Transfer,out,0,1 Bundesliga,2009,2009/2010
SV Werder Bremen,John Jairo Mosquera,21,Centre-Forward,Union Berlin,Loan,out,0,1 Bundesliga,2009,2009/2010
SV Werder Bremen,Jurica Vranjes,30,Defensive Midfield,Genclerbirligi,Loan,out,0,1 Bundesliga,2009,2009/2010
SV Werder Bremen,Nico Pellatz,22,Goalkeeper,Apol. Limassol,Free Transfer,out,0,1 Bundesliga,2009,2009/2010
SV Werder Bremen,Kevin Schindler,21,Defensive Midfield,MSV Duisburg,Loan,out,0,1 Bundesliga,2009,2009/2010
SV Werder Bremen,Max Kruse,21,Centre-Forward,FC St. Pauli,Free Transfer,out,0,1 Bundesliga,2009,2009/2010
SV Werder Bremen,Torsten Oehrl,24,Centre-Forward,F. Düsseldorf,Loan,out,0,1 Bundesliga,2009,2009/2010
SV Werder Bremen,Marcelo Moreno,22,Centre-Forward,Shakhtar D.,"End of loanDec 31, 2009",out,0,1 Bundesliga,2009,2009/2010
SV Werder Bremen,Frank Baumann,33,Defensive Midfield,Retired,-,out,0,1 Bundesliga,2009,2009/2010
SV Werder Bremen,Claudio Pizarro,30,Centre-Forward,Chelsea,"End of loanJun 30, 2009",out,0,1 Bundesliga,2009,2009/2010
SV Werder Bremen,Alexandros Tziolis,24,Defensive Midfield,Panathinaikos,"End of loanJun 30, 2009",out,0,1 Bundesliga,2009,2009/2010
Hannover 96,Didier Ya Konan,25,Centre-Forward,Rosenborg BK,£495k,in,0.495,1 Bundesliga,2009,2009/2010
Hannover 96,Arouna Koné,26,Centre-Forward,Sevilla FC,Loan fee:£450k,in,0.45,1 Bundesliga,2009,2009/2010
Hannover 96,Constant Djakpa,22,Left-Back,Bay. Leverkusen,Loan fee:£360k,in,0.36,1 Bundesliga,2009,2009/2010
Hannover 96,Jan Durica,28,Centre-Back,Loko Moscow,Loan fee:£270k,in,0.27,1 Bundesliga,2009,2009/2010
Hannover 96,Élson,28,Attacking Midfield,VfB Stuttgart,Loan fee:£270k,in,0.27,1 Bundesliga,2009,2009/2010
Hannover 96,Karim Haggui,25,Centre-Back,Bay. Leverkusen,Free Transfer,in,0,1 Bundesliga,2009,2009/2010
Hannover 96,Valdet Rama,21,Left Winger,FC Ingolstadt,Free Transfer,in,0,1 Bundesliga,2009,2009/2010
Hannover 96,Sofian Chahed,26,Right-Back,Hertha BSC,Free Transfer,in,0,1 Bundesliga,2009,2009/2010
Hannover 96,Manuel Schmiedebach,20,Defensive Midfield,Hannover 96 II,-,in,0,1 Bundesliga,2009,2009/2010
Hannover 96,Chavdar Yankov,25,Central Midfield,MSV Duisburg,"End of loanDec 1, 2009",in,0,1 Bundesliga,2009,2009/2010
Hannover 96,Sofien Chahed,19,Defensive Midfield,Hannover 96 II,-,in,0,1 Bundesliga,2009,2009/2010
Hannover 96,Uwe Gospodarek,36,Goalkeeper,Without Club,-,in,0,1 Bundesliga,2009,2009/2010
Hannover 96,Chavdar Yankov,25,Central Midfield,Metalurh D.,£540k,out,0.54,1 Bundesliga,2009,2009/2010
Hannover 96,Bastian Schulz,23,Defensive Midfield,1.FC K'lautern,£90k,out,0.09,1 Bundesliga,2009,2009/2010
Hannover 96,Chavdar Yankov,25,Central Midfield,MSV Duisburg,Loan fee:£90k,out,0.09,1 Bundesliga,2009,2009/2010
Hannover 96,Frank Fahrenhorst,31,Centre-Back,MSV Duisburg,Free Transfer,out,0,1 Bundesliga,2009,2009/2010
Hannover 96,Gaetan Krebs,23,Central Midfield,Karlsruher SC,Free Transfer,out,0,1 Bundesliga,2009,2009/2010
Hannover 96,Michael Tarnat,39,Left-Back,Retired,-,out,0,1 Bundesliga,2009,2009/2010
Hannover 96,Valérien Ismaël,33,Centre-Back,Retired,-,out,0,1 Bundesliga,2009,2009/2010
1. FC Köln,Lukas Podolski,24,Second Striker,Bayern Munich,£9.00m,in,9,1 Bundesliga,2009,2009/2010
1. FC Köln,Christopher Schorch,20,Centre-Back,RM Castilla,£900k,in,0.9,1 Bundesliga,2009,2009/2010
1. FC Köln,Zoran Tosic,22,Right Winger,Man Utd,Loan fee:£450k,in,0.45,1 Bundesliga,2009,2009/2010
1. FC Köln,Sebastian Freis,24,Centre-Forward,Karlsruher SC,Free Transfer,in,0,1 Bundesliga,2009,2009/2010
1. FC Köln,Maniche,31,Central Midfield,Atlético Madrid,Free Transfer,in,0,1 Bundesliga,2009,2009/2010
1. FC Köln,Lukas Nottbeck,20,Defensive Midfield,1.FC Köln II,-,in,0,1 Bundesliga,2009,2009/2010
1. FC Köln,Adam Matuschyk,20,Defensive Midfield,1.FC Köln II,-,in,0,1 Bundesliga,2009,2009/2010
1. FC Köln,José Pierre Vunguidica,19,Left Winger,1.FC Köln U19,-,in,0,1 Bundesliga,2009,2009/2010
1. FC Köln,Stephan Salger,19,Centre-Back,1.FC Köln U19,-,in,0,1 Bundesliga,2009,2009/2010
1. FC Köln,Sebastian Zielinsky,21,Right Midfield,1.FC Köln II,-,in,0,1 Bundesliga,2009,2009/2010
1. FC Köln,Alexander Vaaßen,18,Right-Back,1.FC Köln II,-,in,0,1 Bundesliga,2009,2009/2010
1. FC Köln,Derek Boateng,26,Defensive Midfield,Getafe,£675k,out,0.675,1 Bundesliga,2009,2009/2010
1. FC Köln,Wilfried Sanou,25,Left Winger,Urawa Reds,Loan fee:£90k,out,0.09,1 Bundesliga,2009,2009/2010
1. FC Köln,Marvin Matip,24,Centre-Back,Karlsruher SC,Loan fee:£45k,out,0.045,1 Bundesliga,2009,2009/2010
1. FC Köln,Nemanja Vucicevic,29,Left Winger,Hapoel Tel Aviv,Free Transfer,out,0,1 Bundesliga,2009,2009/2010
1. FC Köln,Michael Gardawski,19,Right-Back,Carl Zeiss Jena,Loan,out,0,1 Bundesliga,2009,2009/2010
1. FC Köln,Thomas Broich,28,Attacking Midfield,1.FC Nuremberg,Free Transfer,out,0,1 Bundesliga,2009,2009/2010
1. FC Köln,Lukas Nottbeck,21,Defensive Midfield,B. Dortmund II,Loan,out,0,1 Bundesliga,2009,2009/2010
1. FC Köln,Matthias Scherz,37,Centre-Forward,Career break,-,out,0,1 Bundesliga,2009,2009/2010
1. FC Köln,Sergiu Radu,31,Centre-Forward,VfL Wolfsburg,"End of loanJun 30, 2009",out,0,1 Bundesliga,2009,2009/2010
Eintracht Frankfurt,Maik Franz,27,Centre-Back,Karlsruher SC,£675k,in,0.675,1 Bundesliga,2009,2009/2010
Eintracht Frankfurt,Pirmin Schwegler,22,Defensive Midfield,Bay. Leverkusen,£450k,in,0.45,1 Bundesliga,2009,2009/2010
Eintracht Frankfurt,Ricardo Clark,26,Central Midfield,Houston,Free Transfer,in,0,1 Bundesliga,2009,2009/2010
Eintracht Frankfurt,Ralf Fährmann,20,Goalkeeper,FC Schalke 04,Free Transfer,in,0,1 Bundesliga,2009,2009/2010
Eintracht Frankfurt,Halil Altintop,27,Attacking Midfield,FC Schalke 04,Free Transfer,in,0,1 Bundesliga,2009,2009/2010
Eintracht Frankfurt,Selim Teber,28,Central Midfield,TSG Hoffenheim,Free Transfer,in,0,1 Bundesliga,2009,2009/2010
Eintracht Frankfurt,Marcos Álvarez,17,Second Striker,E. Frankfurt II,-,in,0,1 Bundesliga,2009,2009/2010
Eintracht Frankfurt,Juvhel Tsoumou,18,Centre-Forward,E. Frankfurt II,-,in,0,1 Bundesliga,2009,2009/2010
Eintracht Frankfurt,Sebastian Jung,19,Right-Back,E. Frankfurt II,-,in,0,1 Bundesliga,2009,2009/2010
Eintracht Frankfurt,Habib Bellaid,23,Centre-Back,R. Strasbourg,"End of loanDec 31, 2009",in,0,1 Bundesliga,2009,2009/2010
Eintracht Frankfurt,Cenk Tosun,18,Centre-Forward,Frankfurt U19,-,in,0,1 Bundesliga,2009,2009/2010
Eintracht Frankfurt,Marcel Titsch Rivero,19,Central Midfield,E. Frankfurt II,-,in,0,1 Bundesliga,2009,2009/2010
Eintracht Frankfurt,Marcel Heller,23,Right Midfield,MSV Duisburg,"End of loanJun 30, 2009",in,0,1 Bundesliga,2009,2009/2010
Eintracht Frankfurt,Habib Bellaid,23,Centre-Back,R. Strasbourg,Loan fee:£225k,out,0.225,1 Bundesliga,2009,2009/2010
Eintracht Frankfurt,Kreso Ljubicic,20,Central Midfield,Hajduk Split,£180k,out,0.18,1 Bundesliga,2009,2009/2010
Eintracht Frankfurt,Habib Bellaid,23,Centre-Back,US Boulogne,Loan fee:£135k,out,0.135,1 Bundesliga,2009,2009/2010
Eintracht Frankfurt,Mehdi Mahdavikia,32,Right Midfield,Steel Azin,Free Transfer,out,0,1 Bundesliga,2009,2009/2010
Eintracht Frankfurt,Michael Fink,27,Defensive Midfield,Besiktas,Free Transfer,out,0,1 Bundesliga,2009,2009/2010
Eintracht Frankfurt,Alexander Dercho,22,Left-Back,VfL Osnabrück,Loan,out,0,1 Bundesliga,2009,2009/2010
Eintracht Frankfurt,Markus Steinhöfer,23,Right-Back,1.FC K'lautern,Loan,out,0,1 Bundesliga,2009,2009/2010
Eintracht Frankfurt,Junichi Inamoto,29,Defensive Midfield,Stade Rennais,Free Transfer,out,0,1 Bundesliga,2009,2009/2010
Eintracht Frankfurt,Christoph Preuß,28,Defensive Midfield,Retired,-,out,0,1 Bundesliga,2009,2009/2010
Eintracht Frankfurt,Léonard Kweuke,21,Centre-Forward,Dunajska Streda,"End of loanJun 30, 2009",out,0,1 Bundesliga,2009,2009/2010
Borussia Mönchengladbach,Raúl Bobadilla,22,Centre-Forward,Grasshoppers,£3.78m,in,3.78,1 Bundesliga,2009,2009/2010
Borussia Mönchengladbach,Juan Arango,29,Left Midfield,RCD Mallorca,£3.24m,in,3.24,1 Bundesliga,2009,2009/2010
Borussia Mönchengladbach,Marcel Meeuwis,28,Defensive Midfield,Roda JC,£1.53m,in,1.53,1 Bundesliga,2009,2009/2010
Borussia Mönchengladbach,Marco Reus,20,Attacking Midfield,Rot Weiss Ahlen,£900k,in,0.9,1 Bundesliga,2009,2009/2010
Borussia Mönchengladbach,Roman Neustädter,21,Centre-Back,1.FSV Mainz 05,Free Transfer,in,0,1 Bundesliga,2009,2009/2010
Borussia Mönchengladbach,Thorben Marx,28,Defensive Midfield,Arm. Bielefeld,Free Transfer,in,0,1 Bundesliga,2009,2009/2010
Borussia Mönchengladbach,Tony Jantschke,19,Centre-Back,M'gladbach U19,-,in,0,1 Bundesliga,2009,2009/2010
Borussia Mönchengladbach,Fabian Bäcker,19,Right Winger,M'gladbach U19,-,in,0,1 Bundesliga,2009,2009/2010
Borussia Mönchengladbach,Sebastian Svärd,26,Defensive Midfield,Hansa Rostock,"End of loanJun 30, 2009",in,0,1 Bundesliga,2009,2009/2010
Borussia Mönchengladbach,Marcel Ndjeng,27,Right Midfield,Hamburger SV,"End of loanJun 30, 2009",in,0,1 Bundesliga,2009,2009/2010
Borussia Mönchengladbach,Marko Marin,20,Attacking Midfield,Werder Bremen,£7.38m,out,7.38,1 Bundesliga,2009,2009/2010
Borussia Mönchengladbach,Johannes van den Bergh,22,Left-Back,F. Düsseldorf,£90k,out,0.09,1 Bundesliga,2009,2009/2010
Borussia Mönchengladbach,Marcel Ndjeng,27,Right Midfield,FC Augsburg,£45k,out,0.045,1 Bundesliga,2009,2009/2010
Borussia Mönchengladbach,Tomás Galásek,36,Defensive Midfield,FSV Erlangen-B.,Free Transfer,out,0,1 Bundesliga,2009,2009/2010
Borussia Mönchengladbach,Steve Gohouri,28,Centre-Back,Wigan,Free Transfer,out,0,1 Bundesliga,2009,2009/2010
Borussia Mönchengladbach,Soumaila Coulibaly,31,Attacking Midfield,FSV Frankfurt,Free Transfer,out,0,1 Bundesliga,2009,2009/2010
Borussia Mönchengladbach,Patrick Paauwe,33,Centre-Back,VVV-Venlo,Free Transfer,out,0,1 Bundesliga,2009,2009/2010
Borussia Mönchengladbach,Alexander Baumjohann,22,Attacking Midfield,Bayern Munich,Free Transfer,out,0,1 Bundesliga,2009,2009/2010
Borussia Mönchengladbach,Sebastian Svärd,26,Defensive Midfield,Roda JC,Free Transfer,out,0,1 Bundesliga,2009,2009/2010
Borussia Mönchengladbach,Sharbel Touma,30,Attacking Midfield,Iraklis,Free Transfer,out,0,1 Bundesliga,2009,2009/2010
Borussia Mönchengladbach,Sebastian Schachten,24,Right-Back,SC Paderborn,Loan fee:£45k,out,0.045,1 Bundesliga,2009,2009/2010
SC Freiburg,Papiss Demba Cissé,24,Centre-Forward,FC Metz,£1.35m,in,1.35,1 Bundesliga,2009,2009/2010
SC Freiburg,Cédric Makiadi,25,Central Midfield,VfL Wolfsburg,£810k,in,0.81,1 Bundesliga,2009,2009/2010
SC Freiburg,Mensur Mujdza,25,Right-Back,NK Zagreb,£450k,in,0.45,1 Bundesliga,2009,2009/2010
SC Freiburg,Felix Bastians,21,Centre-Back,BSC Young Boys,£225k,in,0.225,1 Bundesliga,2009,2009/2010
SC Freiburg,Manuel Salz,23,Goalkeeper,Stuttg. Kickers,Free Transfer,in,0,1 Bundesliga,2009,2009/2010
SC Freiburg,Stefan Reisinger,27,Centre-Forward,Greuther Fürth,Free Transfer,in,0,1 Bundesliga,2009,2009/2010
SC Freiburg,Du-ri Cha,28,Right-Back,TuS Koblenz,Free Transfer,in,0,1 Bundesliga,2009,2009/2010
SC Freiburg,Daniel Caligiuri,21,Right Midfield,SC Freiburg II,-,in,0,1 Bundesliga,2009,2009/2010
SC Freiburg,Jackson Mendy,22,Centre-Back,SC Freiburg II,-,in,0,1 Bundesliga,2009,2009/2010
SC Freiburg,Hamed Namouchi,25,Attacking Midfield,Without Club,-,in,0,1 Bundesliga,2009,2009/2010
SC Freiburg,Oliver Baumann,19,Goalkeeper,SC Freiburg U19,-,in,0,1 Bundesliga,2009,2009/2010
SC Freiburg,Manuel Konrad,21,Defensive Midfield,Unterhaching,"End of loanJun 30, 2009",in,0,1 Bundesliga,2009,2009/2010
SC Freiburg,Daniel Schwaab,20,Centre-Back,Bay. Leverkusen,£225k,out,0.225,1 Bundesliga,2009,2009/2010
SC Freiburg,Kevin Schlitte,27,Right-Back,Hansa Rostock,£108k,out,0.108,1 Bundesliga,2009,2009/2010
SC Freiburg,Michael Müller,19,Goalkeeper,Saarbrücken,Loan,out,0,1 Bundesliga,2009,2009/2010
SC Freiburg,Ali Günes,30,Central Midfield,Kasimpasa,Free Transfer,out,0,1 Bundesliga,2009,2009/2010
SC Freiburg,Manuel Konrad,21,Defensive Midfield,Unterhaching,Free Transfer,out,0,1 Bundesliga,2009,2009/2010
SC Freiburg,Alain Junior Ollé Ollé,22,Left Midfield,Rot Weiss Ahlen,Loan,out,0,1 Bundesliga,2009,2009/2010
SC Freiburg,Andreas Glockner,21,Defensive Midfield,TuS Koblenz,Loan fee:£36k,out,0.036,1 Bundesliga,2009,2009/2010
SC Freiburg,Eke Uzoma,20,Left-Back,1860 Munich,Loan fee:£32k,out,0.032,1 Bundesliga,2009,2009/2010
SC Freiburg,Maximilian Mehring,23,Central Midfield,Without Club,-,out,0,1 Bundesliga,2009,2009/2010
SC Freiburg,Vitali Rodionov,25,Centre-Forward,BATE Borisov,"End of loanJun 30, 2009",out,0,1 Bundesliga,2009,2009/2010
1.FSV Mainz 05,Andreas Ivanschitz,25,Attacking Midfield,Panathinaikos,Loan fee:£1.35m,in,1.35,1 Bundesliga,2009,2009/2010
1.FSV Mainz 05,Malik Fathi,26,Central Midfield,Spartak Moscow,Loan fee:£900k,in,0.9,1 Bundesliga,2009,2009/2010
1.FSV Mainz 05,Eugen Polanski,23,Defensive Midfield,Getafe,Loan fee:£360k,in,0.36,1 Bundesliga,2009,2009/2010
1.FSV Mainz 05,Heinz Müller,31,Goalkeeper,Barnsley FC,£270k,in,0.27,1 Bundesliga,2009,2009/2010
1.FSV Mainz 05,Ádám Szalai,22,Centre-Forward,RM Castilla,Loan fee:£180k,in,0.18,1 Bundesliga,2009,2009/2010
1.FSV Mainz 05,Jan Simak,31,Attacking Midfield,VfB Stuttgart,£90k,in,0.09,1 Bundesliga,2009,2009/2010
1.FSV Mainz 05,Jared Jeffrey,19,Central Midfield,Club Brugge,£68k,in,0.068,1 Bundesliga,2009,2009/2010
1.FSV Mainz 05,Radoslav Zabavnik,29,Left-Back,Terek Grozny,Free Transfer,in,0,1 Bundesliga,2009,2009/2010
1.FSV Mainz 05,Filip Trojan,26,Left Winger,FC St. Pauli,Free Transfer,in,0,1 Bundesliga,2009,2009/2010
1.FSV Mainz 05,Gamal Hamza,27,Centre-Forward,Zamalek,£23k,in,0.023,1 Bundesliga,2009,2009/2010
1.FSV Mainz 05,Pierre Kleinheider,19,Goalkeeper,FSV Mainz 05 II,-,in,0,1 Bundesliga,2009,2009/2010
1.FSV Mainz 05,Jan Kirchhoff,18,Defensive Midfield,Mainz 05 U19,-,in,0,1 Bundesliga,2009,2009/2010
1.FSV Mainz 05,André Schürrle,18,Left Winger,Mainz 05 U19,-,in,0,1 Bundesliga,2009,2009/2010
1.FSV Mainz 05,Srdjan Baljak,31,Second Striker,MSV Duisburg,£135k,out,0.135,1 Bundesliga,2009,2009/2010
1.FSV Mainz 05,Daniel Gunkel,29,Defensive Midfield,TuS Koblenz,£45k,out,0.045,1 Bundesliga,2009,2009/2010
1.FSV Mainz 05,Peter Van der Heyden,33,Left-Back,Club Brugge,Free Transfer,out,0,1 Bundesliga,2009,2009/2010
1.FSV Mainz 05,Roman Neustädter,21,Centre-Back,Bor. M'gladbach,Free Transfer,out,0,1 Bundesliga,2009,2009/2010
1.FSV Mainz 05,Delron Buckley,31,Left Winger,Anorthosis,Free Transfer,out,0,1 Bundesliga,2009,2009/2010
1.FSV Mainz 05,Milorad Pekovic,32,Defensive Midfield,Greuther Fürth,Free Transfer,out,0,1 Bundesliga,2009,2009/2010
1.FSV Mainz 05,Robert Fleßers,22,Defensive Midfield,FC Ingolstadt,Free Transfer,out,0,1 Bundesliga,2009,2009/2010
1.FSV Mainz 05,Christian Demirtas,25,Right-Back,Karlsruher SC,Free Transfer,out,0,1 Bundesliga,2009,2009/2010
1.FSV Mainz 05,Markus Feulner,27,Central Midfield,Bor. Dortmund,Free Transfer,out,0,1 Bundesliga,2009,2009/2010
1.FSV Mainz 05,Mario Vrancic,20,Central Midfield,Rot Weiss Ahlen,Loan,out,0,1 Bundesliga,2009,2009/2010
1.FSV Mainz 05,Gamal Hamza,27,Centre-Forward,Without Club,-,out,0,1 Bundesliga,2009,2009/2010
1.FSV Mainz 05,Daniel Ischdonat,33,Goalkeeper,Without Club,-,out,0,1 Bundesliga,2009,2009/2010
1.FC Nuremberg,Mickaël Tavares,27,Defensive Midfield,Hamburger SV,Loan fee:£225k,in,0.225,1 Bundesliga,2009,2009/2010
1.FC Nuremberg,Havard Nordtveit,19,Defensive Midfield,Arsenal Res.,Loan fee:£135k,in,0.135,1 Bundesliga,2009,2009/2010
1.FC Nuremberg,Eric Maxim Choupo-Moting,20,Centre-Forward,Hamburger SV,Loan fee:£45k,in,0.045,1 Bundesliga,2009,2009/2010
1.FC Nuremberg,Breno,20,Centre-Back,Bayern Munich,Loan,in,0,1 Bundesliga,2009,2009/2010
1.FC Nuremberg,Güngör Kaya,19,Centre-Forward,VfL Bochum U19,Free Transfer,in,0,1 Bundesliga,2009,2009/2010
1.FC Nuremberg,Andreas Ottl,24,Defensive Midfield,Bayern Munich,Loan,in,0,1 Bundesliga,2009,2009/2010
1.FC Nuremberg,Tomasz Welnicki,19,Centre-Back,VfL Bochum U19,Free Transfer,in,0,1 Bundesliga,2009,2009/2010
1.FC Nuremberg,Thomas Broich,28,Attacking Midfield,1. FC Köln,Free Transfer,in,0,1 Bundesliga,2009,2009/2010
1.FC Nuremberg,Manuel Stiefler,21,Central Midfield,Nuremberg II,-,in,0,1 Bundesliga,2009,2009/2010
1.FC Nuremberg,Jonatan Kotzke,19,Centre-Back,Nuremberg II,-,in,0,1 Bundesliga,2009,2009/2010
1.FC Nuremberg,Angelos Charisteas,29,Centre-Forward,Bay. Leverkusen,"End of loanJun 30, 2009",in,0,1 Bundesliga,2009,2009/2010
1.FC Nuremberg,Mario Breska,29,Right Winger,En. Paralimni,"End of loanJun 1, 2009",in,0,1 Bundesliga,2009,2009/2010
1.FC Nuremberg,Peer Kluge,29,Defensive Midfield,FC Schalke 04,£1.35m,out,1.35,1 Bundesliga,2009,2009/2010
1.FC Nuremberg,Matthew Spiranovic,21,Centre-Back,Urawa Reds,Loan fee:£405k,out,0.405,1 Bundesliga,2009,2009/2010
1.FC Nuremberg,Mario Breska,29,Right Winger,APOEL Nicosia,£180k,out,0.18,1 Bundesliga,2009,2009/2010
1.FC Nuremberg,Dominik Reinhardt,24,Right-Back,FC Augsburg,Loan fee:£90k,out,0.09,1 Bundesliga,2009,2009/2010
1.FC Nuremberg,Dario Vidosic,22,Attacking Midfield,MSV Duisburg,Loan fee:£90k,out,0.09,1 Bundesliga,2009,2009/2010
1.FC Nuremberg,Aleksandar Mitreski,28,Centre-Back,FC Sion,Free Transfer,out,0,1 Bundesliga,2009,2009/2010
1.FC Nuremberg,Peter Perchtold,25,Defensive Midfield,Nuremberg II,-,out,0,1 Bundesliga,2009,2009/2010
1.FC Nuremberg,Güngör Kaya,19,Centre-Forward,Nuremberg II,-,out,0,1 Bundesliga,2009,2009/2010
1.FC Nuremberg,Tomasz Welnicki,19,Centre-Back,Nuremberg II,-,out,0,1 Bundesliga,2009,2009/2010
1.FC Nuremberg,Michael Kammermeyer,23,Centre-Back,Nuremberg II,-,out,0,1 Bundesliga,2009,2009/2010
1.FC Nuremberg,Stefan Reinartz,20,Defensive Midfield,Bay. Leverkusen,"End of loanJun 30, 2009",out,0,1 Bundesliga,2009,2009/2010
1.FC Nuremberg,José Goncalves,23,Centre-Back,Heart of Midl.,"End of loanJun 30, 2009",out,0,1 Bundesliga,2009,2009/2010
