club_name,player_name,age,position,club_involved_name,fee,transfer_movement,fee_cleaned,league_name,year,season
Atlético Madrid,Josuha Guilavogui,22,Defensive Midfield,Saint-Étienne,£9.00m,in,9,Primera Division,2013,2013/2014
Atlético Madrid,Toby Alderweireld,24,Centre-Back,Ajax,£6.30m,in,6.3,Primera Division,2013,2013/2014
Atlético Madrid,Leo Baptistão,20,Right Winger,Rayo Vallecano,£6.30m,in,6.3,Primera Division,2013,2013/2014
Atlético Madrid,Roberto,27,Goalkeeper,Benfica,£5.40m,in,5.4,Primera Division,2013,2013/2014
Atlético Madrid,David Villa,31,Centre-Forward,FC Barcelona,£1.89m,in,1.89,Primera Division,2013,2013/2014
Atlético Madrid,Diego,28,Attacking Midfield,VfL Wolfsburg,£1.35m,in,1.35,Primera Division,2013,2013/2014
Atlético Madrid,José Sosa,28,Central Midfield,Metalist,Loan fee:£1.35m,in,1.35,Primera Division,2013,2013/2014
Atlético Madrid,José Giménez,18,Centre-Back,Danubio FC,£810k,in,0.81,Primera Division,2013,2013/2014
Atlético Madrid,Daniel Aranzubia,33,Goalkeeper,Dep. La Coruña,Free Transfer,in,0,Primera Division,2013,2013/2014
Atlético Madrid,Martín Demichelis,32,Centre-Back,Málaga CF,Free Transfer,in,0,Primera Division,2013,2013/2014
Atlético Madrid,Óliver Torres,18,Central Midfield,Atl. Madrid B,-,in,0,Primera Division,2013,2013/2014
Atlético Madrid,Javier Manquillo,19,Right-Back,Atl. Madrid B,-,in,0,Primera Division,2013,2013/2014
Atlético Madrid,Saúl Ñíguez,18,Central Midfield,Atl. Madrid B,-,in,0,Primera Division,2013,2013/2014
Atlético Madrid,Rubén Pérez,24,Defensive Midfield,Real Betis,"End of loanJun 30, 2013",in,0,Primera Division,2013,2013/2014
Atlético Madrid,Leandro Cabrera,22,Centre-Back,Hércules CF,"End of loanJun 30, 2013",in,0,Primera Division,2013,2013/2014
Atlético Madrid,Joel Robles,23,Goalkeeper,Wigan,"End of loanJun 30, 2013",in,0,Primera Division,2013,2013/2014
Atlético Madrid,Rúben Micael,26,Attacking Midfield,Braga,"End of loanJun 30, 2013",in,0,Primera Division,2013,2013/2014
Atlético Madrid,Sílvio,25,Right-Back,Dep. La Coruña,"End of loanJun 30, 2013",in,0,Primera Division,2013,2013/2014
Atlético Madrid,Pizzi,23,Right Midfield,Dep. La Coruña,"End of loanJun 30, 2013",in,0,Primera Division,2013,2013/2014
Atlético Madrid,Borja Bastón,20,Centre-Forward,SD Huesca,"End of loanJun 30, 2013",in,0,Primera Division,2013,2013/2014
Atlético Madrid,Falcao,27,Centre-Forward,Monaco,£38.70m,out,38.7,Primera Division,2013,2013/2014
Atlético Madrid,Pizzi,23,Right Midfield,Benfica,£12.60m,out,12.6,Primera Division,2013,2013/2014
Atlético Madrid,Martín Demichelis,32,Centre-Back,Man City,£4.50m,out,4.5,Primera Division,2013,2013/2014
Atlético Madrid,Joel Robles,23,Goalkeeper,Everton,£3.60m,out,3.6,Primera Division,2013,2013/2014
Atlético Madrid,Rúben Micael,26,Attacking Midfield,Braga,£2.70m,out,2.7,Primera Division,2013,2013/2014
Atlético Madrid,Leo Baptistão,21,Right Winger,Real Betis,Loan fee:£1.44m,out,1.44,Primera Division,2013,2013/2014
Atlético Madrid,Jorge Pulido,22,Centre-Back,RM Castilla,Free Transfer,out,0,Primera Division,2013,2013/2014
Atlético Madrid,Borja Bastón,21,Centre-Forward,Dep. La Coruña,Loan,out,0,Primera Division,2013,2013/2014
Atlético Madrid,Josuha Guilavogui,23,Defensive Midfield,Saint-Étienne,Loan,out,0,Primera Division,2013,2013/2014
Atlético Madrid,Leandro Cabrera,22,Centre-Back,RM Castilla,Free Transfer,out,0,Primera Division,2013,2013/2014
Atlético Madrid,Domingo Cisma,31,Left-Back,Elche CF,Free Transfer,out,0,Primera Division,2013,2013/2014
Atlético Madrid,Cata Díaz,34,Centre-Back,Boca Juniors,Free Transfer,out,0,Primera Division,2013,2013/2014
Atlético Madrid,Roberto,27,Goalkeeper,Olympiacos,Loan,out,0,Primera Division,2013,2013/2014
Atlético Madrid,Sílvio,25,Right-Back,Benfica,Loan,out,0,Primera Division,2013,2013/2014
Atlético Madrid,Rubén Pérez,24,Defensive Midfield,Elche CF,Loan,out,0,Primera Division,2013,2013/2014
Atlético Madrid,Sergio Asenjo,24,Goalkeeper,Villarreal,Loan,out,0,Primera Division,2013,2013/2014
Atlético Madrid,Saúl Ñíguez,18,Central Midfield,Rayo Vallecano,Loan,out,0,Primera Division,2013,2013/2014
Atlético Madrid,Óliver Torres,19,Central Midfield,Villarreal,Loan,out,0,Primera Division,2013,2013/2014
FC Barcelona,Neymar,21,Left Winger,Santos FC,£79.38m,in,79.38,Primera Division,2013,2013/2014
FC Barcelona,Bojan Krkic,22,Second Striker,AS Roma,£11.70m,in,11.7,Primera Division,2013,2013/2014
FC Barcelona,Oier Olazábal,23,Goalkeeper,FC Barcelona B,-,in,0,Primera Division,2013,2013/2014
FC Barcelona,Sergi Roberto,21,Right-Back,FC Barcelona B,-,in,0,Primera Division,2013,2013/2014
FC Barcelona,Gerard Deulofeu,19,Right Winger,FC Barcelona B,-,in,0,Primera Division,2013,2013/2014
FC Barcelona,Rafinha,20,Central Midfield,FC Barcelona B,-,in,0,Primera Division,2013,2013/2014
FC Barcelona,Isaac Cuenca,22,Right Midfield,Ajax,"End of loanJun 30, 2013",in,0,Primera Division,2013,2013/2014
FC Barcelona,Andreu Fontàs,23,Centre-Back,RCD Mallorca,"End of loanJun 30, 2013",in,0,Primera Division,2013,2013/2014
FC Barcelona,Ibrahim Afellay,27,Left Midfield,FC Schalke 04,"End of loanJun 30, 2013",in,0,Primera Division,2013,2013/2014
FC Barcelona,Thiago,22,Central Midfield,Bayern Munich,£22.50m,out,22.5,Primera Division,2013,2013/2014
FC Barcelona,David Villa,31,Centre-Forward,Atlético Madrid,£1.89m,out,1.89,Primera Division,2013,2013/2014
FC Barcelona,Andreu Fontàs,23,Centre-Back,Celta de Vigo,£900k,out,0.9,Primera Division,2013,2013/2014
FC Barcelona,Éric Abidal,33,Left-Back,Monaco,Free Transfer,out,0,Primera Division,2013,2013/2014
FC Barcelona,Rafinha,20,Central Midfield,Celta de Vigo,Loan,out,0,Primera Division,2013,2013/2014
FC Barcelona,Bojan Krkic,22,Second Striker,Ajax,Loan,out,0,Primera Division,2013,2013/2014
FC Barcelona,Gerard Deulofeu,19,Right Winger,Everton,Loan,out,0,Primera Division,2013,2013/2014
Real Betis Balompié,Xavi Torres,26,Defensive Midfield,Getafe,£2.52m,in,2.52,Primera Division,2013,2013/2014
Real Betis Balompié,Leo Baptistão,21,Right Winger,Atlético Madrid,Loan fee:£1.44m,in,1.44,Primera Division,2013,2013/2014
Real Betis Balompié,Braian Rodríguez,26,Centre-Forward,Huachipato FC,£900k,in,0.9,Primera Division,2013,2013/2014
Real Betis Balompié,Lorenzo Reyes,22,Defensive Midfield,Huachipato FC,£810k,in,0.81,Primera Division,2013,2013/2014
Real Betis Balompié,Chuli,22,Centre-Forward,Recr. Huelva,£540k,in,0.54,Primera Division,2013,2013/2014
Real Betis Balompié,Jordi Figueras,26,Centre-Back,Club Brugge,£270k,in,0.27,Primera Division,2013,2013/2014
Real Betis Balompié,Guillermo Sara,25,Goalkeeper,Rafaela,Loan fee:£225k,in,0.225,Primera Division,2013,2013/2014
Real Betis Balompié,Vincenzo Rennella,24,Centre-Forward,Genoa,Free Transfer,in,0,Primera Division,2013,2013/2014
Real Betis Balompié,Juanfran,24,Right-Back,RM Castilla,Free Transfer,in,0,Primera Division,2013,2013/2014
Real Betis Balompié,Antonio Adán,26,Goalkeeper,Cagliari Calcio,Free Transfer,in,0,Primera Division,2013,2013/2014
Real Betis Balompié,Markus Steinhöfer,27,Right-Back,FC Basel,Free Transfer,in,0,Primera Division,2013,2013/2014
Real Betis Balompié,Stephan Andersen,31,Goalkeeper,Évian,Free Transfer,in,0,Primera Division,2013,2013/2014
Real Betis Balompié,Cedrick,21,Left Winger,CD Numancia,Free Transfer,in,0,Primera Division,2013,2013/2014
Real Betis Balompié,Joan Verdú,30,Attacking Midfield,Espanyol,Free Transfer,in,0,Primera Division,2013,2013/2014
Real Betis Balompié,Alfred N'Diaye,23,Defensive Midfield,Sunderland,Loan,in,0,Primera Division,2013,2013/2014
Real Betis Balompié,Dídac Vilà,24,Left-Back,AC Milan,Loan,in,0,Primera Division,2013,2013/2014
Real Betis Balompié,Eder Vilarchao,23,Attacking Midfield,Betis B,-,in,0,Primera Division,2013,2013/2014
Real Betis Balompié,Salvador Agra,22,Right Winger,Braga,"End of loanDec 31, 2013",in,0,Primera Division,2013,2013/2014
Real Betis Balompié,Nono,20,Central Midfield,Betis B,-,in,0,Primera Division,2013,2013/2014
Real Betis Balompié,Ezequiel Calvente,22,Right Winger,SC Freiburg,"End of loanJun 30, 2013",in,0,Primera Division,2013,2013/2014
Real Betis Balompié,Salvador Agra,21,Right Winger,Siena,"End of loanJun 30, 2013",in,0,Primera Division,2013,2013/2014
Real Betis Balompié,Jonathan Pereira,26,Centre-Forward,Villarreal,"End of loanJun 30, 2013",in,0,Primera Division,2013,2013/2014
Real Betis Balompié,Javier Matilla,25,Central Midfield,Real Murcia,"End of loanJun 30, 2013",in,0,Primera Division,2013,2013/2014
Real Betis Balompié,Beñat Etxebarria,26,Central Midfield,Athletic,£7.20m,out,7.2,Primera Division,2013,2013/2014
Real Betis Balompié,Alejandro Pozuelo,21,Attacking Midfield,Swansea,£450k,out,0.45,Primera Division,2013,2013/2014
Real Betis Balompié,Markus Steinhöfer,27,Right-Back,1860 Munich,£72k,out,0.072,Primera Division,2013,2013/2014
Real Betis Balompié,Salvador Agra,21,Right Winger,Braga,Loan,out,0,Primera Division,2013,2013/2014
Real Betis Balompié,Fabri,25,Goalkeeper,Dep. La Coruña,Free Transfer,out,0,Primera Division,2013,2013/2014
Real Betis Balompié,José Alberto Cañas,26,Defensive Midfield,Swansea,Free Transfer,out,0,Primera Division,2013,2013/2014
Real Betis Balompié,Casto,31,Goalkeeper,Real Murcia,Free Transfer,out,0,Primera Division,2013,2013/2014
Real Betis Balompié,Mario Álvarez,31,Centre-Back,FC Baku,Free Transfer,out,0,Primera Division,2013,2013/2014
Real Betis Balompié,Ángel López,32,Right-Back,UD Las Palmas,Free Transfer,out,0,Primera Division,2013,2013/2014
Real Betis Balompié,Vincenzo Rennella,24,Centre-Forward,CD Lugo,Loan,out,0,Primera Division,2013,2013/2014
Real Betis Balompié,Adrián,26,Goalkeeper,West Ham,Free Transfer,out,0,Primera Division,2013,2013/2014
Real Betis Balompié,Ezequiel Calvente,22,Right Winger,Recr. Huelva,Loan,out,0,Primera Division,2013,2013/2014
Real Betis Balompié,Salvador Agra,22,Right Winger,Coimbra,Loan,out,0,Primera Division,2013,2013/2014
Real Betis Balompié,Jonathan Pereira,26,Centre-Forward,Villarreal,?,out,NA,Primera Division,2013,2013/2014
Real Betis Balompié,Álex Martínez,23,Left-Back,Real Murcia,Loan,out,0,Primera Division,2013,2013/2014
Real Betis Balompié,Stephan Andersen,32,Goalkeeper,Go Ahead Eagles,Loan,out,0,Primera Division,2013,2013/2014
Real Betis Balompié,Rubén Pérez,24,Defensive Midfield,Atlético Madrid,"End of loanJun 30, 2013",out,0,Primera Division,2013,2013/2014
Real Betis Balompié,Dorlan Pabón,25,Right Winger,Parma,"End of loanJun 30, 2013",out,0,Primera Division,2013,2013/2014
Real Betis Balompié,Guillermo Molins,24,Centre-Forward,RSC Anderlecht,"End of loanJun 30, 2013",out,0,Primera Division,2013,2013/2014
Real Betis Balompié,Joel Campbell,21,Right Winger,Arsenal,"End of loanJun 30, 2013",out,0,Primera Division,2013,2013/2014
CA Osasuna,Miguel de las Cuevas,27,Right Winger,Sporting Gijón,£1.08m,in,1.08,Primera Division,2013,2013/2014
CA Osasuna,Francisco Silva,27,Defensive Midfield,CDUC,£1.08m,in,1.08,Primera Division,2013,2013/2014
CA Osasuna,Oriol Riera,27,Centre-Forward,Alcorcón,£630k,in,0.63,Primera Division,2013,2013/2014
CA Osasuna,Joan Oriol,26,Left-Back,Villarreal,Free Transfer,in,0,Primera Division,2013,2013/2014
CA Osasuna,Jordan Lotiès,28,Centre-Back,AS Nancy,Free Transfer,in,0,Primera Division,2013,2013/2014
CA Osasuna,Javi Acuña,25,Centre-Forward,Watford,Loan,in,0,Primera Division,2013,2013/2014
CA Osasuna,Cristian Lobato,24,Left Winger,Without Club,-,in,0,Primera Division,2013,2013/2014
CA Osasuna,Nacho Zabal,26,Goalkeeper,SD Huesca,"End of loanJun 30, 2013",in,0,Primera Division,2013,2013/2014
CA Osasuna,Jon Echaide,25,Centre-Back,SD Huesca,"End of loanJun 30, 2013",in,0,Primera Division,2013,2013/2014
CA Osasuna,Eneko Satrústegui,22,Centre-Back,CD Numancia,"End of loanJun 30, 2013",in,0,Primera Division,2013,2013/2014
CA Osasuna,Xavier Annunziata,25,Left Winger,SD Huesca,"End of loanJun 30, 2013",in,0,Primera Division,2013,2013/2014
CA Osasuna,Rúper,26,Central Midfield,CD Mirandés,"End of loanJun 30, 2013",in,0,Primera Division,2013,2013/2014
CA Osasuna,Kike Sola,27,Centre-Forward,Athletic,£3.60m,out,3.6,Primera Division,2013,2013/2014
CA Osasuna,Nano,31,Centre-Back,Alavés,Free Transfer,out,0,Primera Division,2013,2013/2014
CA Osasuna,Rúper,26,Central Midfield,CE Sabadell,Free Transfer,out,0,Primera Division,2013,2013/2014
CA Osasuna,David Timor,23,Defensive Midfield,Girona,Loan,out,0,Primera Division,2013,2013/2014
CA Osasuna,Rubén González,31,Centre-Back,FC Baku,Free Transfer,out,0,Primera Division,2013,2013/2014
CA Osasuna,Xavier Annunziata,25,Left Winger,Real Oviedo,Free Transfer,out,0,Primera Division,2013,2013/2014
CA Osasuna,Masoud Shojaei,29,Attacking Midfield,UD Las Palmas,Free Transfer,out,0,Primera Division,2013,2013/2014
CA Osasuna,Jon Echaide,26,Centre-Back,Hércules CF,Loan,out,0,Primera Division,2013,2013/2014
CA Osasuna,Nacho Zabal,26,Goalkeeper,SD Huesca,?,out,NA,Primera Division,2013,2013/2014
CA Osasuna,José Núñez,25,Second Striker,Libertad,"End of loanJan 9, 2014",out,0,Primera Division,2013,2013/2014
CA Osasuna,Ricardo,41,Goalkeeper,Retired,-,out,0,Primera Division,2013,2013/2014
CA Osasuna,Joseba Llorente,33,Centre-Forward,Real Sociedad,"End of loanJun 30, 2013",out,0,Primera Division,2013,2013/2014
CA Osasuna,Francisco Silva,27,Defensive Midfield,CDUC,"End of loanJun 30, 2013",out,0,Primera Division,2013,2013/2014
CA Osasuna,Miguel de las Cuevas,27,Right Winger,Sporting Gijón,"End of loanJun 30, 2013",out,0,Primera Division,2013,2013/2014
CA Osasuna,Anthony Annan,26,Defensive Midfield,FC Schalke 04,"End of loanJun 30, 2013",out,0,Primera Division,2013,2013/2014
Real Valladolid CF,Zakarya Bergdich,24,Left Midfield,Lens,£675k,in,0.675,Primera Division,2013,2013/2014
Real Valladolid CF,Omar Ramos,25,Right Winger,SD Huesca,£270k,in,0.27,Primera Division,2013,2013/2014
Real Valladolid CF,Diego Mariño,23,Goalkeeper,Villarreal,Free Transfer,in,0,Primera Division,2013,2013/2014
Real Valladolid CF,Heinz Barmettler,26,Centre-Back,FC Vaduz,Free Transfer,in,0,Primera Division,2013,2013/2014
Real Valladolid CF,Jeffren,26,Right Winger,Sporting CP,Free Transfer,in,0,Primera Division,2013,2013/2014
Real Valladolid CF,Humberto Osorio,25,Centre-Forward,San Martín,?,in,NA,Primera Division,2013,2013/2014
Real Valladolid CF,Stefan Mitrovic,23,Centre-Back,Benfica,Loan,in,0,Primera Division,2013,2013/2014
Real Valladolid CF,Gilberto García,26,Right-Back,Once Caldas,Loan,in,0,Primera Division,2013,2013/2014
Real Valladolid CF,Fausto Rossi,22,Central Midfield,Juventus,Loan,in,0,Primera Division,2013,2013/2014
Real Valladolid CF,Carlos Lázaro,22,Central Midfield,SD Huesca,"End of loanJun 30, 2013",in,0,Primera Division,2013,2013/2014
Real Valladolid CF,Patrick Ebert,26,Attacking Midfield,Spartak Moscow,£1.17m,out,1.17,Primera Division,2013,2013/2014
Real Valladolid CF,Mikel Balenziaga,25,Left-Back,Athletic,£450k,out,0.45,Primera Division,2013,2013/2014
Real Valladolid CF,Alberto Bueno,25,Second Striker,Rayo Vallecano,Free Transfer,out,0,Primera Division,2013,2013/2014
Real Valladolid CF,Dani Hernández,27,Goalkeeper,Asteras Tripoli,Loan,out,0,Primera Division,2013,2013/2014
Real Valladolid CF,Carlos Lázaro,22,Central Midfield,Alavés,?,out,NA,Primera Division,2013,2013/2014
Real Valladolid CF,Gilberto García,26,Right-Back,Once Caldas,"End of loanDec 31, 2013",out,0,Primera Division,2013,2013/2014
Real Valladolid CF,Omar Ramos,25,Right Winger,SD Huesca,"End of loanJun 30, 2013",out,0,Primera Division,2013,2013/2014
Real Valladolid CF,Juan Neira,24,Attacking Midfield,Gimnasia,"End of loanJun 30, 2013",out,0,Primera Division,2013,2013/2014
Real Valladolid CF,Henrique Sereno,28,Centre-Back,FC Porto,"End of loanJun 30, 2013",out,0,Primera Division,2013,2013/2014
Rayo Vallecano,Iago Falque,23,Right Winger,Spurs,Loan,in,0,Primera Division,2013,2013/2014
Rayo Vallecano,Razvan Rat,32,Left-Back,West Ham,Free Transfer,in,0,Primera Division,2013,2013/2014
Rayo Vallecano,Alberto Bueno,25,Second Striker,Real Valladolid,Free Transfer,in,0,Primera Division,2013,2013/2014
Rayo Vallecano,Zé Castro,30,Centre-Back,Dep. La Coruña,Free Transfer,in,0,Primera Division,2013,2013/2014
Rayo Vallecano,Borja López,19,Centre-Back,Monaco,Loan,in,0,Primera Division,2013,2013/2014
Rayo Vallecano,Jonathan Viera,23,Attacking Midfield,Valencia,Loan,in,0,Primera Division,2013,2013/2014
Rayo Vallecano,Nery Castillo,29,Right Winger,CF Pachuca,Free Transfer,in,0,Primera Division,2013,2013/2014
Rayo Vallecano,Leonel Galeano,21,Centre-Back,Independiente,Free Transfer,in,0,Primera Division,2013,2013/2014
Rayo Vallecano,Sebastián Fernández,28,Second Striker,Málaga CF,Free Transfer,in,0,Primera Division,2013,2013/2014
Rayo Vallecano,Raúl Baena,24,Defensive Midfield,Espanyol,Free Transfer,in,0,Primera Division,2013,2013/2014
Rayo Vallecano,Rubén Martínez,29,Goalkeeper,Málaga CF,Free Transfer,in,0,Primera Division,2013,2013/2014
Rayo Vallecano,Rubén Rochina,22,Attacking Midfield,Blackburn,Loan,in,0,Primera Division,2013,2013/2014
Rayo Vallecano,Johan Mojica,20,Left-Back,Deportivo Cali,Loan,in,0,Primera Division,2013,2013/2014
Rayo Vallecano,Saúl Ñíguez,18,Central Midfield,Atlético Madrid,Loan,in,0,Primera Division,2013,2013/2014
Rayo Vallecano,Christian Cueva,21,Attacking Midfield,Española,Loan,in,0,Primera Division,2013,2013/2014
Rayo Vallecano,Samuele Longo,22,Centre-Forward,Inter,Loan,in,0,Primera Division,2013,2013/2014
Rayo Vallecano,Joaquín Larrivey,28,Centre-Forward,Atlante,?,in,NA,Primera Division,2013,2013/2014
Rayo Vallecano,Nacho Martínez,24,Left-Back,Rayo B,-,in,0,Primera Division,2013,2013/2014
Rayo Vallecano,Alberto Perea,23,Left Winger,Rayo B,-,in,0,Primera Division,2013,2013/2014
Rayo Vallecano,Rafa García,27,Central Midfield,Xerez CD,"End of loanJun 30, 2013",in,0,Primera Division,2013,2013/2014
Rayo Vallecano,Gabriel Machado,23,Centre-Forward,Hércules CF,"End of loanJun 30, 2013",in,0,Primera Division,2013,2013/2014
Rayo Vallecano,Leo Baptistão,20,Right Winger,Atlético Madrid,£6.30m,out,6.3,Primera Division,2013,2013/2014
Rayo Vallecano,Piti,32,Attacking Midfield,Granada CF,Free Transfer,out,0,Primera Division,2013,2013/2014
Rayo Vallecano,Dani Giménez,29,Goalkeeper,Alcorcón,Free Transfer,out,0,Primera Division,2013,2013/2014
Rayo Vallecano,Gabriel Machado,23,Centre-Forward,Syrianska FC,Free Transfer,out,0,Primera Division,2013,2013/2014
Rayo Vallecano,Raúl Tamudo,35,Centre-Forward,CE Sabadell,Free Transfer,out,0,Primera Division,2013,2013/2014
Rayo Vallecano,Javi Fuego,29,Defensive Midfield,Valencia,Free Transfer,out,0,Primera Division,2013,2013/2014
Rayo Vallecano,Alejandro Domínguez,32,Attacking Midfield,Olympiacos,Free Transfer,out,0,Primera Division,2013,2013/2014
Rayo Vallecano,Rafa García,27,Central Midfield,CD Lugo,Free Transfer,out,0,Primera Division,2013,2013/2014
Rayo Vallecano,Rodri,29,Centre-Back,KAS Eupen,?,out,NA,Primera Division,2013,2013/2014
Rayo Vallecano,José Manuel Casado,26,Left-Back,Without Club,-,out,0,Primera Division,2013,2013/2014
Rayo Vallecano,Mikel Labaka,32,Centre-Back,Retired,-,out,0,Primera Division,2013,2013/2014
Rayo Vallecano,Andrija Delibasic,32,Centre-Forward,Without Club,-,out,0,Primera Division,2013,2013/2014
Rayo Vallecano,Jordi Amat,21,Centre-Back,Espanyol,"End of loanJun 30, 2013",out,0,Primera Division,2013,2013/2014
Rayo Vallecano,Jordi Figueras,26,Centre-Back,Club Brugge,"End of loanJun 30, 2013",out,0,Primera Division,2013,2013/2014
Rayo Vallecano,Franco Vázquez,24,Attacking Midfield,US Palermo,"End of loanJun 30, 2013",out,0,Primera Division,2013,2013/2014
Rayo Vallecano,Rubén Martínez,29,Goalkeeper,Málaga CF,"End of loanJun 30, 2013",out,0,Primera Division,2013,2013/2014
Sevilla FC,Carlos Bacca,26,Centre-Forward,Club Brugge,£9.00m,in,9,Primera Division,2013,2013/2014
Sevilla FC,Kévin Gameiro,26,Centre-Forward,Paris SG,£6.75m,in,6.75,Primera Division,2013,2013/2014
Sevilla FC,Vicente Iborra,25,Defensive Midfield,Levante,£5.40m,in,5.4,Primera Division,2013,2013/2014
Sevilla FC,Vitolo,23,Left Winger,UD Las Palmas,£2.88m,in,2.88,Primera Division,2013,2013/2014
Sevilla FC,Sebastián Cristóforo,19,Central Midfield,Peñarol,£2.03m,in,2.03,Primera Division,2013,2013/2014
Sevilla FC,Jairo Samperio,19,Left Winger,Racing,£1.98m,in,1.98,Primera Division,2013,2013/2014
Sevilla FC,Raul Rusescu,24,Centre-Forward,Steaua Bukarest,£1.98m,in,1.98,Primera Division,2013,2013/2014
Sevilla FC,Beto,31,Goalkeeper,Braga,£1.80m,in,1.8,Primera Division,2013,2013/2014
Sevilla FC,Diogo Figueiras,22,Right-Back,Paços Ferreira,£900k,in,0.9,Primera Division,2013,2013/2014
Sevilla FC,Daniel Carriço,24,Centre-Back,Reading,Loan fee:£675k,in,0.675,Primera Division,2013,2013/2014
Sevilla FC,Denis Cheryshev,22,Left Winger,Real Madrid,Loan,in,0,Primera Division,2013,2013/2014
Sevilla FC,Stéphane Mbia,27,Defensive Midfield,QPR,Loan,in,0,Primera Division,2013,2013/2014
Sevilla FC,Marko Marin,24,Attacking Midfield,Chelsea,Loan,in,0,Primera Division,2013,2013/2014
Sevilla FC,Nicolás Pareja,29,Centre-Back,Spartak Moscow,Loan,in,0,Primera Division,2013,2013/2014
Sevilla FC,Miroslav Stevanovic,23,Right Midfield,Elche CF,"End of loanJan 31, 2014",in,0,Primera Division,2013,2013/2014
Sevilla FC,Bryan Rabello,19,Attacking Midfield,Sevilla Atl.,-,in,0,Primera Division,2013,2013/2014
Sevilla FC,Julián Cuesta,22,Goalkeeper,Sevilla Atl.,-,in,0,Primera Division,2013,2013/2014
Sevilla FC,Tiberio Guarente,28,Central Midfield,Catania,"End of loanJan 30, 2014",in,0,Primera Division,2013,2013/2014
Sevilla FC,Antonio Luna,22,Left-Back,RCD Mallorca,"End of loanJun 30, 2013",in,0,Primera Division,2013,2013/2014
Sevilla FC,Javi Varas,30,Goalkeeper,Celta de Vigo,"End of loanJun 30, 2013",in,0,Primera Division,2013,2013/2014
Sevilla FC,Luis Alberto,20,Attacking Midfield,FC Barcelona B,"End of loanJun 30, 2013",in,0,Primera Division,2013,2013/2014
Sevilla FC,Bernardo Espinosa,23,Centre-Back,Sporting Gijón,"End of loanJun 30, 2013",in,0,Primera Division,2013,2013/2014
Sevilla FC,Tiberio Guarente,27,Central Midfield,Bologna,"End of loanJun 30, 2013",in,0,Primera Division,2013,2013/2014
Sevilla FC,Hiroshi Ibusuki,22,Centre-Forward,KAS Eupen,"End of loanJun 30, 2013",in,0,Primera Division,2013,2013/2014
Sevilla FC,Emir Spahic,32,Centre-Back,Anzhi,"End of loanJun 30, 2013",in,0,Primera Division,2013,2013/2014
Sevilla FC,Alexis,27,Centre-Back,Getafe,"End of loanJun 30, 2013",in,0,Primera Division,2013,2013/2014
Sevilla FC,Lautaro Acosta,25,Left Winger,Boca Juniors,"End of loanJun 30, 2013",in,0,Primera Division,2013,2013/2014
Sevilla FC,Álvaro Negredo,27,Centre-Forward,Man City,£22.50m,out,22.5,Primera Division,2013,2013/2014
Sevilla FC,Jesús Navas,27,Right-Back,Man City,£18.00m,out,18,Primera Division,2013,2013/2014
Sevilla FC,Geoffrey Kondogbia,20,Central Midfield,Monaco,£18.00m,out,18,Primera Division,2013,2013/2014
Sevilla FC,Gary Medel,26,Defensive Midfield,Cardiff,£11.70m,out,11.7,Primera Division,2013,2013/2014
Sevilla FC,Luis Alberto,20,Attacking Midfield,Liverpool,£7.20m,out,7.2,Primera Division,2013,2013/2014
Sevilla FC,José Campaña,20,Central Midfield,Crystal Palace,£1.80m,out,1.8,Primera Division,2013,2013/2014
Sevilla FC,Antonio Luna,22,Left-Back,Aston Villa,£1.80m,out,1.8,Primera Division,2013,2013/2014
Sevilla FC,Emir Spahic,32,Centre-Back,Bay. Leverkusen,£360k,out,0.36,Primera Division,2013,2013/2014
Sevilla FC,Juan Cala,24,Centre-Back,Cardiff,£315k,out,0.315,Primera Division,2013,2013/2014
Sevilla FC,Raul Rusescu,25,Centre-Forward,Braga,Loan fee:£203k,out,0.203,Primera Division,2013,2013/2014
Sevilla FC,Andrés Palop,39,Goalkeeper,Bay. Leverkusen,Free Transfer,out,0,Primera Division,2013,2013/2014
Sevilla FC,Hedwiges Maduro,28,Defensive Midfield,PAOK Salonika,Free Transfer,out,0,Primera Division,2013,2013/2014
Sevilla FC,Miroslav Stevanovic,23,Right Midfield,Alavés,Loan,out,0,Primera Division,2013,2013/2014
Sevilla FC,Alberto Botía,24,Centre-Back,Elche CF,Loan,out,0,Primera Division,2013,2013/2014
Sevilla FC,Lautaro Acosta,25,Left Winger,Lanús,Free Transfer,out,0,Primera Division,2013,2013/2014
Sevilla FC,Bernardo Espinosa,23,Centre-Back,Sporting Gijón,Free Transfer,out,0,Primera Division,2013,2013/2014
Sevilla FC,Julián Cuesta,22,Goalkeeper,UD Almería,Loan,out,0,Primera Division,2013,2013/2014
Sevilla FC,Alexis,27,Centre-Back,Getafe,Free Transfer,out,0,Primera Division,2013,2013/2014
Sevilla FC,Baba Diawara,25,Centre-Forward,Levante,Loan,out,0,Primera Division,2013,2013/2014
Sevilla FC,Miroslav Stevanovic,22,Right Midfield,Elche CF,Loan,out,0,Primera Division,2013,2013/2014
Sevilla FC,Diego Perotti,25,Left Winger,Boca Juniors,Loan,out,0,Primera Division,2013,2013/2014
Sevilla FC,Javi Hervás,24,Central Midfield,Hércules CF,Loan,out,0,Primera Division,2013,2013/2014
Sevilla FC,Tiberio Guarente,27,Central Midfield,Catania,Loan,out,0,Primera Division,2013,2013/2014
Sevilla FC,Hiroshi Ibusuki,22,Centre-Forward,Valencia B,?,out,NA,Primera Division,2013,2013/2014
Sevilla FC,Bryan Rabello,19,Attacking Midfield,Dep. La Coruña,Loan,out,0,Primera Division,2013,2013/2014
Sevilla FC,Manu del Moral,29,Centre-Forward,Elche CF,Loan,out,0,Primera Division,2013,2013/2014
Sevilla FC,Tiberio Guarente,28,Central Midfield,Chievo Verona,Loan,out,0,Primera Division,2013,2013/2014
Sevilla FC,Beto,31,Goalkeeper,Braga,"End of loanJun 30, 2013",out,0,Primera Division,2013,2013/2014
Real Madrid,Gareth Bale,24,Right Winger,Spurs,£90.90m,in,90.9,Primera Division,2013,2013/2014
Real Madrid,Asier Illarramendi,23,Defensive Midfield,Real Sociedad,£28.80m,in,28.8,Primera Division,2013,2013/2014
Real Madrid,Isco,21,Attacking Midfield,Málaga CF,£27.00m,in,27,Primera Division,2013,2013/2014
Real Madrid,Daniel Carvajal,21,Right-Back,Bay. Leverkusen,£5.85m,in,5.85,Primera Division,2013,2013/2014
Real Madrid,Casemiro,21,Defensive Midfield,São Paulo,£5.40m,in,5.4,Primera Division,2013,2013/2014
Real Madrid,Jesús Fernández,25,Goalkeeper,RM Castilla,-,in,0,Primera Division,2013,2013/2014
Real Madrid,Denis Cheryshev,22,Left Winger,RM Castilla,-,in,0,Primera Division,2013,2013/2014
Real Madrid,Álvaro Morata,20,Centre-Forward,RM Castilla,-,in,0,Primera Division,2013,2013/2014
Real Madrid,Nacho,23,Centre-Back,RM Castilla,-,in,0,Primera Division,2013,2013/2014
Real Madrid,Jesé,20,Centre-Forward,RM Castilla,-,in,0,Primera Division,2013,2013/2014
Real Madrid,Pedro León,26,Right Winger,Getafe,"End of loanJun 30, 2013",in,0,Primera Division,2013,2013/2014
Real Madrid,Mesut Özil,24,Attacking Midfield,Arsenal,£42.30m,out,42.3,Primera Division,2013,2013/2014
Real Madrid,Gonzalo Higuaín,25,Centre-Forward,SSC Napoli,£35.10m,out,35.1,Primera Division,2013,2013/2014
Real Madrid,Raúl Albiol,27,Centre-Back,SSC Napoli,£10.80m,out,10.8,Primera Division,2013,2013/2014
Real Madrid,José Callejón,26,Right Winger,SSC Napoli,£8.55m,out,8.55,Primera Division,2013,2013/2014
Real Madrid,Pedro León,26,Right Winger,Getafe,£5.40m,out,5.4,Primera Division,2013,2013/2014
Real Madrid,Ricardo Carvalho,35,Centre-Back,Monaco,Free Transfer,out,0,Primera Division,2013,2013/2014
Real Madrid,Denis Cheryshev,22,Left Winger,Sevilla FC,Loan,out,0,Primera Division,2013,2013/2014
Real Madrid,Kaká,31,Attacking Midfield,AC Milan,Free Transfer,out,0,Primera Division,2013,2013/2014
Real Madrid,Antonio Adán,26,Goalkeeper,Without Club,-,out,0,Primera Division,2013,2013/2014
Real Madrid,Michael Essien,30,Defensive Midfield,Chelsea,"End of loanJun 30, 2013",out,0,Primera Division,2013,2013/2014
Athletic Bilbao,Beñat Etxebarria,26,Central Midfield,Real Betis,£7.20m,in,7.2,Primera Division,2013,2013/2014
Athletic Bilbao,Kike Sola,27,Centre-Forward,CA Osasuna,£3.60m,in,3.6,Primera Division,2013,2013/2014
Athletic Bilbao,Mikel Rico,28,Central Midfield,Granada CF,£2.61m,in,2.61,Primera Division,2013,2013/2014
Athletic Bilbao,Mikel Balenziaga,25,Left-Back,Real Valladolid,£450k,in,0.45,Primera Division,2013,2013/2014
Athletic Bilbao,Xabier Etxeita,25,Centre-Back,Elche CF,Free Transfer,in,0,Primera Division,2013,2013/2014
Athletic Bilbao,Jonás Ramalho,20,Centre-Back,Bilbao Athletic,-,in,0,Primera Division,2013,2013/2014
Athletic Bilbao,Iñigo Pérez,26,Central Midfield,RCD Mallorca,"End of loanJan 31, 2014",in,0,Primera Division,2013,2013/2014
Athletic Bilbao,Erik Morán,22,Defensive Midfield,Bilbao Athletic,-,in,0,Primera Division,2013,2013/2014
Athletic Bilbao,Guillermo,21,Centre-Forward,Bilbao Athletic,-,in,0,Primera Division,2013,2013/2014
Athletic Bilbao,Unai Albizua,24,Centre-Back,Bilbao Athletic,-,in,0,Primera Division,2013,2013/2014
Athletic Bilbao,Enric Saborit,21,Left-Back,Bilbao Athletic,-,in,0,Primera Division,2013,2013/2014
Athletic Bilbao,Iban Zubiaurre,30,Right-Back,UD Salamanca,"End of loanJun 30, 2013",in,0,Primera Division,2013,2013/2014
Athletic Bilbao,Iago Herrerín,25,Goalkeeper,CD Numancia,"End of loanJun 30, 2013",in,0,Primera Division,2013,2013/2014
Athletic Bilbao,Xabier Castillo,27,Left-Back,UD Las Palmas,Free Transfer,out,0,Primera Division,2013,2013/2014
Athletic Bilbao,Isma López,23,Left-Back,Sporting Gijón,Free Transfer,out,0,Primera Division,2013,2013/2014
Athletic Bilbao,Jonás Ramalho,20,Centre-Back,Girona,Loan,out,0,Primera Division,2013,2013/2014
Athletic Bilbao,Fernando Amorebieta,28,Centre-Back,Fulham,Free Transfer,out,0,Primera Division,2013,2013/2014
Athletic Bilbao,Iñigo Ruiz de Galarreta,20,Central Midfield,CD Mirandés,Loan,out,0,Primera Division,2013,2013/2014
Athletic Bilbao,Iñigo Pérez,25,Central Midfield,RCD Mallorca,Loan,out,0,Primera Division,2013,2013/2014
Athletic Bilbao,Fernando Llorente,28,Centre-Forward,Juventus,Free Transfer,out,0,Primera Division,2013,2013/2014
Athletic Bilbao,Igor Martínez,23,Attacking Midfield,CD Mirandés,Free Transfer,out,0,Primera Division,2013,2013/2014
Athletic Bilbao,Iban Zubiaurre,30,Right-Back,Racing,Free Transfer,out,0,Primera Division,2013,2013/2014
Athletic Bilbao,Raúl Fernández,25,Goalkeeper,CD Numancia,Loan,out,0,Primera Division,2013,2013/2014
Athletic Bilbao,Jon Aurtenetxe,21,Left-Back,Celta de Vigo,Loan,out,0,Primera Division,2013,2013/2014
Real Sociedad,Sergio Canales,22,Attacking Midfield,Valencia,£3.15m,in,3.15,Primera Division,2013,2013/2014
Real Sociedad,Haris Seferovic,21,Centre-Forward,Fiorentina,£2.70m,in,2.7,Primera Division,2013,2013/2014
Real Sociedad,Mikel Abaroa,24,Attacking Midfield,SD Eibar,Free Transfer,in,0,Primera Division,2013,2013/2014
Real Sociedad,Esteban Granero,26,Central Midfield,QPR,Loan,in,0,Primera Division,2013,2013/2014
Real Sociedad,Óscar Vega,26,Attacking Midfield,CD Leganés,?,in,NA,Primera Division,2013,2013/2014
Real Sociedad,Joseba Llorente,33,Centre-Forward,CA Osasuna,"End of loanJun 30, 2013",in,0,Primera Division,2013,2013/2014
Real Sociedad,Asier Illarramendi,23,Defensive Midfield,Real Madrid,£28.80m,out,28.8,Primera Division,2013,2013/2014
Real Sociedad,Liassine Cadamuro,25,Centre-Back,RCD Mallorca,Loan,out,0,Primera Division,2013,2013/2014
Real Sociedad,Óscar Vega,27,Attacking Midfield,Real Unión,Loan,out,0,Primera Division,2013,2013/2014
Real Sociedad,Diego Ifrán,26,Centre-Forward,Dep. La Coruña,Loan,out,0,Primera Division,2013,2013/2014
Real Sociedad,Mikel Abaroa,24,Attacking Midfield,Real Unión,Loan,out,0,Primera Division,2013,2013/2014
Real Sociedad,Joseba Llorente,33,Centre-Forward,Retired,-,out,0,Primera Division,2013,2013/2014
RCD Espanyol Barcelona,Álex Fernández,20,Central Midfield,RM Castilla,£450k,in,0.45,Primera Division,2013,2013/2014
RCD Espanyol Barcelona,David López,23,Centre-Back,SD Huesca,£225k,in,0.225,Primera Division,2013,2013/2014
RCD Espanyol Barcelona,Manuel Lanzarote,29,Right Winger,CE Sabadell,Free Transfer,in,0,Primera Division,2013,2013/2014
RCD Espanyol Barcelona,Abraham González,27,Central Midfield,Alcorcón,Free Transfer,in,0,Primera Division,2013,2013/2014
RCD Espanyol Barcelona,Gabriel Torje,23,Right Winger,Udinese Calcio,Loan,in,0,Primera Division,2013,2013/2014
RCD Espanyol Barcelona,Sidnei,23,Centre-Back,Benfica,Loan,in,0,Primera Division,2013,2013/2014
RCD Espanyol Barcelona,Jhon Córdoba,20,Centre-Forward,Chiapas FC,Loan,in,0,Primera Division,2013,2013/2014
RCD Espanyol Barcelona,Juan Rafael Fuentes,23,Left-Back,Córdoba CF,?,in,NA,Primera Division,2013,2013/2014
RCD Espanyol Barcelona,Pizzi,23,Right Midfield,Benfica,Loan,in,0,Primera Division,2013,2013/2014
RCD Espanyol Barcelona,Víctor Álvarez,20,Left-Back,RCD Espanyol B,-,in,0,Primera Division,2013,2013/2014
RCD Espanyol Barcelona,Germán Parreño,20,Goalkeeper,RCD Espanyol B,-,in,0,Primera Division,2013,2013/2014
RCD Espanyol Barcelona,Jordi Amat,21,Centre-Back,Rayo Vallecano,"End of loanJun 30, 2013",in,0,Primera Division,2013,2013/2014
RCD Espanyol Barcelona,Juan Ángel Albín,26,Attacking Midfield,Nacional,"End of loanJun 30, 2013",in,0,Primera Division,2013,2013/2014
RCD Espanyol Barcelona,Thievy Bifouma,21,Left Winger,UD Las Palmas,"End of loanJun 30, 2013",in,0,Primera Division,2013,2013/2014
RCD Espanyol Barcelona,Adrián Luna,21,Right Winger,Nacional,"End of loanJun 30, 2013",in,0,Primera Division,2013,2013/2014
RCD Espanyol Barcelona,Mubarak Wakaso,23,Central Midfield,Rubin Kazan,£5.40m,out,5.4,Primera Division,2013,2013/2014
RCD Espanyol Barcelona,Juan Forlín,25,Centre-Back,Al Rayyan,£3.15m,out,3.15,Primera Division,2013,2013/2014
RCD Espanyol Barcelona,Jordi Amat,21,Centre-Back,Swansea,£2.61m,out,2.61,Primera Division,2013,2013/2014
RCD Espanyol Barcelona,Thievy Bifouma,21,Left Winger,West Brom,Loan fee:£450k,out,0.45,Primera Division,2013,2013/2014
RCD Espanyol Barcelona,Christian Alfonso,24,Attacking Midfield,Alcorcón,Loan,out,0,Primera Division,2013,2013/2014
RCD Espanyol Barcelona,Adrián Luna,21,Right Winger,Defensor,Free Transfer,out,0,Primera Division,2013,2013/2014
RCD Espanyol Barcelona,Raúl Baena,24,Defensive Midfield,Rayo Vallecano,Free Transfer,out,0,Primera Division,2013,2013/2014
RCD Espanyol Barcelona,Cristian Álvarez,27,Goalkeeper,San Lorenzo,Free Transfer,out,0,Primera Division,2013,2013/2014
RCD Espanyol Barcelona,Joan Verdú,30,Attacking Midfield,Real Betis,Free Transfer,out,0,Primera Division,2013,2013/2014
RCD Espanyol Barcelona,Cristian Gómez,24,Attacking Midfield,RM Castilla,Loan,out,0,Primera Division,2013,2013/2014
RCD Espanyol Barcelona,Juan Ángel Albín,27,Attacking Midfield,Petr. Ploiesti,Free Transfer,out,0,Primera Division,2013,2013/2014
RCD Espanyol Barcelona,Sergio Tejera,23,Central Midfield,Alavés,Loan,out,0,Primera Division,2013,2013/2014
RCD Espanyol Barcelona,Martin Petrov,34,Left Winger,Without Club,-,out,0,Primera Division,2013,2013/2014
RCD Espanyol Barcelona,Samuele Longo,21,Centre-Forward,Inter,"End of loanJun 30, 2013",out,0,Primera Division,2013,2013/2014
Celta de Vigo,Nolito,26,Left Winger,Benfica,£2.34m,in,2.34,Primera Division,2013,2013/2014
Celta de Vigo,Charles,29,Centre-Forward,UD Almería,£900k,in,0.9,Primera Division,2013,2013/2014
Celta de Vigo,Andreu Fontàs,23,Centre-Back,FC Barcelona,£900k,in,0.9,Primera Division,2013,2013/2014
Celta de Vigo,Welliton,27,Centre-Forward,Spartak Moscow,Loan fee:£360k,in,0.36,Primera Division,2013,2013/2014
Celta de Vigo,Rafinha,20,Central Midfield,FC Barcelona,Loan,in,0,Primera Division,2013,2013/2014
Celta de Vigo,Jon Aurtenetxe,21,Left-Back,Athletic,Loan,in,0,Primera Division,2013,2013/2014
Celta de Vigo,Iñigo López,31,Centre-Back,PAOK Salonika,Loan,in,0,Primera Division,2013,2013/2014
Celta de Vigo,Santi Mina,17,Centre-Forward,Celta Vigo B,-,in,0,Primera Division,2013,2013/2014
Celta de Vigo,Andres Tunez,27,Centre-Back,B. Jerusalem,"End of loanApr 26, 2014",in,0,Primera Division,2013,2013/2014
Celta de Vigo,David Costas,18,Centre-Back,Celta U19,-,in,0,Primera Division,2013,2013/2014
Celta de Vigo,Levy Madinda,21,Attacking Midfield,Celta Vigo B,-,in,0,Primera Division,2013,2013/2014
Celta de Vigo,David Rodríguez,27,Centre-Forward,Sporting Gijón,"End of loanJun 30, 2013",in,0,Primera Division,2013,2013/2014
Celta de Vigo,Jota,22,Right Winger,RM Castilla,"End of loanJun 30, 2013",in,0,Primera Division,2013,2013/2014
Celta de Vigo,Dani Abalo,25,Right Winger,Beira-Mar,"End of loanJun 30, 2013",in,0,Primera Division,2013,2013/2014
Celta de Vigo,Yoel Rodríguez,24,Goalkeeper,CD Lugo,"End of loanJun 30, 2013",in,0,Primera Division,2013,2013/2014
Celta de Vigo,Cristian Bustos,30,Central Midfield,Sporting Gijón,"End of loanJun 30, 2013",in,0,Primera Division,2013,2013/2014
Celta de Vigo,Iago Aspas,25,Centre-Forward,Liverpool,£9.72m,out,9.72,Primera Division,2013,2013/2014
Celta de Vigo,David Rodríguez,27,Centre-Forward,Brighton,Free Transfer,out,0,Primera Division,2013,2013/2014
Celta de Vigo,Roberto Lago,27,Left-Back,Getafe,Free Transfer,out,0,Primera Division,2013,2013/2014
Celta de Vigo,Enrique de Lucas,35,Attacking Midfield,Hércules CF,Free Transfer,out,0,Primera Division,2013,2013/2014
Celta de Vigo,Carlos Bellvís,28,Left-Back,Ponferradina,Free Transfer,out,0,Primera Division,2013,2013/2014
Celta de Vigo,Andres Tunez,27,Centre-Back,Buriram Utd.,Free Transfer,out,0,Primera Division,2013,2013/2014
Celta de Vigo,Natxo Insa,27,Central Midfield,Antalyaspor,Free Transfer,out,0,Primera Division,2013,2013/2014
Celta de Vigo,Samuel Llorca,28,Centre-Back,Alavés,Loan,out,0,Primera Division,2013,2013/2014
Celta de Vigo,Jonathan Vila,27,Central Midfield,B. Jerusalem,Loan,out,0,Primera Division,2013,2013/2014
Celta de Vigo,Cristian Bustos,30,Central Midfield,Sporting Gijón,Loan,out,0,Primera Division,2013,2013/2014
Celta de Vigo,Dani Abalo,25,Right Winger,Ludogorets,?,out,NA,Primera Division,2013,2013/2014
Celta de Vigo,Toni Dovale,23,Right Winger,Kansas,?,out,NA,Primera Division,2013,2013/2014
Celta de Vigo,Jota,22,Right Winger,SD Eibar,Loan,out,0,Primera Division,2013,2013/2014
Celta de Vigo,Andres Tunez,26,Centre-Back,B. Jerusalem,Loan,out,0,Primera Division,2013,2013/2014
Celta de Vigo,Javi Varas,30,Goalkeeper,Sevilla FC,"End of loanJun 30, 2013",out,0,Primera Division,2013,2013/2014
Celta de Vigo,Danijel Pranjic,31,Left-Back,Sporting CP,"End of loanJun 30, 2013",out,0,Primera Division,2013,2013/2014
Celta de Vigo,Vadim Demidov,26,Centre-Back,E. Frankfurt,"End of loanJun 30, 2013",out,0,Primera Division,2013,2013/2014
Celta de Vigo,Ju-yeong Park,27,Centre-Forward,Arsenal,"End of loanJun 30, 2013",out,0,Primera Division,2013,2013/2014
Valencia CF,Dorlan Pabón,25,Right Winger,Monterrey,£7.20m,in,7.2,Primera Division,2013,2013/2014
Valencia CF,Vinícius Araújo,20,Centre-Forward,Cruzeiro,£3.15m,in,3.15,Primera Division,2013,2013/2014
Valencia CF,Nelson Valdez,29,Centre-Forward,Rubin Kazan,£2.70m,in,2.7,Primera Division,2013,2013/2014
Valencia CF,Hélder Postiga,31,Centre-Forward,Real Zaragoza,£2.70m,in,2.7,Primera Division,2013,2013/2014
Valencia CF,Rúben Vezo,19,Centre-Back,Vitória Setúbal,£1.85m,in,1.85,Primera Division,2013,2013/2014
Valencia CF,Eduardo Vargas,24,Centre-Forward,SSC Napoli,Loan fee:£1.35m,in,1.35,Primera Division,2013,2013/2014
Valencia CF,Oriol Romeu,21,Defensive Midfield,Chelsea,Loan fee:£900k,in,0.9,Primera Division,2013,2013/2014
Valencia CF,Míchel,24,Attacking Midfield,Levante,£378k,in,0.378,Primera Division,2013,2013/2014
Valencia CF,Seydou Keita,34,Central Midfield,DL Aerbin,Free Transfer,in,0,Primera Division,2013,2013/2014
Valencia CF,Philippe Senderos,28,Centre-Back,Fulham,Free Transfer,in,0,Primera Division,2013,2013/2014
Valencia CF,Javi Fuego,29,Defensive Midfield,Rayo Vallecano,Free Transfer,in,0,Primera Division,2013,2013/2014
Valencia CF,Juan Bernat,20,Left-Back,Valencia B,-,in,0,Primera Division,2013,2013/2014
Valencia CF,Federico Cartabia,20,Right Winger,Valencia B,-,in,0,Primera Division,2013,2013/2014
Valencia CF,Paco Alcácer,19,Centre-Forward,Getafe,"End of loanJun 30, 2013",in,0,Primera Division,2013,2013/2014
Valencia CF,Fernando Gago,27,Defensive Midfield,Vélez Sarsfield,"End of loanJun 30, 2013",in,0,Primera Division,2013,2013/2014
Valencia CF,Roberto Soldado,28,Centre-Forward,Spurs,£27.00m,out,27,Primera Division,2013,2013/2014
Valencia CF,Tino Costa,28,Central Midfield,Spartak Moscow,£5.85m,out,5.85,Primera Division,2013,2013/2014
Valencia CF,Sergio Canales,22,Attacking Midfield,Real Sociedad,£3.15m,out,3.15,Primera Division,2013,2013/2014
Valencia CF,Nelson Valdez,29,Centre-Forward,Al-Jazira,£2.70m,out,2.7,Primera Division,2013,2013/2014
Valencia CF,Fernando Gago,27,Defensive Midfield,Boca Juniors,£1.53m,out,1.53,Primera Division,2013,2013/2014
Valencia CF,Andrés Guardado,27,Central Midfield,Bay. Leverkusen,Loan fee:£900k,out,0.9,Primera Division,2013,2013/2014
Valencia CF,Aly Cissokho,25,Left-Back,Liverpool,Loan fee:£900k,out,0.9,Primera Division,2013,2013/2014
Valencia CF,Adil Rami,28,Centre-Back,AC Milan,Loan fee:£360k,out,0.36,Primera Division,2013,2013/2014
Valencia CF,Jonathan Viera,23,Attacking Midfield,Rayo Vallecano,Loan,out,0,Primera Division,2013,2013/2014
Valencia CF,Hélder Postiga,31,Centre-Forward,Lazio,Loan,out,0,Primera Division,2013,2013/2014
Valencia CF,Éver Banega,25,Central Midfield,Newell's,Loan,out,0,Primera Division,2013,2013/2014
Valencia CF,Dorlan Pabón,26,Right Winger,São Paulo,Loan,out,0,Primera Division,2013,2013/2014
Valencia CF,David Albelda,35,Defensive Midfield,Retired,-,out,0,Primera Division,2013,2013/2014
Valencia CF,Nelson Valdez,29,Centre-Forward,Rubin Kazan,"End of loanJun 30, 2013",out,0,Primera Division,2013,2013/2014
Villarreal CF,Giovani dos Santos,24,Second Striker,RCD Mallorca,£5.40m,in,5.4,Primera Division,2013,2013/2014
Villarreal CF,Tomás Pina,25,Central Midfield,RCD Mallorca,£4.50m,in,4.5,Primera Division,2013,2013/2014
Villarreal CF,Gabriel Paulista,22,Centre-Back,EC Vitória,£2.97m,in,2.97,Primera Division,2013,2013/2014
Villarreal CF,Jérémy Perbet,28,Centre-Forward,RAEC Mons,£1.26m,in,1.26,Primera Division,2013,2013/2014
Villarreal CF,Aleksandar Pantic,21,Centre-Back,Red Star,£270k,in,0.27,Primera Division,2013,2013/2014
Villarreal CF,Bojan Jokic,27,Left-Back,Chievo Verona,Free Transfer,in,0,Primera Division,2013,2013/2014
Villarreal CF,Joan Román,20,Left Winger,FC Barcelona B,Loan,in,0,Primera Division,2013,2013/2014
Villarreal CF,Sergio Asenjo,24,Goalkeeper,Atlético Madrid,Loan,in,0,Primera Division,2013,2013/2014
Villarreal CF,Óliver Torres,19,Central Midfield,Atlético Madrid,Loan,in,0,Primera Division,2013,2013/2014
Villarreal CF,Jonathan Pereira,26,Centre-Forward,Real Betis,?,in,NA,Primera Division,2013,2013/2014
Villarreal CF,Joselu,22,Centre-Forward,Córdoba CF,"End of loanJun 30, 2013",in,0,Primera Division,2013,2013/2014
Villarreal CF,Gerard Bordas,31,Centre-Forward,Girona,"End of loanJun 30, 2013",in,0,Primera Division,2013,2013/2014
Villarreal CF,Javier Camuñas,32,Right Winger,Dep. La Coruña,"End of loanJun 30, 2013",in,0,Primera Division,2013,2013/2014
Villarreal CF,Cristián Zapata,26,Centre-Back,AC Milan,"End of loanJun 30, 2013",in,0,Primera Division,2013,2013/2014
Villarreal CF,Cristián Zapata,26,Centre-Back,AC Milan,£5.40m,out,5.4,Primera Division,2013,2013/2014
Villarreal CF,Hernán Pérez,24,Right Winger,Olympiacos,Loan fee:£450k,out,0.45,Primera Division,2013,2013/2014
Villarreal CF,Marcos Senna,36,Defensive Midfield,NY Cosmos,Free Transfer,out,0,Primera Division,2013,2013/2014
Villarreal CF,Guillem Truyols,23,Centre-Back,Real Murcia,Free Transfer,out,0,Primera Division,2013,2013/2014
Villarreal CF,Gerard Moreno,21,Centre-Forward,RCD Mallorca,Loan,out,0,Primera Division,2013,2013/2014
Villarreal CF,Juanma,32,Right Winger,Alavés,Free Transfer,out,0,Primera Division,2013,2013/2014
Villarreal CF,Joan Oriol,26,Left-Back,CA Osasuna,Free Transfer,out,0,Primera Division,2013,2013/2014
Villarreal CF,Diego Mariño,23,Goalkeeper,Real Valladolid,Free Transfer,out,0,Primera Division,2013,2013/2014
Villarreal CF,Gerard Bordas,31,Centre-Forward,Girona,Free Transfer,out,0,Primera Division,2013,2013/2014
Villarreal CF,Olof Mellberg,35,Centre-Back,FC Copenhagen,Free Transfer,out,0,Primera Division,2013,2013/2014
Villarreal CF,Javi Venta,37,Right-Back,Brentford,Free Transfer,out,0,Primera Division,2013,2013/2014
Villarreal CF,Joselu,22,Centre-Forward,Recr. Huelva,Free Transfer,out,0,Primera Division,2013,2013/2014
Villarreal CF,Francisco Farinós,35,Defensive Midfield,Retired,-,out,0,Primera Division,2013,2013/2014
Villarreal CF,Javier Camuñas,33,Right Winger,Retired,-,out,0,Primera Division,2013,2013/2014
Villarreal CF,Jonathan Pereira,26,Centre-Forward,Real Betis,"End of loanJun 30, 2013",out,0,Primera Division,2013,2013/2014
Villarreal CF,Héctor Canteros,24,Central Midfield,Vélez Sarsfield,"End of loanJun 30, 2013",out,0,Primera Division,2013,2013/2014
Villarreal CF,Jérémy Perbet,28,Centre-Forward,RAEC Mons,"End of loanJun 30, 2013",out,0,Primera Division,2013,2013/2014
Málaga CF,Vitorino Antunes,26,Left-Back,Paços Ferreira,£1.13m,in,1.13,Primera Division,2013,2013/2014
Málaga CF,Bobley Anderson,21,Attacking Midfield,Wydad AC,£900k,in,0.9,Primera Division,2013,2013/2014
Málaga CF,Pablo Pérez,28,Central Midfield,Newell's,£855k,in,0.855,Primera Division,2013,2013/2014
Málaga CF,Flávio Ferreira,21,Centre-Back,Coimbra,£450k,in,0.45,Primera Division,2013,2013/2014
Málaga CF,Roberto Chen,19,Centre-Back,San Francisco,£360k,in,0.36,Primera Division,2013,2013/2014
Málaga CF,Ezequiel Rescaldani,21,Centre-Forward,Vélez Sarsfield,£270k,in,0.27,Primera Division,2013,2013/2014
Málaga CF,Nordin Amrabat,26,Left Winger,Galatasaray,Loan fee:£270k,in,0.27,Primera Division,2013,2013/2014
Málaga CF,Bartlomiej Pawlowski,20,Right Winger,Widzew Lodz,Loan fee:£270k,in,0.27,Primera Division,2013,2013/2014
Málaga CF,Marcos Angeleri,30,Centre-Back,Estudiantes,£207k,in,0.207,Primera Division,2013,2013/2014
Málaga CF,Oleksandr Yakovenko,26,Left Winger,Fiorentina,Loan,in,0,Primera Division,2013,2013/2014
Málaga CF,Roque Santa Cruz,31,Centre-Forward,Man City,Free Transfer,in,0,Primera Division,2013,2013/2014
Málaga CF,Fernando Tissone,26,Central Midfield,Sampdoria,Free Transfer,in,0,Primera Division,2013,2013/2014
Málaga CF,Mounir El Hamdaoui,29,Centre-Forward,Fiorentina,Loan,in,0,Primera Division,2013,2013/2014
Málaga CF,Fabrice Olinga,17,Left Winger,A. Malagueño,-,in,0,Primera Division,2013,2013/2014
Málaga CF,Samu García,22,Right Winger,A. Malagueño,-,in,0,Primera Division,2013,2013/2014
Málaga CF,Sergi Darder,19,Central Midfield,A. Malagueño,-,in,0,Primera Division,2013,2013/2014
Málaga CF,Cristian Tissone,25,Defensive Midfield,A. Malagueño,-,in,0,Primera Division,2013,2013/2014
Málaga CF,José Manuel Casado,27,Left-Back,Without Club,-,in,0,Primera Division,2013,2013/2014
Málaga CF,Rubén Martínez,29,Goalkeeper,Rayo Vallecano,"End of loanJun 30, 2013",in,0,Primera Division,2013,2013/2014
Málaga CF,Edinho,30,Centre-Forward,Coimbra,"End of loanJun 30, 2013",in,0,Primera Division,2013,2013/2014
Málaga CF,Juanmi,20,Right Winger,Racing,"End of loanJun 30, 2013",in,0,Primera Division,2013,2013/2014
Málaga CF,Recio,22,Central Midfield,Granada CF,"End of loanJun 30, 2013",in,0,Primera Division,2013,2013/2014
Málaga CF,Isco,21,Attacking Midfield,Real Madrid,£27.00m,out,27,Primera Division,2013,2013/2014
Málaga CF,Jérémy Toulalan,29,Defensive Midfield,Monaco,£4.50m,out,4.5,Primera Division,2013,2013/2014
Málaga CF,Joaquín,31,Right Winger,Fiorentina,£1.62m,out,1.62,Primera Division,2013,2013/2014
Málaga CF,Fabrice Olinga,17,Left Winger,Apol. Limassol,£450k,out,0.45,Primera Division,2013,2013/2014
Málaga CF,Pedro Morales,28,Attacking Midfield,Vancouver,£315k,out,0.315,Primera Division,2013,2013/2014
Málaga CF,Júlio Baptista,31,Attacking Midfield,Cruzeiro,Free Transfer,out,0,Primera Division,2013,2013/2014
Málaga CF,Martín Demichelis,32,Centre-Back,Atlético Madrid,Free Transfer,out,0,Primera Division,2013,2013/2014
Málaga CF,Rubén Martínez,29,Goalkeeper,Rayo Vallecano,Free Transfer,out,0,Primera Division,2013,2013/2014
Málaga CF,Sebastián Fernández,28,Second Striker,Rayo Vallecano,Free Transfer,out,0,Primera Division,2013,2013/2014
Málaga CF,Bobley Anderson,21,Attacking Midfield,Zulte Waregem,Loan,out,0,Primera Division,2013,2013/2014
Málaga CF,Javier Saviola,31,Second Striker,Olympiacos,Free Transfer,out,0,Primera Division,2013,2013/2014
Málaga CF,Manuel Iturra,29,Defensive Midfield,Granada CF,Free Transfer,out,0,Primera Division,2013,2013/2014
Málaga CF,Roberto Chen,19,Centre-Back,Zulte Waregem,Loan,out,0,Primera Division,2013,2013/2014
Málaga CF,Edinho,30,Centre-Forward,Braga,Free Transfer,out,0,Primera Division,2013,2013/2014
Málaga CF,Recio,22,Central Midfield,Granada CF,Loan,out,0,Primera Division,2013,2013/2014
Málaga CF,Roque Santa Cruz,31,Centre-Forward,Man City,"End of loanJun 30, 2013",out,0,Primera Division,2013,2013/2014
Málaga CF,Diego Lugano,32,Centre-Back,Paris SG,"End of loanJun 30, 2013",out,0,Primera Division,2013,2013/2014
Málaga CF,Lucas Piazón,19,Right Winger,Chelsea,"End of loanJun 30, 2013",out,0,Primera Division,2013,2013/2014
Málaga CF,Oguchi Onyewu,31,Centre-Back,Sporting CP,"End of loanJun 30, 2013",out,0,Primera Division,2013,2013/2014
Málaga CF,Vitorino Antunes,26,Left-Back,Paços Ferreira,"End of loanJun 30, 2013",out,0,Primera Division,2013,2013/2014
Elche CF,Garry Rodrigues,23,Left Winger,Levski Sofia,£540k,in,0.54,Primera Division,2013,2013/2014
Elche CF,David Lombán,26,Centre-Back,FC Barcelona B,£45k,in,0.045,Primera Division,2013,2013/2014
Elche CF,Domingo Cisma,31,Left-Back,Atlético Madrid,Free Transfer,in,0,Primera Division,2013,2013/2014
Elche CF,Alberto Botía,24,Centre-Back,Sevilla FC,Loan,in,0,Primera Division,2013,2013/2014
Elche CF,Richmond Boakye,20,Centre-Forward,Juventus,Loan,in,0,Primera Division,2013,2013/2014
Elche CF,Toño,33,Goalkeeper,Granada CF,Free Transfer,in,0,Primera Division,2013,2013/2014
Elche CF,Cristian Sapunaru,29,Centre-Back,Real Zaragoza,Free Transfer,in,0,Primera Division,2013,2013/2014
Elche CF,Manu del Moral,29,Centre-Forward,Sevilla FC,Loan,in,0,Primera Division,2013,2013/2014
Elche CF,Carlos Sánchez,27,Defensive Midfield,Rangers Talca,?,in,NA,Primera Division,2013,2013/2014
Elche CF,Miroslav Stevanovic,22,Right Midfield,Sevilla FC,Loan,in,0,Primera Division,2013,2013/2014
Elche CF,Carles Gil,20,Attacking Midfield,Valencia B,Loan,in,0,Primera Division,2013,2013/2014
Elche CF,Rubén Pérez,24,Defensive Midfield,Atlético Madrid,Loan,in,0,Primera Division,2013,2013/2014
Elche CF,Javi Márquez,27,Central Midfield,RCD Mallorca,Loan,in,0,Primera Division,2013,2013/2014
Elche CF,Cristian Herrera,22,Centre-Forward,Elche Ilicitano,-,in,0,Primera Division,2013,2013/2014
Elche CF,Diego Rivas,26,Goalkeeper,SD Eibar,"End of loanJan 23, 2014",in,0,Primera Division,2013,2013/2014
Elche CF,Leandro Montagud,24,Goalkeeper,Ponferradina,"End of loanJun 30, 2013",in,0,Primera Division,2013,2013/2014
Elche CF,Jordi Xumetra,27,Right Winger,Levante,Free Transfer,out,0,Primera Division,2013,2013/2014
Elche CF,Diego Rivas,26,Goalkeeper,CD Tenerife,Loan,out,0,Primera Division,2013,2013/2014
Elche CF,Xabier Etxeita,25,Centre-Back,Athletic,Free Transfer,out,0,Primera Division,2013,2013/2014
Elche CF,Miguel Linares,30,Centre-Forward,Recr. Huelva,Free Transfer,out,0,Primera Division,2013,2013/2014
Elche CF,Javier Flaño,28,Right-Back,CD Mirandés,Free Transfer,out,0,Primera Division,2013,2013/2014
Elche CF,Leandro Montagud,24,Goalkeeper,Levante B,Free Transfer,out,0,Primera Division,2013,2013/2014
Elche CF,Miguel Palanca,25,Left Winger,CD Numancia,Free Transfer,out,0,Primera Division,2013,2013/2014
Elche CF,Héctor Verdés,29,Centre-Back,Alcorcón,Free Transfer,out,0,Primera Division,2013,2013/2014
Elche CF,Diego Rivas,26,Goalkeeper,SD Eibar,Loan,out,0,Primera Division,2013,2013/2014
Elche CF,David Generelo,31,Central Midfield,RCD Mallorca,Free Transfer,out,0,Primera Division,2013,2013/2014
Elche CF,Pelayo,22,Central Midfield,Córdoba CF,Loan,out,0,Primera Division,2013,2013/2014
Elche CF,Ricardo Buitrago,27,Attacking Midfield,Plaza Amador,?,out,NA,Primera Division,2013,2013/2014
Elche CF,Grégory Béranger,32,Left-Back,Retired,-,out,0,Primera Division,2013,2013/2014
Elche CF,Berry Powel,33,Centre-Forward,Without Club,-,out,0,Primera Division,2013,2013/2014
Elche CF,Miroslav Stevanovic,23,Right Midfield,Sevilla FC,"End of loanJan 31, 2014",out,0,Primera Division,2013,2013/2014
Elche CF,Ángel Rodríguez,26,Centre-Forward,Levante,"End of loanJun 30, 2013",out,0,Primera Division,2013,2013/2014
Elche CF,Carles Gil,20,Attacking Midfield,Valencia B,"End of loanJun 30, 2013",out,0,Primera Division,2013,2013/2014
UD Almería,Hans Martínez,26,Centre-Back,CDUC,Loan,in,0,Primera Division,2013,2013/2014
UD Almería,Óscar Díaz,29,Centre-Forward,CD Lugo,Free Transfer,in,0,Primera Division,2013,2013/2014
UD Almería,Julián Cuesta,22,Goalkeeper,Sevilla FC,Loan,in,0,Primera Division,2013,2013/2014
UD Almería,Mané,32,Left-Back,M. Tel Aviv,Free Transfer,in,0,Primera Division,2013,2013/2014
UD Almería,Marcos Tébar,27,Defensive Midfield,Girona,Free Transfer,in,0,Primera Division,2013,2013/2014
UD Almería,Óscar Ustari,27,Goalkeeper,Boca Juniors,Free Transfer,in,0,Primera Division,2013,2013/2014
UD Almería,Hélder Barbosa,26,Left Winger,Braga,Loan,in,0,Primera Division,2013,2013/2014
UD Almería,Sebastián Dubarbier,27,Left-Back,Córdoba CF,?,in,NA,Primera Division,2013,2013/2014
UD Almería,Suso,19,Right Winger,Liverpool,Loan,in,0,Primera Division,2013,2013/2014
UD Almería,Marco Torsiglieri,25,Centre-Back,Metalist,Loan,in,0,Primera Division,2013,2013/2014
UD Almería,Rodri,23,Centre-Forward,FC Barcelona B,Loan,in,0,Primera Division,2013,2013/2014
UD Almería,Nélson,30,Right-Back,US Palermo,Loan,in,0,Primera Division,2013,2013/2014
UD Almería,Raúl Carnero,24,Left-Back,UD Almería B,-,in,0,Primera Division,2013,2013/2014
UD Almería,Jonathan Zongo,24,Right Winger,UD Almería B,-,in,0,Primera Division,2013,2013/2014
UD Almería,Ramon Azeez,20,Central Midfield,UD Almería B,-,in,0,Primera Division,2013,2013/2014
UD Almería,Hernán Bernardello,26,Defensive Midfield,Colón,"End of loanJun 30, 2013",in,0,Primera Division,2013,2013/2014
UD Almería,Charles,29,Centre-Forward,Celta de Vigo,£900k,out,0.9,Primera Division,2013,2013/2014
UD Almería,Rubén Suárez,34,Second Striker,Skoda Xanthi,Free Transfer,out,0,Primera Division,2013,2013/2014
UD Almería,Raúl Carnero,24,Left-Back,Alavés,Loan,out,0,Primera Division,2013,2013/2014
UD Almería,Diego García,23,Goalkeeper,Ponferradina,Free Transfer,out,0,Primera Division,2013,2013/2014
UD Almería,Álvaro Mejía,31,Centre-Back,Ergotelis,Free Transfer,out,0,Primera Division,2013,2013/2014
UD Almería,Óscar Ustari,27,Goalkeeper,Sunderland,Free Transfer,out,0,Primera Division,2013,2013/2014
UD Almería,Abel Molinero,24,Left Winger,Real Jaén CF,Free Transfer,out,0,Primera Division,2013,2013/2014
UD Almería,Christian Fernández,28,Centre-Back,D.C. United,Free Transfer,out,0,Primera Division,2013,2013/2014
UD Almería,Carlos Calvo,27,Attacking Midfield,Skoda Xanthi,Free Transfer,out,0,Primera Division,2013,2013/2014
UD Almería,Hernán Bernardello,26,Defensive Midfield,Montreal Impact,?,out,NA,Primera Division,2013,2013/2014
UD Almería,Hernán Pellerano,29,Centre-Back,Club Tijuana,?,out,NA,Primera Division,2013,2013/2014
UD Almería,Iago Falque,23,Right Winger,Spurs,"End of loanJun 30, 2013",out,0,Primera Division,2013,2013/2014
UD Almería,Adrián Gunino,24,Right-Back,CA Fénix,"End of loanJun 30, 2013",out,0,Primera Division,2013,2013/2014
UD Almería,Miguel Pallardó,26,Central Midfield,Levante,"End of loanJun 30, 2013",out,0,Primera Division,2013,2013/2014
Levante UD,Aloys Nong,29,Centre-Forward,RAEC Mons,£270k,in,0.27,Primera Division,2013,2013/2014
Levante UD,Sérgio da Silva Pinto,32,Central Midfield,Hannover 96,Free Transfer,in,0,Primera Division,2013,2013/2014
Levante UD,Andreas Ivanschitz,29,Attacking Midfield,1.FSV Mainz 05,Free Transfer,in,0,Primera Division,2013,2013/2014
Levante UD,Nagore,33,Right-Back,Alcorcón,Free Transfer,in,0,Primera Division,2013,2013/2014
Levante UD,Jordi Xumetra,27,Right Winger,Elche CF,Free Transfer,in,0,Primera Division,2013,2013/2014
Levante UD,Issam El Adoua,26,Defensive Midfield,Vit. Guimarães,Free Transfer,in,0,Primera Division,2013,2013/2014
Levante UD,Víctor Casadesús,28,Centre-Forward,RCD Mallorca,Free Transfer,in,0,Primera Division,2013,2013/2014
Levante UD,David Barral,30,Centre-Forward,Orduspor,Free Transfer,in,0,Primera Division,2013,2013/2014
Levante UD,Javi Jiménez,26,Goalkeeper,Real Murcia,Free Transfer,in,0,Primera Division,2013,2013/2014
Levante UD,Rémi Gomis,29,Defensive Midfield,Valenciennes FC,Free Transfer,in,0,Primera Division,2013,2013/2014
Levante UD,Baba Diawara,25,Centre-Forward,Sevilla FC,Loan,in,0,Primera Division,2013,2013/2014
Levante UD,Mohamed Sissoko,29,Defensive Midfield,Without Club,-,in,0,Primera Division,2013,2013/2014
Levante UD,Iván López,19,Right-Back,Levante B,-,in,0,Primera Division,2013,2013/2014
Levante UD,José Luis Morales,25,Centre-Forward,Levante B,-,in,0,Primera Division,2013,2013/2014
Levante UD,Ángel Rodríguez,26,Centre-Forward,Elche CF,"End of loanJun 30, 2013",in,0,Primera Division,2013,2013/2014
Levante UD,Miguel Pallardó,26,Central Midfield,UD Almería,"End of loanJun 30, 2013",in,0,Primera Division,2013,2013/2014
Levante UD,Vicente Iborra,25,Defensive Midfield,Sevilla FC,£5.40m,out,5.4,Primera Division,2013,2013/2014
Levante UD,Míchel,24,Attacking Midfield,Valencia,£378k,out,0.378,Primera Division,2013,2013/2014
Levante UD,Gustavo Munúa,35,Goalkeeper,Fiorentina,Free Transfer,out,0,Primera Division,2013,2013/2014
Levante UD,Rémi Gomis,29,Defensive Midfield,FC Nantes,Free Transfer,out,0,Primera Division,2013,2013/2014
Levante UD,Juanlu,33,Left Midfield,AEL Kalloni,Free Transfer,out,0,Primera Division,2013,2013/2014
Levante UD,José Javier Barkero,34,Attacking Midfield,Real Zaragoza,Free Transfer,out,0,Primera Division,2013,2013/2014
Levante UD,José Luis Morales,26,Centre-Forward,SD Eibar,Loan,out,0,Primera Division,2013,2013/2014
Levante UD,Aloys Nong,30,Centre-Forward,Recr. Huelva,Loan,out,0,Primera Division,2013,2013/2014
Levante UD,Iván López,19,Right-Back,Girona,Loan,out,0,Primera Division,2013,2013/2014
Levante UD,Roger Martí,22,Centre-Forward,Real Zaragoza,Loan,out,0,Primera Division,2013,2013/2014
Levante UD,Sergio Ballesteros,37,Centre-Back,Retired,-,out,0,Primera Division,2013,2013/2014
Levante UD,Dariusz Dudka,29,Centre-Back,Without Club,-,out,0,Primera Division,2013,2013/2014
Levante UD,Christian Lell,29,Right-Back,Without Club,-,out,0,Primera Division,2013,2013/2014
Levante UD,Valdo,32,Right Winger,Atlante,"End of loanJun 30, 2013",out,0,Primera Division,2013,2013/2014
Levante UD,Robert Acquafresca,25,Centre-Forward,Bologna,"End of loanJun 30, 2013",out,0,Primera Division,2013,2013/2014
Getafe CF,Pedro León,26,Right Winger,Real Madrid,£5.40m,in,5.4,Primera Division,2013,2013/2014
Getafe CF,Sammir,26,Attacking Midfield,Dinamo Zagreb,£2.25m,in,2.25,Primera Division,2013,2013/2014
Getafe CF,Sergio Escudero,23,Left-Back,FC Schalke 04,£1.35m,in,1.35,Primera Division,2013,2013/2014
Getafe CF,Denis Kramar,22,Centre-Back,En. Paralimni,Free Transfer,in,0,Primera Division,2013,2013/2014
Getafe CF,Lisandro López,24,Centre-Back,Benfica,Loan,in,0,Primera Division,2013,2013/2014
Getafe CF,Roberto Lago,27,Left-Back,Celta de Vigo,Free Transfer,in,0,Primera Division,2013,2013/2014
Getafe CF,Alexis,27,Centre-Back,Sevilla FC,Free Transfer,in,0,Primera Division,2013,2013/2014
Getafe CF,Álex Pérez,22,Centre-Back,Levski Sofia,"End of loanJan 24, 2014",in,0,Primera Division,2013,2013/2014
Getafe CF,Júlio César,27,Goalkeeper,Without Club,-,in,0,Primera Division,2013,2013/2014
Getafe CF,Ciprian Marica,27,Centre-Forward,Without Club,-,in,0,Primera Division,2013,2013/2014
Getafe CF,Miku Fedor,27,Centre-Forward,Celtic,"End of loanJun 30, 2013",in,0,Primera Division,2013,2013/2014
Getafe CF,Javier Arizmendi,29,Centre-Forward,RCD Mallorca,"End of loanJun 30, 2013",in,0,Primera Division,2013,2013/2014
Getafe CF,Álex Pérez,21,Centre-Back,SD Huesca,"End of loanJun 30, 2013",in,0,Primera Division,2013,2013/2014
Getafe CF,Pedro Mosquera,25,Central Midfield,RM Castilla,"End of loanJun 30, 2013",in,0,Primera Division,2013,2013/2014
Getafe CF,Álvaro Arroyo,24,Right-Back,Alcorcón,"End of loanJun 30, 2013",in,0,Primera Division,2013,2013/2014
Getafe CF,Dani Güiza,32,Centre-Forward,Johor DT,"End of loanJun 30, 2013",in,0,Primera Division,2013,2013/2014
Getafe CF,Abdelaziz Barrada,24,Attacking Midfield,Al-Jazira,£7.65m,out,7.65,Primera Division,2013,2013/2014
Getafe CF,Xavi Torres,26,Defensive Midfield,Real Betis,£2.52m,out,2.52,Primera Division,2013,2013/2014
Getafe CF,Miku Fedor,28,Centre-Forward,Al Gharafa,£1.35m,out,1.35,Primera Division,2013,2013/2014
Getafe CF,Álvaro Vázquez,22,Centre-Forward,Swansea,Loan fee:£1.08m,out,1.08,Primera Division,2013,2013/2014
Getafe CF,Miguel Torres,27,Right-Back,Olympiacos,£450k,out,0.45,Primera Division,2013,2013/2014
Getafe CF,Alberto Lopo,33,Centre-Back,Dep. La Coruña,Free Transfer,out,0,Primera Division,2013,2013/2014
Getafe CF,Mané,31,Left-Back,M. Tel Aviv,Free Transfer,out,0,Primera Division,2013,2013/2014
Getafe CF,Javier Arizmendi,29,Centre-Forward,Dep. La Coruña,Free Transfer,out,0,Primera Division,2013,2013/2014
Getafe CF,Álex Pérez,22,Centre-Back,Levski Sofia,Loan,out,0,Primera Division,2013,2013/2014
Getafe CF,Hugo Fraile,26,Right Winger,Sporting Gijón,Free Transfer,out,0,Primera Division,2013,2013/2014
Getafe CF,Dani Güiza,32,Centre-Forward,Cerro Porteño,Free Transfer,out,0,Primera Division,2013,2013/2014
Getafe CF,Álex Pérez,22,Centre-Back,Recr. Huelva,Loan,out,0,Primera Division,2013,2013/2014
Getafe CF,Pedro León,26,Right Winger,Real Madrid,"End of loanJun 30, 2013",out,0,Primera Division,2013,2013/2014
Getafe CF,Sergio Escudero,23,Left-Back,FC Schalke 04,"End of loanJun 30, 2013",out,0,Primera Division,2013,2013/2014
Getafe CF,Paco Alcácer,19,Centre-Forward,Valencia,"End of loanJun 30, 2013",out,0,Primera Division,2013,2013/2014
Getafe CF,Alexis,27,Centre-Back,Sevilla FC,"End of loanJun 30, 2013",out,0,Primera Division,2013,2013/2014
Getafe CF,Federico Fernández,24,Centre-Back,SSC Napoli,"End of loanJun 30, 2013",out,0,Primera Division,2013,2013/2014
Granada CF,Yacine Brahimi,23,Left Winger,Stade Rennais,£2.25m,in,2.25,Primera Division,2013,2013/2014
Granada CF,Douglas Santos,19,Left-Back,Náutico,£2.07m,in,2.07,Primera Division,2013,2013/2014
Granada CF,Alexis Zapata,18,Attacking Midfield,Envigado,£1.06m,in,1.06,Primera Division,2013,2013/2014
Granada CF,Riki,32,Centre-Forward,Dep. La Coruña,Free Transfer,in,0,Primera Division,2013,2013/2014
Granada CF,Essaïd Belkalem,24,Centre-Back,JS Kabylie,Free Transfer,in,0,Primera Division,2013,2013/2014
Granada CF,Matías Campos Toro,24,Left-Back,Udinese Calcio,Loan,in,0,Primera Division,2013,2013/2014
Granada CF,Piti,32,Attacking Midfield,Rayo Vallecano,Free Transfer,in,0,Primera Division,2013,2013/2014
Granada CF,Manuel Iturra,29,Defensive Midfield,Málaga CF,Free Transfer,in,0,Primera Division,2013,2013/2014
Granada CF,Gai Assulin,22,Left Winger,Racing,Free Transfer,in,0,Primera Division,2013,2013/2014
Granada CF,Dimitri Foulquier,20,Right-Back,Stade Rennais,Loan,in,0,Primera Division,2013,2013/2014
Granada CF,Michaël Pereira,25,Right Midfield,RCD Mallorca,Loan,in,0,Primera Division,2013,2013/2014
Granada CF,Odion Ighalo,24,Centre-Forward,Udinese Calcio,Loan,in,0,Primera Division,2013,2013/2014
Granada CF,Alfredo Ortuño,22,Centre-Forward,La Hoya Lorca,?,in,NA,Primera Division,2013,2013/2014
Granada CF,Christian Bravo,20,Right Winger,Inter Zapresic,?,in,NA,Primera Division,2013,2013/2014
Granada CF,Orestis Karnezis,28,Goalkeeper,Udinese Calcio,Loan,in,0,Primera Division,2013,2013/2014
Granada CF,Tiago Ilori,20,Centre-Back,Liverpool,Loan,in,0,Primera Division,2013,2013/2014
Granada CF,Recio,22,Central Midfield,Málaga CF,Loan,in,0,Primera Division,2013,2013/2014
Granada CF,Alexandre Coeff,21,Defensive Midfield,Udinese Calcio,Loan,in,0,Primera Division,2013,2013/2014
Granada CF,Jon Ander Garrido,24,Defensive Midfield,Barakaldo CF,?,in,NA,Primera Division,2013,2013/2014
Granada CF,Douglas Santos,19,Left-Back,Udinese Calcio,"End of loanJan 29, 2014",in,0,Primera Division,2013,2013/2014
Granada CF,Silvan Widmer,20,Right-Back,FC Aarau,"End of loanJun 30, 2013",in,0,Primera Division,2013,2013/2014
Granada CF,Ikechi Anya,25,Left Midfield,Watford,"End of loanJun 30, 2013",in,0,Primera Division,2013,2013/2014
Granada CF,Ritchie Kitoko,25,Central Midfield,Girona,"End of loanJun 30, 2013",in,0,Primera Division,2013,2013/2014
Granada CF,David de Coz,33,Right-Back,CD Lugo,"End of loanJun 30, 2013",in,0,Primera Division,2013,2013/2014
Granada CF,Álex Bernal,22,Central Midfield,CD Leganés,"End of loanJun 30, 2013",in,0,Primera Division,2013,2013/2014
Granada CF,Naldo,24,Centre-Back,Bologna,"End of loanJun 30, 2013",in,0,Primera Division,2013,2013/2014
Granada CF,Jeison Murillo,21,Centre-Back,UD Las Palmas,"End of loanJun 30, 2013",in,0,Primera Division,2013,2013/2014
Granada CF,Daniel Pudil,27,Left-Back,Watford,"End of loanJun 30, 2013",in,0,Primera Division,2013,2013/2014
Granada CF,Álex Cruz,23,Right Winger,UCAM Murcia,"End of loanJun 30, 2013",in,0,Primera Division,2013,2013/2014
Granada CF,Darwin Machís,20,Left Winger,Guimarães B,"End of loanJun 30, 2013",in,0,Primera Division,2013,2013/2014
Granada CF,José María Cases,26,Attacking Midfield,CD Alcoyano,"End of loanJun 30, 2013",in,0,Primera Division,2013,2013/2014
Granada CF,Héctor Yuste,25,Centre-Back,Racing,"End of loanJun 30, 2013",in,0,Primera Division,2013,2013/2014
Granada CF,David Ferreiro,25,Right Winger,Racing,"End of loanJun 30, 2013",in,0,Primera Division,2013,2013/2014
Granada CF,Toti,25,Attacking Midfield,Hércules CF,"End of loanJun 30, 2013",in,0,Primera Division,2013,2013/2014
Granada CF,Jona,24,Centre-Forward,Vit. Guimarães,"End of loanJun 30, 2013",in,0,Primera Division,2013,2013/2014
Granada CF,Kabiru Akinsola,22,Centre-Forward,Doxa Katokopias,"End of loanJun 30, 2013",in,0,Primera Division,2013,2013/2014
Granada CF,Mikel Rico,28,Central Midfield,Athletic,£2.61m,out,2.61,Primera Division,2013,2013/2014
Granada CF,Douglas Santos,19,Left-Back,Udinese Calcio,£2.07m,out,2.07,Primera Division,2013,2013/2014
Granada CF,Guilherme Siqueira,27,Left-Back,Benfica,Loan fee:£900k,out,0.9,Primera Division,2013,2013/2014
Granada CF,Naldo,24,Centre-Back,Udinese Calcio,£450k,out,0.45,Primera Division,2013,2013/2014
Granada CF,José María Cases,26,Attacking Midfield,Panthrakikos,Free Transfer,out,0,Primera Division,2013,2013/2014
Granada CF,Daniel Pudil,27,Left-Back,Watford,Free Transfer,out,0,Primera Division,2013,2013/2014
Granada CF,Carlos Aranda,33,Centre-Forward,UD Las Palmas,Free Transfer,out,0,Primera Division,2013,2013/2014
Granada CF,David de Coz,33,Right-Back,CD Lugo,Free Transfer,out,0,Primera Division,2013,2013/2014
Granada CF,Gai Assulin,22,Left Winger,Hércules CF,Loan,out,0,Primera Division,2013,2013/2014
Granada CF,Iñigo López,30,Centre-Back,PAOK Salonika,Free Transfer,out,0,Primera Division,2013,2013/2014
Granada CF,Toño,33,Goalkeeper,Elche CF,Free Transfer,out,0,Primera Division,2013,2013/2014
Granada CF,Essaïd Belkalem,24,Centre-Back,Watford,Loan,out,0,Primera Division,2013,2013/2014
Granada CF,Toti,25,Attacking Midfield,Alavés,Loan,out,0,Primera Division,2013,2013/2014
Granada CF,Manuel Lucena,30,Centre-Back,CD Mirandés,Free Transfer,out,0,Primera Division,2013,2013/2014
Granada CF,Pape Diakhaté,29,Centre-Back,K. Erciyesspor,Loan,out,0,Primera Division,2013,2013/2014
Granada CF,Juanma Ortiz,31,Right-Back,Hércules CF,Loan,out,0,Primera Division,2013,2013/2014
Granada CF,Jon Ander Garrido,24,Defensive Midfield,Cádiz CF,Loan,out,0,Primera Division,2013,2013/2014
Granada CF,Alexis Zapata,18,Attacking Midfield,Sassuolo U19,Loan,out,0,Primera Division,2013,2013/2014
Granada CF,David Ferreiro,25,Right Winger,Hércules CF,Loan,out,0,Primera Division,2013,2013/2014
Granada CF,Ritchie Kitoko,25,Central Midfield,Real Jaén CF,Loan,out,0,Primera Division,2013,2013/2014
Granada CF,Alfredo Ortuño,22,Centre-Forward,Girona,Loan,out,0,Primera Division,2013,2013/2014
Granada CF,Héctor Yuste,25,Centre-Back,Hércules CF,Loan,out,0,Primera Division,2013,2013/2014
Granada CF,Jona,24,Centre-Forward,Real Jaén CF,Loan,out,0,Primera Division,2013,2013/2014
Granada CF,Ikechi Anya,25,Left Midfield,Watford,?,out,NA,Primera Division,2013,2013/2014
Granada CF,Hassan Yebda,29,Central Midfield,Udinese Calcio,Loan,out,0,Primera Division,2013,2013/2014
Granada CF,Silvan Widmer,20,Right-Back,Udinese Calcio,?,out,NA,Primera Division,2013,2013/2014
Granada CF,Kabiru Akinsola,22,Centre-Forward,CE L’Hospitalet,Loan,out,0,Primera Division,2013,2013/2014
Granada CF,Álex Bernal,22,Central Midfield,SD Huesca,?,out,NA,Primera Division,2013,2013/2014
Granada CF,Iriney,32,Central Midfield,Watford,?,out,NA,Primera Division,2013,2013/2014
Granada CF,Douglas Santos,19,Left-Back,Udinese Calcio,Loan,out,0,Primera Division,2013,2013/2014
Granada CF,Álex Cruz,23,Right Winger,Granada CF B,-,out,0,Primera Division,2013,2013/2014
Granada CF,Darwin Machís,20,Left Winger,Granada CF B,-,out,0,Primera Division,2013,2013/2014
Granada CF,Matías Campos Toro,24,Left-Back,Udinese Calcio,"End of loanDec 25, 2013",out,0,Primera Division,2013,2013/2014
Granada CF,Yacine Brahimi,23,Left Winger,Stade Rennais,"End of loanJun 30, 2013",out,0,Primera Division,2013,2013/2014
Granada CF,Gabriel Torje,23,Right Winger,Udinese Calcio,"End of loanJun 30, 2013",out,0,Primera Division,2013,2013/2014
Granada CF,Nolito,26,Left Winger,Benfica,"End of loanJun 30, 2013",out,0,Primera Division,2013,2013/2014
Granada CF,Odion Ighalo,24,Centre-Forward,Udinese Calcio,"End of loanJun 30, 2013",out,0,Primera Division,2013,2013/2014
Granada CF,Recio,22,Central Midfield,Málaga CF,"End of loanJun 30, 2013",out,0,Primera Division,2013,2013/2014
