club_name,player_name,age,position,club_involved_name,fee,transfer_movement,fee_cleaned,league_name,year,season
AC Milan,Ricardo Oliveira,26,Centre-Forward,Real Betis,£13.50m,in,13.5,Serie A,2006,2006/2007
AC Milan,Massimo Oddo,30,Right-Back,Lazio,£6.98m,in,6.98,Serie A,2006,2006/2007
AC Milan,Ronaldo,30,Centre-Forward,Real Madrid,£6.75m,in,6.75,Serie A,2006,2006/2007
AC Milan,Yoann Gourcuff,19,Attacking Midfield,Stade Rennais,£4.05m,in,4.05,Serie A,2006,2006/2007
AC Milan,Daniele Bonera,25,Centre-Back,Parma,£2.97m,in,2.97,Serie A,2006,2006/2007
AC Milan,Leandro Grimi,21,Left-Back,Racing Club,£2.25m,in,2.25,Serie A,2006,2006/2007
AC Milan,Marco Storari,30,Goalkeeper,Messina Peloro,£765k,in,0.765,Serie A,2006,2006/2007
AC Milan,Giuseppe Favalli,34,Left-Back,Inter,Free Transfer,in,0,Serie A,2006,2006/2007
AC Milan,Ferdinando Coppola,28,Goalkeeper,Ascoli,?,in,NA,Serie A,2006,2006/2007
AC Milan,Pasquale Foggia,23,Attacking Midfield,FC Empoli,?,in,NA,Serie A,2006,2006/2007
AC Milan,Luca Antonelli,19,Left-Back,Milan U19,-,in,0,Serie A,2006,2006/2007
AC Milan,Sandro Bloudek,20,Attacking Midfield,Pistoiese,"End of loanDec 1, 2006",in,0,Serie A,2006,2006/2007
AC Milan,Davide Di Gennaro,18,Defensive Midfield,Milan U19,-,in,0,Serie A,2006,2006/2007
AC Milan,Christian Abbiati,28,Goalkeeper,Juventus,"End of loanJun 30, 2006",in,0,Serie A,2006,2006/2007
AC Milan,Alessandro Matri,21,Centre-Forward,Lumezzane,"End of loanJun 30, 2006",in,0,Serie A,2006,2006/2007
AC Milan,Catilina Aubameyang,22,Left Midfield,FC Chiasso,"End of loanJun 30, 2006",in,0,Serie A,2006,2006/2007
AC Milan,Dimitrios Eleftheropoulos,29,Goalkeeper,AS Roma,"End of loanJun 30, 2006",in,0,Serie A,2006,2006/2007
AC Milan,Nicola Pozzi,20,Centre-Forward,FC Empoli,"End of loanJun 30, 2006",in,0,Serie A,2006,2006/2007
AC Milan,Massimo Donati,25,Defensive Midfield,Messina Peloro,"End of loanJun 30, 2006",in,0,Serie A,2006,2006/2007
AC Milan,Romano Perticone,19,Centre-Back,AS Pizzighettone,"End of loanJun 30, 2006",in,0,Serie A,2006,2006/2007
AC Milan,Michele Piccolo,20,Forward,AS Pizzighettone,"End of loanJun 30, 2006",in,0,Serie A,2006,2006/2007
AC Milan,Samuele Dalla Bona,25,Central Midfield,Sampdoria,"End of loanJun 30, 2006",in,0,Serie A,2006,2006/2007
AC Milan,Marco Borriello,24,Centre-Forward,Treviso,"End of loanJun 30, 2006",in,0,Serie A,2006,2006/2007
AC Milan,Patrick Kalambay,22,Right Midfield,Lumezzane,"End of loanJun 30, 2006",in,0,Serie A,2006,2006/2007
AC Milan,Ignazio Abate,19,Right-Back,Piacenza,"End of loanJun 30, 2006",in,0,Serie A,2006,2006/2007
AC Milan,Filippo Porcari,22,Defensive Midfield,Novara,"End of loanJun 30, 2006",in,0,Serie A,2006,2006/2007
AC Milan,Cristian Brocchi,30,Central Midfield,Fiorentina,"End of loanJun 30, 2006",in,0,Serie A,2006,2006/2007
AC Milan,Andrii Shevchenko,29,Centre-Forward,Chelsea,£39.49m,out,39.49,Serie A,2006,2006/2007
AC Milan,Johann Vogel,29,Defensive Midfield,Real Betis,£4.05m,out,4.05,Serie A,2006,2006/2007
AC Milan,Pasquale Foggia,23,Attacking Midfield,Lazio,£2.84m,out,2.84,Serie A,2006,2006/2007
AC Milan,Jaap Stam,33,Centre-Back,Ajax,£2.70m,out,2.7,Serie A,2006,2006/2007
AC Milan,Nicola Pozzi,20,Centre-Forward,FC Empoli,£2.25m,out,2.25,Serie A,2006,2006/2007
AC Milan,Christian Abbiati,29,Goalkeeper,Torino,Loan fee:£270k,out,0.27,Serie A,2006,2006/2007
AC Milan,Sandro Bloudek,20,Attacking Midfield,Cremonese,Loan,out,0,Serie A,2006,2006/2007
AC Milan,Romano Perticone,19,Centre-Back,Hellas Verona,Loan,out,0,Serie A,2006,2006/2007
AC Milan,Catilina Aubameyang,22,Left Midfield,Paris FC,Free Transfer,out,0,Serie A,2006,2006/2007
AC Milan,Sandro Bloudek,20,Attacking Midfield,Pistoiese,Loan,out,0,Serie A,2006,2006/2007
AC Milan,Rui Costa,34,Attacking Midfield,Benfica,Free Transfer,out,0,Serie A,2006,2006/2007
AC Milan,Samuele Dalla Bona,25,Central Midfield,SSC Napoli,Free Transfer,out,0,Serie A,2006,2006/2007
AC Milan,Dimitrios Eleftheropoulos,29,Goalkeeper,Ascoli,Free Transfer,out,0,Serie A,2006,2006/2007
AC Milan,Márcio Amoroso,32,Centre-Forward,Corinthians,Free Transfer,out,0,Serie A,2006,2006/2007
AC Milan,Michele Piccolo,20,Forward,AS Pizzighettone,£900,out,NA,Serie A,2006,2006/2007
AC Milan,Davide Astori,19,Centre-Back,AS Pizzighettone,Loan,out,0,Serie A,2006,2006/2007
AC Milan,Lino Marzorati,19,Centre-Back,FC Empoli,Loan,out,0,Serie A,2006,2006/2007
AC Milan,Ferdinando Coppola,28,Goalkeeper,Piacenza,Loan,out,0,Serie A,2006,2006/2007
AC Milan,Patrick Kalambay,22,Right Midfield,Triestina,Loan,out,0,Serie A,2006,2006/2007
AC Milan,Ignazio Abate,19,Right-Back,Modena,Loan,out,0,Serie A,2006,2006/2007
AC Milan,Eros Favaretto,19,Goalkeeper,Viterbese,?,out,NA,Serie A,2006,2006/2007
AC Milan,Massimo Donati,25,Defensive Midfield,Atalanta,Loan,out,0,Serie A,2006,2006/2007
AC Milan,Alessandro Matri,21,Centre-Forward,Rimini,Loan,out,0,Serie A,2006,2006/2007
AC Milan,Filippo Porcari,22,Defensive Midfield,Avellino,Loan,out,0,Serie A,2006,2006/2007
AS Roma,David Pizarro,26,Central Midfield,Inter,£11.70m,in,11.7,Serie A,2006,2006/2007
AS Roma,Mirko Vucinic,22,Second Striker,Lecce,Loan fee:£2.93m,in,2.93,Serie A,2006,2006/2007
AS Roma,Marco Cassetti,29,Right-Back,Lecce,£2.12m,in,2.12,Serie A,2006,2006/2007
AS Roma,Francesco Tavano,27,Centre-Forward,Valencia,Loan fee:£522k,in,0.522,Serie A,2006,2006/2007
AS Roma,Valerio Virga,20,Right-Back,US Palermo,£450k,in,0.45,Serie A,2006,2006/2007
AS Roma,Christian Wilhelmsson,27,Right Winger,FC Nantes,Loan fee:£450k,in,0.45,Serie A,2006,2006/2007
AS Roma,Édgar Álvarez,26,Right Midfield,Peñarol,£360k,in,0.36,Serie A,2006,2006/2007
AS Roma,Júlio Sérgio,27,Goalkeeper,Juventude,£360k,in,0.36,Serie A,2006,2006/2007
AS Roma,Rodrigo Defendi,20,Centre-Back,Spurs,Loan fee:£338k,in,0.338,Serie A,2006,2006/2007
AS Roma,Ricardo Faty,19,Defensive Midfield,R. Strasbourg,£324k,in,0.324,Serie A,2006,2006/2007
AS Roma,Gilberto Martínez,26,Centre-Back,Brescia,Loan fee:£225k,in,0.225,Serie A,2006,2006/2007
AS Roma,Max Tonetto,31,Left-Back,Sampdoria,Free Transfer,in,0,Serie A,2006,2006/2007
AS Roma,Daniele Magliocchetti,20,Centre-Back,Roma U19,-,in,0,Serie A,2006,2006/2007
AS Roma,Shabani Nonda,30,Centre-Forward,Blackburn,"End of loanMay 1, 2007",in,0,Serie A,2006,2006/2007
AS Roma,Daniele Galloppa,21,Central Midfield,Ascoli,"End of loanDec 31, 2006",in,0,Serie A,2006,2006/2007
AS Roma,Mido,23,Centre-Forward,Spurs,"End of loanJun 30, 2006",in,0,Serie A,2006,2006/2007
AS Roma,Daniele Corvia,21,Centre-Forward,Ternana,"End of loanJun 30, 2006",in,0,Serie A,2006,2006/2007
AS Roma,Gianluca Galasso,22,Right-Back,Ternana,"End of loanJun 30, 2006",in,0,Serie A,2006,2006/2007
AS Roma,Gianluca Comotto,27,Right-Back,Ascoli,"End of loanJun 30, 2006",in,0,Serie A,2006,2006/2007
AS Roma,Carlo Zotti,23,Goalkeeper,Ascoli,"End of loanJun 30, 2006",in,0,Serie A,2006,2006/2007
AS Roma,Adewale Dauda Wahab,21,Central Midfield,Teramo,"End of loanJun 30, 2006",in,0,Serie A,2006,2006/2007
AS Roma,Matteo Ferrari,26,Centre-Back,Everton,"End of loanJun 30, 2006",in,0,Serie A,2006,2006/2007
AS Roma,Gaetano D'Agostino,24,Central Midfield,Messina Peloro,"End of loanJun 30, 2006",in,0,Serie A,2006,2006/2007
AS Roma,Daniele Galloppa,21,Central Midfield,Triestina,"End of loanJun 30, 2006",in,0,Serie A,2006,2006/2007
AS Roma,Mido,23,Centre-Forward,Spurs,£6.08m,out,6.08,Serie A,2006,2006/2007
AS Roma,Cesare Bovo,23,Centre-Back,US Palermo,£3.20m,out,3.2,Serie A,2006,2006/2007
AS Roma,Gianluca Comotto,27,Right-Back,Torino,£1.98m,out,1.98,Serie A,2006,2006/2007
AS Roma,Leandro Cufré,28,Left-Back,Monaco,£1.89m,out,1.89,Serie A,2006,2006/2007
AS Roma,Ivan Pelizzoli,25,Goalkeeper,Reggina,£1.80m,out,1.8,Serie A,2006,2006/2007
AS Roma,Gaetano D'Agostino,24,Central Midfield,Udinese,£1.08m,out,1.08,Serie A,2006,2006/2007
AS Roma,Samuel Kuffour,29,Centre-Back,AS Livorno,Loan fee:£495k,out,0.495,Serie A,2006,2006/2007
AS Roma,Daniele Corvia,21,Centre-Forward,Siena,£360k,out,0.36,Serie A,2006,2006/2007
AS Roma,Édgar Álvarez,26,Right Midfield,Messina Peloro,Loan fee:£270k,out,0.27,Serie A,2006,2006/2007
AS Roma,Gianluca Galasso,22,Right-Back,Frosinone,Loan fee:£225k,out,0.225,Serie A,2006,2006/2007
AS Roma,Carlo Zotti,24,Goalkeeper,Sampdoria,Loan fee:£149k,out,0.149,Serie A,2006,2006/2007
AS Roma,Daniele Galloppa,21,Central Midfield,Ascoli,Loan fee:£135k,out,0.135,Serie A,2006,2006/2007
AS Roma,Olivier Dacourt,31,Defensive Midfield,Inter,Free Transfer,out,0,Serie A,2006,2006/2007
AS Roma,Adewale Dauda Wahab,21,Central Midfield,Catanzaro,Loan,out,0,Serie A,2006,2006/2007
AS Roma,Damiano Tommasi,32,Defensive Midfield,Levante,Free Transfer,out,0,Serie A,2006,2006/2007
AS Roma,Alessio Cerci,19,Right Winger,Brescia,Loan,out,0,Serie A,2006,2006/2007
AS Roma,Daniele Galloppa,21,Central Midfield,Siena,Loan,out,0,Serie A,2006,2006/2007
AS Roma,Daniele Magliocchetti,20,Centre-Back,Hellas Verona,Loan,out,0,Serie A,2006,2006/2007
AS Roma,Shabani Nonda,29,Centre-Forward,Blackburn,Loan,out,0,Serie A,2006,2006/2007
AS Roma,Leandro Greco,19,Central Midfield,Hellas Verona,Loan,out,0,Serie A,2006,2006/2007
AS Roma,Vincenzo Montella,32,Centre-Forward,Fulham,Loan,out,0,Serie A,2006,2006/2007
AS Roma,Édgar Álvarez,26,Right Midfield,Peñarol,"End of loanJun 30, 2006",out,0,Serie A,2006,2006/2007
AS Roma,Dimitrios Eleftheropoulos,29,Goalkeeper,AC Milan,"End of loanJun 30, 2006",out,0,Serie A,2006,2006/2007
AS Roma,Houssine Kharja,23,Central Midfield,Ternana,"End of loanJun 30, 2006",out,0,Serie A,2006,2006/2007
FC Internazionale,Zlatan Ibrahimovic,24,Centre-Forward,Juventus,£22.32m,in,22.32,Serie A,2006,2006/2007
FC Internazionale,Patrick Vieira,30,Defensive Midfield,Juventus,£8.55m,in,8.55,Serie A,2006,2006/2007
FC Internazionale,Maicon,24,Right-Back,Monaco,£6.12m,in,6.12,Serie A,2006,2006/2007
FC Internazionale,Fabio Grosso,28,Left-Back,US Palermo,£4.95m,in,4.95,Serie A,2006,2006/2007
FC Internazionale,Rincón,19,Centre-Back,FC São Paulo B,£1.62m,in,1.62,Serie A,2006,2006/2007
FC Internazionale,Hernán Crespo,31,Centre-Forward,Chelsea,Loan,in,0,Serie A,2006,2006/2007
FC Internazionale,Olivier Dacourt,31,Defensive Midfield,AS Roma,Free Transfer,in,0,Serie A,2006,2006/2007
FC Internazionale,César,31,Left Midfield,Lazio,Free Transfer,in,0,Serie A,2006,2006/2007
FC Internazionale,Matteo Lombardo,21,Left Midfield,Pistoiese,Loan,in,0,Serie A,2006,2006/2007
FC Internazionale,Mariano González,25,Right Midfield,US Palermo,Loan,in,0,Serie A,2006,2006/2007
FC Internazionale,Abdoulaye Diarra,20,Left Midfield,NK Maribor,?,in,NA,Serie A,2006,2006/2007
FC Internazionale,Matteo Lombardo,21,Left Midfield,Inter U19,-,in,0,Serie A,2006,2006/2007
FC Internazionale,Matteo Momentè,19,Centre-Forward,Sambenedettese,"End of loanJan 1, 2007",in,0,Serie A,2006,2006/2007
FC Internazionale,César,32,Left Midfield,Corinthians,"End of loanDec 1, 2006",in,0,Serie A,2006,2006/2007
FC Internazionale,Tijani Belaid,18,Attacking Midfield,Inter U19,-,in,0,Serie A,2006,2006/2007
FC Internazionale,Jonathan Biabiany,18,Right Winger,Inter U19,-,in,0,Serie A,2006,2006/2007
FC Internazionale,Abdoulaye Diarra,19,Left Midfield,Inter U19,-,in,0,Serie A,2006,2006/2007
FC Internazionale,Daniel Maa Boumsong,19,Defensive Midfield,Spezia,"End of loanDec 1, 2006",in,0,Serie A,2006,2006/2007
FC Internazionale,Leonardo Bonucci,19,Centre-Back,Inter U19,-,in,0,Serie A,2006,2006/2007
FC Internazionale,Ibrahim Maaroufi,17,Defensive Midfield,Inter U19,-,in,0,Serie A,2006,2006/2007
FC Internazionale,Nicola Beati,23,Defensive Midfield,Arezzo,"End of loanDec 1, 2006",in,0,Serie A,2006,2006/2007
FC Internazionale,Ianis Zicu,22,Attacking Midfield,Dinamo Bukarest,"End of loanJun 30, 2006",in,0,Serie A,2006,2006/2007
FC Internazionale,Alberto Quadri,23,Defensive Midfield,AS Pizzighettone,"End of loanJun 30, 2006",in,0,Serie A,2006,2006/2007
FC Internazionale,Lampros Choutos,26,Centre-Forward,Reggina,"End of loanJun 30, 2006",in,0,Serie A,2006,2006/2007
FC Internazionale,Francesco Coco,29,Left-Back,AS Livorno,"End of loanJun 30, 2006",in,0,Serie A,2006,2006/2007
FC Internazionale,Giovanni Pasquale,24,Left-Back,Parma,"End of loanJun 30, 2006",in,0,Serie A,2006,2006/2007
FC Internazionale,Aco Stojkov,23,Left Winger,AA La Louviere,"End of loanJun 30, 2006",in,0,Serie A,2006,2006/2007
FC Internazionale,Fabián Carini,26,Goalkeeper,Cagliari Calcio,"End of loanJun 30, 2006",in,0,Serie A,2006,2006/2007
FC Internazionale,Paolo Dellafiore,21,Centre-Back,Treviso,"End of loanJun 30, 2006",in,0,Serie A,2006,2006/2007
FC Internazionale,Alessandro Potenza,22,Centre-Back,RCD Mallorca,"End of loanJun 30, 2006",in,0,Serie A,2006,2006/2007
FC Internazionale,Mattia Altobelli,22,Attacking Midfield,Torres,"End of loanJun 30, 2006",in,0,Serie A,2006,2006/2007
FC Internazionale,Maxwell,24,Left-Back,FC Empoli,"End of loanJun 30, 2006",in,0,Serie A,2006,2006/2007
FC Internazionale,Obafemi Martins,21,Centre-Forward,Newcastle,£14.40m,out,14.4,Serie A,2006,2006/2007
FC Internazionale,David Pizarro,26,Central Midfield,AS Roma,£11.70m,out,11.7,Serie A,2006,2006/2007
FC Internazionale,Paolo Dellafiore,21,Centre-Back,US Palermo,£1.35m,out,1.35,Serie A,2006,2006/2007
FC Internazionale,Giovanni Pasquale,24,Left-Back,AS Livorno,£720k,out,0.72,Serie A,2006,2006/2007
FC Internazionale,Francesco Coco,29,Left-Back,Torino,Loan fee:£405k,out,0.405,Serie A,2006,2006/2007
FC Internazionale,Daniel Maa Boumsong,19,Defensive Midfield,Treviso,Loan fee:£158k,out,0.158,Serie A,2006,2006/2007
FC Internazionale,Ianis Zicu,22,Attacking Midfield,Rapid Bucharest,Loan fee:£158k,out,0.158,Serie A,2006,2006/2007
FC Internazionale,Tijani Belaid,19,Attacking Midfield,PSV Eindhoven,Loan fee:£158k,out,0.158,Serie A,2006,2006/2007
FC Internazionale,Abdoulaye Diarra,20,Left Midfield,NK Maribor,£158k,out,0.158,Serie A,2006,2006/2007
FC Internazionale,Daniel Maa Boumsong,19,Defensive Midfield,Spezia,Loan fee:£90k,out,0.09,Serie A,2006,2006/2007
FC Internazionale,Aco Stojkov,23,Left Winger,Partizan,£77k,out,0.077,Serie A,2006,2006/2007
FC Internazionale,Zé Maria,32,Right-Back,Levante,Free Transfer,out,0,Serie A,2006,2006/2007
FC Internazionale,Pierre Womé,27,Left-Back,Werder Bremen,Free Transfer,out,0,Serie A,2006,2006/2007
FC Internazionale,Rincón,19,Centre-Back,FC Empoli,Loan,out,0,Serie A,2006,2006/2007
FC Internazionale,César,32,Left Midfield,AS Livorno,Loan,out,0,Serie A,2006,2006/2007
FC Internazionale,Kily González,31,Left Midfield,CA Rosario,Free Transfer,out,0,Serie A,2006,2006/2007
FC Internazionale,Giuseppe Favalli,34,Left-Back,AC Milan,Free Transfer,out,0,Serie A,2006,2006/2007
FC Internazionale,César,31,Left Midfield,Corinthians,Loan,out,0,Serie A,2006,2006/2007
FC Internazionale,Cristiano Zanetti,29,Defensive Midfield,Juventus,Free Transfer,out,0,Serie A,2006,2006/2007
FC Internazionale,Matteo Momentè,18,Centre-Forward,SSC Venezia,£450,out,NA,Serie A,2006,2006/2007
FC Internazionale,Nicola Beati,23,Defensive Midfield,Perugia,Loan,out,0,Serie A,2006,2006/2007
FC Internazionale,Giacomo Bindi,19,Goalkeeper,Varese,Loan,out,0,Serie A,2006,2006/2007
FC Internazionale,Ilario Aloe,19,Right Winger,Ravenna,?,out,NA,Serie A,2006,2006/2007
FC Internazionale,Alessandro Potenza,22,Centre-Back,Fiorentina,?,out,NA,Serie A,2006,2006/2007
FC Internazionale,Matteo Momentè,19,Centre-Forward,Sambenedettese,Loan,out,0,Serie A,2006,2006/2007
FC Internazionale,Alberto Quadri,23,Defensive Midfield,Lazio,?,out,NA,Serie A,2006,2006/2007
FC Internazionale,Mattia Altobelli,22,Attacking Midfield,FC Chiasso,Loan,out,0,Serie A,2006,2006/2007
FC Internazionale,Fabrizio Biava,22,Midfielder,Pro Patria,Loan,out,0,Serie A,2006,2006/2007
FC Internazionale,Siniša Mihajlović,37,Centre-Back,Retired,-,out,0,Serie A,2006,2006/2007
FC Internazionale,César,31,Left Midfield,Lazio,"End of loanJun 30, 2006",out,0,Serie A,2006,2006/2007
FC Internazionale,Juan Sebastián Verón,31,Central Midfield,Chelsea,"End of loanJun 30, 2006",out,0,Serie A,2006,2006/2007
SS Lazio,Stephen Makinwa,22,Centre-Forward,US Palermo,£5.67m,in,5.67,Serie A,2006,2006/2007
SS Lazio,Cristian Ledesma,23,Defensive Midfield,Lecce,£4.77m,in,4.77,Serie A,2006,2006/2007
SS Lazio,Stefano Mauri,26,Attacking Midfield,Udinese,£3.15m,in,3.15,Serie A,2006,2006/2007
SS Lazio,Pasquale Foggia,23,Attacking Midfield,AC Milan,£2.84m,in,2.84,Serie A,2006,2006/2007
SS Lazio,Cribari,26,Centre-Back,Udinese,£2.70m,in,2.7,Serie A,2006,2006/2007
SS Lazio,Tommaso Berni,23,Goalkeeper,Ternana,£1.35m,in,1.35,Serie A,2006,2006/2007
SS Lazio,Libis Arenas,19,Goalkeeper,Envigado,£720k,in,0.72,Serie A,2006,2006/2007
SS Lazio,Luis Jiménez,22,Attacking Midfield,Ternana,Loan fee:£280k,in,0.28,Serie A,2006,2006/2007
SS Lazio,Modibo Diakité,19,Centre-Back,Pescara,£270k,in,0.27,Serie A,2006,2006/2007
SS Lazio,Lucas Correa,22,Defensive Midfield,Virtus Lanciano,Free Transfer,in,0,Serie A,2006,2006/2007
SS Lazio,Riccardo Bonetto,27,Left-Back,FC Empoli,Free Transfer,in,0,Serie A,2006,2006/2007
SS Lazio,Massimo Mutarelli,28,Central Midfield,US Palermo,Free Transfer,in,0,Serie A,2006,2006/2007
SS Lazio,Alberto Quadri,23,Defensive Midfield,Inter,?,in,NA,Serie A,2006,2006/2007
SS Lazio,Lucas Correa,22,Defensive Midfield,Lucchese,"End of loanDec 1, 2006",in,0,Serie A,2006,2006/2007
SS Lazio,Simone Sannibale,20,Centre-Back,Juve Stabia,"End of loanDec 1, 2006",in,0,Serie A,2006,2006/2007
SS Lazio,Matías Lequi,25,Centre-Back,Celta de Vigo,"End of loanJun 30, 2006",in,0,Serie A,2006,2006/2007
SS Lazio,Simone Sannibale,20,Centre-Back,Salernitana,"End of loanJun 30, 2006",in,0,Serie A,2006,2006/2007
SS Lazio,Roberto Baronio,28,Defensive Midfield,Udinese,"End of loanJun 30, 2006",in,0,Serie A,2006,2006/2007
SS Lazio,César,31,Left Midfield,Inter,"End of loanJun 30, 2006",in,0,Serie A,2006,2006/2007
SS Lazio,Massimo Oddo,30,Right-Back,AC Milan,£6.98m,out,6.98,Serie A,2006,2006/2007
SS Lazio,Matías Lequi,25,Centre-Back,Celta de Vigo,£675k,out,0.675,Serie A,2006,2006/2007
SS Lazio,Pasquale Foggia,23,Attacking Midfield,Reggina,Loan fee:£225k,out,0.225,Serie A,2006,2006/2007
SS Lazio,Paolo Di Canio,37,Centre-Forward,Cisco Roma,Free Transfer,out,0,Serie A,2006,2006/2007
SS Lazio,Alberto Quadri,23,Defensive Midfield,Spezia,Loan,out,0,Serie A,2006,2006/2007
SS Lazio,Ousmane Dabo,29,Defensive Midfield,Man City,Free Transfer,out,0,Serie A,2006,2006/2007
SS Lazio,César,31,Left Midfield,Inter,Free Transfer,out,0,Serie A,2006,2006/2007
SS Lazio,Fabio Liverani,30,Defensive Midfield,Fiorentina,Free Transfer,out,0,Serie A,2006,2006/2007
SS Lazio,Braian Robert,22,Left Midfield,La Plata FC,?,out,NA,Serie A,2006,2006/2007
SS Lazio,Libis Arenas,19,Goalkeeper,Envigado,Loan,out,0,Serie A,2006,2006/2007
SS Lazio,Simone Sannibale,20,Centre-Back,Juve Stabia,Loan,out,0,Serie A,2006,2006/2007
SS Lazio,Fabio Zaccardi,19,Defender,Paganese,Loan,out,0,Serie A,2006,2006/2007
SS Lazio,Simone Sannibale,20,Centre-Back,Torres,Loan,out,0,Serie A,2006,2006/2007
SS Lazio,Alessio De Angelis,19,Goalkeeper,Unknown,?,out,NA,Serie A,2006,2006/2007
SS Lazio,Lucas Correa,22,Defensive Midfield,Lucchese,Loan,out,0,Serie A,2006,2006/2007
SS Lazio,Lucas Correa,22,Defensive Midfield,Gallipoli,Loan,out,0,Serie A,2006,2006/2007
SS Lazio,Christian Keller,25,Defensive Midfield,Stabæk,?,out,NA,Serie A,2006,2006/2007
SS Lazio,Francesco Torroni,20,Midfielder,Without Club,-,out,0,Serie A,2006,2006/2007
SS Lazio,Samir Handanovic,21,Goalkeeper,Udinese,"End of loanJun 30, 2006",out,0,Serie A,2006,2006/2007
SS Lazio,Stefano Mauri,26,Attacking Midfield,Udinese,"End of loanJun 30, 2006",out,0,Serie A,2006,2006/2007
SS Lazio,Cribari,26,Centre-Back,Udinese,"End of loanJun 30, 2006",out,0,Serie A,2006,2006/2007
SS Lazio,Felice Piccolo,22,Centre-Back,Juventus,"End of loanJun 30, 2006",out,0,Serie A,2006,2006/2007
SS Lazio,Andrea Giallombardo,25,Left-Back,AS Livorno,"End of loanJun 30, 2006",out,0,Serie A,2006,2006/2007
SS Lazio,Massimo Bonanni,24,Left Midfield,US Palermo,"End of loanJun 30, 2006",out,0,Serie A,2006,2006/2007
Udinese Calcio,Alexis Sánchez,17,Left Winger,Cobreloa,£2.70m,in,2.7,Serie A,2006,2006/2007
Udinese Calcio,Aleksandar Lukovic,23,Centre-Back,Red Star,£2.43m,in,2.43,Serie A,2006,2006/2007
Udinese Calcio,Tomás Sivok,23,Centre-Back,Sparta Praha,£1.80m,in,1.8,Serie A,2006,2006/2007
Udinese Calcio,Gaetano D'Agostino,24,Central Midfield,AS Roma,£1.08m,in,1.08,Serie A,2006,2006/2007
Udinese Calcio,Tomas Zapotocny,26,Centre-Back,Slovan Liberec,£450k,in,0.45,Serie A,2006,2006/2007
Udinese Calcio,Andrea Dossena,24,Left Midfield,Treviso,£450k,in,0.45,Serie A,2006,2006/2007
Udinese Calcio,Schumacher,19,Centre-Forward,Atlético-PR,£225k,in,0.225,Serie A,2006,2006/2007
Udinese Calcio,Fabrizio Casazza,36,Goalkeeper,Pavia,£135k,in,0.135,Serie A,2006,2006/2007
Udinese Calcio,José Montiel,18,Attacking Midfield,Olimpia,Free Transfer,in,0,Serie A,2006,2006/2007
Udinese Calcio,Juan Surraco,18,Second Striker,Central,?,in,NA,Serie A,2006,2006/2007
Udinese Calcio,Christian Tiboni,18,Centre-Forward,Atalanta,?,in,NA,Serie A,2006,2006/2007
Udinese Calcio,Andrea Coda,21,Centre-Back,FC Empoli,?,in,NA,Serie A,2006,2006/2007
Udinese Calcio,Igor Djuric,17,Centre-Back,AC Bellinzona,?,in,NA,Serie A,2006,2006/2007
Udinese Calcio,Guilherme Siqueira,20,Left-Back,Inter U19,?,in,NA,Serie A,2006,2006/2007
Udinese Calcio,Andrea Peron,19,Centre-Forward,Udinese U19,-,in,0,Serie A,2006,2006/2007
Udinese Calcio,Federico Gerardi,18,Centre-Forward,Udinese U19,-,in,0,Serie A,2006,2006/2007
Udinese Calcio,Emanuele Politti,18,Centre-Back,Udinese U19,-,in,0,Serie A,2006,2006/2007
Udinese Calcio,Piermario Morosini,20,Central Midfield,Bologna,"End of loanMay 1, 2007",in,0,Serie A,2006,2006/2007
Udinese Calcio,Aleksandar Lukovic,24,Centre-Back,Ascoli,"End of loanDec 31, 2006",in,0,Serie A,2006,2006/2007
Udinese Calcio,Michele Rinaldi,19,Centre-Back,Udinese U19,-,in,0,Serie A,2006,2006/2007
Udinese Calcio,Olivier Renard,27,Goalkeeper,Standard Liège,"End of loanJun 30, 2006",in,0,Serie A,2006,2006/2007
Udinese Calcio,Stefano Mauri,26,Attacking Midfield,Lazio,"End of loanJun 30, 2006",in,0,Serie A,2006,2006/2007
Udinese Calcio,Raffaele De Martino,20,Defensive Midfield,Treviso,"End of loanJun 30, 2006",in,0,Serie A,2006,2006/2007
Udinese Calcio,Fabio Quagliarella,23,Centre-Forward,Ascoli,"End of loanJun 30, 2006",in,0,Serie A,2006,2006/2007
Udinese Calcio,Cribari,26,Centre-Back,Lazio,"End of loanJun 30, 2006",in,0,Serie A,2006,2006/2007
Udinese Calcio,Asamoah Gyan,20,Centre-Forward,Modena,"End of loanJun 30, 2006",in,0,Serie A,2006,2006/2007
Udinese Calcio,Ivan Buonocunto,20,Attacking Midfield,Ascoli,"End of loanJun 30, 2006",in,0,Serie A,2006,2006/2007
Udinese Calcio,Samir Handanovic,21,Goalkeeper,Lazio,"End of loanJun 30, 2006",in,0,Serie A,2006,2006/2007
Udinese Calcio,Ferdinando Sforzini,21,Centre-Forward,Hellas Verona,"End of loanJun 30, 2006",in,0,Serie A,2006,2006/2007
Udinese Calcio,Zlatan Muslimovic,25,Centre-Forward,Messina Peloro,"End of loanJun 30, 2006",in,0,Serie A,2006,2006/2007
Udinese Calcio,Paul Ramirez,19,Centre-Forward,Ascoli,"End of loanJun 30, 2006",in,0,Serie A,2006,2006/2007
Udinese Calcio,Stefano Mauri,26,Attacking Midfield,Lazio,£3.15m,out,3.15,Serie A,2006,2006/2007
Udinese Calcio,Cribari,26,Centre-Back,Lazio,£2.70m,out,2.7,Serie A,2006,2006/2007
Udinese Calcio,Valerio Bertotto,33,Right-Back,Siena,£2.25m,out,2.25,Serie A,2006,2006/2007
Udinese Calcio,Fabio Quagliarella,23,Centre-Forward,Sampdoria,£1.35m,out,1.35,Serie A,2006,2006/2007
Udinese Calcio,Mirko Pieri,27,Left-Back,Sampdoria,£540k,out,0.54,Serie A,2006,2006/2007
Udinese Calcio,Roman Eremenko,19,Attacking Midfield,Siena,Loan fee:£315k,out,0.315,Serie A,2006,2006/2007
Udinese Calcio,Michele Rinaldi,19,Centre-Back,Parma,Loan fee:£158k,out,0.158,Serie A,2006,2006/2007
Udinese Calcio,Abel Aguilar,22,Defensive Midfield,Xerez CD,Loan fee:£135k,out,0.135,Serie A,2006,2006/2007
Udinese Calcio,Alexis Sánchez,17,Left Winger,Colo Colo,Loan fee:£135k,out,0.135,Serie A,2006,2006/2007
Udinese Calcio,Vincent Candela,32,Left-Back,Siena,Free Transfer,out,0,Serie A,2006,2006/2007
Udinese Calcio,Alessandro Cosimi,19,Forward,AC Pisa,Free Transfer,out,0,Serie A,2006,2006/2007
Udinese Calcio,Al-Saadi Al Gaddafi,33,Attacking Midfield,Al-Jamahiriyah,Free Transfer,out,0,Serie A,2006,2006/2007
Udinese Calcio,Fausto Rossini,28,Centre-Forward,Catania,Free Transfer,out,0,Serie A,2006,2006/2007
Udinese Calcio,Gabriele Paoletti,28,Goalkeeper,Messina Peloro,Free Transfer,out,0,Serie A,2006,2006/2007
Udinese Calcio,José Luís Vidigal,33,Defensive Midfield,AS Livorno,Free Transfer,out,0,Serie A,2006,2006/2007
Udinese Calcio,Ferdinando Sforzini,21,Centre-Forward,Modena,Loan,out,0,Serie A,2006,2006/2007
Udinese Calcio,Andrea Peron,19,Centre-Forward,Rivignano,Loan,out,0,Serie A,2006,2006/2007
Udinese Calcio,Olivier Renard,27,Goalkeeper,Standard Liège,?,out,NA,Serie A,2006,2006/2007
Udinese Calcio,Salvatore Masiello,24,Left-Back,Messina Peloro,Loan,out,0,Serie A,2006,2006/2007
Udinese Calcio,Fernando Tissone,20,Central Midfield,Atalanta,?,out,NA,Serie A,2006,2006/2007
Udinese Calcio,Samir Handanovic,22,Goalkeeper,Rimini,Loan,out,0,Serie A,2006,2006/2007
Udinese Calcio,Schumacher,20,Centre-Forward,Ciudad Murcia,Loan,out,0,Serie A,2006,2006/2007
Udinese Calcio,Paul Ramirez,20,Centre-Forward,UA Maracaibo,?,out,NA,Serie A,2006,2006/2007
Udinese Calcio,Ivan Buonocunto,20,Attacking Midfield,Prato,Loan,out,0,Serie A,2006,2006/2007
Udinese Calcio,Simone Pepe,22,Right Winger,Cagliari Calcio,Loan,out,0,Serie A,2006,2006/2007
Udinese Calcio,Flavio Lazzari,19,Left Winger,Modena,Loan,out,0,Serie A,2006,2006/2007
Udinese Calcio,Claudio Vargas,21,Defensive Midfield,Tacuary Fútbol Club,Loan,out,0,Serie A,2006,2006/2007
Udinese Calcio,Piermario Morosini,19,Central Midfield,Bologna,Loan,out,0,Serie A,2006,2006/2007
Udinese Calcio,Federico Gerardi,19,Centre-Forward,Pistoiese,Loan,out,0,Serie A,2006,2006/2007
Udinese Calcio,Zlatan Muslimovic,25,Centre-Forward,Parma,Loan,out,0,Serie A,2006,2006/2007
Udinese Calcio,Aleksandar Lukovic,23,Centre-Back,Ascoli,Loan,out,0,Serie A,2006,2006/2007
Udinese Calcio,Juarez,32,Right-Back,Retired,-,out,0,Serie A,2006,2006/2007
Udinese Calcio,Rodrigo Defendi,20,Centre-Back,Spurs,"End of loanJun 30, 2006",out,0,Serie A,2006,2006/2007
Udinese Calcio,Roberto Baronio,28,Defensive Midfield,Lazio,"End of loanJun 30, 2006",out,0,Serie A,2006,2006/2007
Torino FC,Simone Barone,28,Central Midfield,US Palermo,£3.69m,in,3.69,Serie A,2006,2006/2007
Torino FC,Gianluca Comotto,27,Right-Back,AS Roma,£1.98m,in,1.98,Serie A,2006,2006/2007
Torino FC,Ivan Franceschini,29,Centre-Back,Reggina,£720k,in,0.72,Serie A,2006,2006/2007
Torino FC,Marco Di Loreto,31,Centre-Back,Fiorentina,£450k,in,0.45,Serie A,2006,2006/2007
Torino FC,Francesco Coco,29,Left-Back,Inter,Loan fee:£405k,in,0.405,Serie A,2006,2006/2007
Torino FC,Christian Abbiati,29,Goalkeeper,AC Milan,Loan fee:£270k,in,0.27,Serie A,2006,2006/2007
Torino FC,Axel Konan,23,Left Winger,Lecce,Loan,in,0,Serie A,2006,2006/2007
Torino FC,Stefano Fiore,31,Attacking Midfield,Valencia,Loan,in,0,Serie A,2006,2006/2007
Torino FC,Cesare Bovo,23,Centre-Back,US Palermo,Loan,in,0,Serie A,2006,2006/2007
Torino FC,Giuseppe Pancaro,34,Right-Back,Fiorentina,?,in,NA,Serie A,2006,2006/2007
Torino FC,Gabriele Cioffi,30,Centre-Back,Mantova,?,in,NA,Serie A,2006,2006/2007
Torino FC,Angelo Ogbonna,18,Centre-Back,Torino U19,-,in,0,Serie A,2006,2006/2007
Torino FC,Diego De Ascentis,29,Defensive Midfield,AS Livorno,"End of loanJun 30, 2006",in,0,Serie A,2006,2006/2007
Torino FC,Davide Bottone,20,Central Midfield,Torino U19,-,in,0,Serie A,2006,2006/2007
Torino FC,Claudio De Sousa,20,Centre-Forward,Catanzaro,"End of loanJun 30, 2006",in,0,Serie A,2006,2006/2007
Torino FC,Vito Falconieri,20,Centre-Forward,AC Montichiari,"End of loanJun 30, 2006",in,0,Serie A,2006,2006/2007
Torino FC,André Pinga,25,Attacking Midfield,Treviso,"End of loanJun 30, 2006",in,0,Serie A,2006,2006/2007
Torino FC,André Pinga,25,Attacking Midfield,Internacional,£810k,out,0.81,Serie A,2006,2006/2007
Torino FC,Zisis Vryzas,32,Centre-Forward,Skoda Xanthi,Free Transfer,out,0,Serie A,2006,2006/2007
Torino FC,Matteo Melara,27,Right-Back,Ascoli,Loan,out,0,Serie A,2006,2006/2007
Torino FC,Mark Edusei,29,Defensive Midfield,Catania,?,out,NA,Serie A,2006,2006/2007
Torino FC,Enrico Fantini,30,Centre-Forward,Bologna,?,out,NA,Serie A,2006,2006/2007
Torino FC,Tommaso Vailatti,20,Right Midfield,Vicenza,Loan,out,0,Serie A,2006,2006/2007
Torino FC,Luca Ungari,31,Centre-Back,Modena,?,out,NA,Serie A,2006,2006/2007
Torino FC,Martin Lejsal,23,Goalkeeper,1. FC Brno,?,out,NA,Serie A,2006,2006/2007
Torino FC,Raffaele Longo,28,Central Midfield,Genoa,?,out,NA,Serie A,2006,2006/2007
Torino FC,Davide Bottone,20,Central Midfield,Biellese,Loan,out,0,Serie A,2006,2006/2007
Torino FC,Giovanni Orfei,30,Centre-Back,Salernitana,?,out,NA,Serie A,2006,2006/2007
Torino FC,Davide Nicola,33,Right-Back,Spezia,?,out,NA,Serie A,2006,2006/2007
Torino FC,Claudio Ferrarese,27,Right Winger,Hellas Verona,?,out,NA,Serie A,2006,2006/2007
Torino FC,Vito Falconieri,20,Centre-Forward,Brindisi,Loan,out,0,Serie A,2006,2006/2007
Torino FC,Angelo Pagotto,32,Goalkeeper,Grosseto,?,out,NA,Serie A,2006,2006/2007
Torino FC,Stefano Fiore,31,Attacking Midfield,Valencia,"End of loanDec 1, 2006",out,0,Serie A,2006,2006/2007
Torino FC,Andrea Gentile,26,Central Midfield,Messina Peloro,"End of loanJun 30, 2006",out,0,Serie A,2006,2006/2007
Torino FC,Elvis Abbruscato,25,Centre-Forward,Arezzo,"End of loanJun 1, 2006",out,0,Serie A,2006,2006/2007
ACF Fiorentina,Adrian Mutu,27,Centre-Forward,Juventus,£7.20m,in,7.2,Serie A,2006,2006/2007
ACF Fiorentina,Sébastien Frey,26,Goalkeeper,Parma,£5.18m,in,5.18,Serie A,2006,2006/2007
ACF Fiorentina,Mario Santana,24,Second Striker,US Palermo,£4.95m,in,4.95,Serie A,2006,2006/2007
ACF Fiorentina,Massimo Gobbi,26,Left-Back,Treviso,£3.42m,in,3.42,Serie A,2006,2006/2007
ACF Fiorentina,Zdravko Kuzmanović,19,Central Midfield,FC Basel,£2.70m,in,2.7,Serie A,2006,2006/2007
ACF Fiorentina,Reginaldo,22,Second Striker,Treviso,£1.35m,in,1.35,Serie A,2006,2006/2007
ACF Fiorentina,Vlada Avramov,27,Goalkeeper,Vicenza,£1.08m,in,1.08,Serie A,2006,2006/2007
ACF Fiorentina,Fabio Liverani,30,Defensive Midfield,Lazio,Free Transfer,in,0,Serie A,2006,2006/2007
ACF Fiorentina,Manuele Blasi,25,Central Midfield,Juventus,Loan,in,0,Serie A,2006,2006/2007
ACF Fiorentina,Francesco Parravicini,24,Defensive Midfield,Treviso,?,in,NA,Serie A,2006,2006/2007
ACF Fiorentina,Henry Okoroji,22,Centre-Back,Vastese,?,in,NA,Serie A,2006,2006/2007
ACF Fiorentina,Alessandro Potenza,22,Centre-Back,Inter,?,in,NA,Serie A,2006,2006/2007
ACF Fiorentina,Davide Brivio,18,Left-Back,Fiorentina U19,-,in,0,Serie A,2006,2006/2007
ACF Fiorentina,Samuel Di Carmine,17,Centre-Forward,Fiorentina U19,-,in,0,Serie A,2006,2006/2007
ACF Fiorentina,Hidetoshi Nakata,29,Attacking Midfield,Bolton,"End of loanJun 30, 2006",in,0,Serie A,2006,2006/2007
ACF Fiorentina,Cristiano Lupatelli,28,Goalkeeper,US Palermo,"End of loanJun 30, 2006",in,0,Serie A,2006,2006/2007
ACF Fiorentina,Christian Maggio,24,Right-Back,Treviso,"End of loanJun 30, 2006",in,0,Serie A,2006,2006/2007
ACF Fiorentina,Christian Riganó,32,Centre-Forward,FC Empoli,"End of loanJun 30, 2006",in,0,Serie A,2006,2006/2007
ACF Fiorentina,Gianni Guigou,31,Defensive Midfield,Treviso,"End of loanJun 30, 2006",in,0,Serie A,2006,2006/2007
ACF Fiorentina,Luis Jiménez,22,Attacking Midfield,Ternana,£2.70m,out,2.7,Serie A,2006,2006/2007
ACF Fiorentina,Bogdan Lobont,28,Goalkeeper,Dinamo Bukarest,£990k,out,0.99,Serie A,2006,2006/2007
ACF Fiorentina,Marco Di Loreto,31,Centre-Back,Torino,£450k,out,0.45,Serie A,2006,2006/2007
ACF Fiorentina,Gianni Guigou,31,Defensive Midfield,Treviso,£450k,out,0.45,Serie A,2006,2006/2007
ACF Fiorentina,Davide Brivio,19,Left-Back,Atalanta,£180k,out,0.18,Serie A,2006,2006/2007
ACF Fiorentina,Christian Maggio,24,Right-Back,Sampdoria,Loan fee:£135k,out,0.135,Serie A,2006,2006/2007
ACF Fiorentina,Guly,25,Attacking Midfield,Spezia,Loan fee:£68k,out,0.068,Serie A,2006,2006/2007
ACF Fiorentina,Marco Roccati,31,Goalkeeper,Ivrea,Free Transfer,out,0,Serie A,2006,2006/2007
ACF Fiorentina,Gianluca Berti,39,Goalkeeper,Sampdoria,Free Transfer,out,0,Serie A,2006,2006/2007
ACF Fiorentina,Henry Okoroji,22,Centre-Back,Lok. Plovdiv,Loan,out,0,Serie A,2006,2006/2007
ACF Fiorentina,Giuseppe Pancaro,34,Right-Back,Torino,?,out,NA,Serie A,2006,2006/2007
ACF Fiorentina,Valeri Bojinov,20,Centre-Forward,Juventus,Loan,out,0,Serie A,2006,2006/2007
ACF Fiorentina,Christian Riganó,32,Centre-Forward,Messina Peloro,?,out,NA,Serie A,2006,2006/2007
ACF Fiorentina,Francesco Parravicini,24,Defensive Midfield,US Palermo,?,out,NA,Serie A,2006,2006/2007
ACF Fiorentina,Vlada Avramov,27,Goalkeeper,Treviso,Loan,out,0,Serie A,2006,2006/2007
ACF Fiorentina,Hidetoshi Nakata,29,Attacking Midfield,Retired,-,out,0,Serie A,2006,2006/2007
ACF Fiorentina,Cristian Brocchi,30,Central Midfield,AC Milan,"End of loanJun 30, 2006",out,0,Serie A,2006,2006/2007
ACF Fiorentina,Stefano Fiore,31,Attacking Midfield,Valencia,"End of loanJun 30, 2006",out,0,Serie A,2006,2006/2007
ACF Fiorentina,Sébastien Frey,26,Goalkeeper,Parma,"End of loanJun 30, 2006",out,0,Serie A,2006,2006/2007
Atalanta BC,Moris Carrozzieri,25,Centre-Back,Sampdoria,£1.77m,in,1.77,Serie A,2006,2006/2007
Atalanta BC,Leonardo Talamonti,24,Centre-Back,River Plate,Loan fee:£675k,in,0.675,Serie A,2006,2006/2007
Atalanta BC,Davide Brivio,19,Left-Back,Fiorentina,£180k,in,0.18,Serie A,2006,2006/2007
Atalanta BC,Nelson Abeijón,33,Defensive Midfield,Cagliari Calcio,Free Transfer,in,0,Serie A,2006,2006/2007
Atalanta BC,Christian Vieri,33,Centre-Forward,Sampdoria,Free Transfer,in,0,Serie A,2006,2006/2007
Atalanta BC,Kewullay Conteh,28,Centre-Back,US Palermo,Loan,in,0,Serie A,2006,2006/2007
Atalanta BC,Ferreira Pinto,26,Right Winger,Cesena,?,in,NA,Serie A,2006,2006/2007
Atalanta BC,Massimo Donati,25,Defensive Midfield,AC Milan,Loan,in,0,Serie A,2006,2006/2007
Atalanta BC,Fernando Tissone,20,Central Midfield,Udinese,?,in,NA,Serie A,2006,2006/2007
Atalanta BC,Cristiano Doni,33,Attacking Midfield,RCD Mallorca,?,in,NA,Serie A,2006,2006/2007
Atalanta BC,Andrea Lombardo,19,Forward,Rieti,"End of loanDec 31, 2006",in,0,Serie A,2006,2006/2007
Atalanta BC,Andrea Consigli,19,Goalkeeper,Atalanta U19,-,in,0,Serie A,2006,2006/2007
Atalanta BC,Alessio Manzoni,19,Central Midfield,Atalanta U19,-,in,0,Serie A,2006,2006/2007
Atalanta BC,Andrea Lazzari,21,Central Midfield,Cesena,"End of loanDec 1, 2006",in,0,Serie A,2006,2006/2007
Atalanta BC,Alberto Filippini,19,Attacking Midfield,Salernitana,"End of loanJan 1, 2007",in,0,Serie A,2006,2006/2007
Atalanta BC,Karamoko Cissé,17,Centre-Forward,Atalanta U19,-,in,0,Serie A,2006,2006/2007
Atalanta BC,Luca Saudati,27,Centre-Forward,Lecce,"End of loanJun 30, 2006",in,0,Serie A,2006,2006/2007
Atalanta BC,Duccio Innocenti,30,Centre-Back,Messina Peloro,"End of loanJun 30, 2006",in,0,Serie A,2006,2006/2007
Atalanta BC,Thomas Manfredini,26,Centre-Back,Rimini,"End of loanJun 30, 2006",in,0,Serie A,2006,2006/2007
Atalanta BC,Igor Budan,26,Centre-Forward,US Palermo,£900k,out,0.9,Serie A,2006,2006/2007
Atalanta BC,Luis Fernando Centi,30,Central Midfield,Ascoli,£653k,out,0.653,Serie A,2006,2006/2007
Atalanta BC,Andrea Lombardo,19,Forward,Rieti,Loan fee:£158k,out,0.158,Serie A,2006,2006/2007
Atalanta BC,Duccio Innocenti,30,Centre-Back,UC AlbinoLeffe,Free Transfer,out,0,Serie A,2006,2006/2007
Atalanta BC,Andrea Soncin,28,Centre-Forward,Ascoli,?,out,NA,Serie A,2006,2006/2007
Atalanta BC,Andrea Stucchi,20,Midfielder,Varese,?,out,NA,Serie A,2006,2006/2007
Atalanta BC,Alberto Filippini,19,Attacking Midfield,Sassuolo,Loan,out,0,Serie A,2006,2006/2007
Atalanta BC,Thomas Manfredini,26,Centre-Back,Bologna,Loan,out,0,Serie A,2006,2006/2007
Atalanta BC,Luca Saudati,27,Centre-Forward,FC Empoli,?,out,NA,Serie A,2006,2006/2007
Atalanta BC,Daniele Capelli,20,Centre-Back,Arezzo,Loan,out,0,Serie A,2006,2006/2007
Atalanta BC,Alberto Filippini,19,Attacking Midfield,Salernitana,Loan,out,0,Serie A,2006,2006/2007
Atalanta BC,Alessio Manzoni,19,Central Midfield,Padova,Loan,out,0,Serie A,2006,2006/2007
Atalanta BC,Ernesto Terra,28,Centre-Back,Arezzo,?,out,NA,Serie A,2006,2006/2007
Atalanta BC,Michele Marcolini,30,Central Midfield,Chievo Verona,?,out,NA,Serie A,2006,2006/2007
Atalanta BC,Christian Tiboni,18,Centre-Forward,Udinese,?,out,NA,Serie A,2006,2006/2007
Atalanta BC,Antonino D'Agostino,27,Right Midfield,Cagliari Calcio,Loan,out,0,Serie A,2006,2006/2007
Atalanta BC,Michele Magrin,21,Central Midfield,Pro Vercelli,Loan,out,0,Serie A,2006,2006/2007
Atalanta BC,Andrea Lazzari,21,Central Midfield,Cesena,Loan,out,0,Serie A,2006,2006/2007
Atalanta BC,Andrea Lazzari,22,Central Midfield,Piacenza,Loan,out,0,Serie A,2006,2006/2007
Atalanta BC,Daniel Osvaldo,20,Centre-Forward,Lecce,Loan,out,0,Serie A,2006,2006/2007
Atalanta BC,Andrea Consigli,19,Goalkeeper,Sambenedettese,Loan,out,0,Serie A,2006,2006/2007
Atalanta BC,Andrea Lombardo,19,Forward,Perugia,"End of loanJun 30, 2006",out,0,Serie A,2006,2006/2007
UC Sampdoria,Emiliano Bonazzoli,27,Centre-Forward,Parma,£4.73m,in,4.73,Serie A,2006,2006/2007
UC Sampdoria,Pietro Accardi,23,Left-Back,US Palermo,£1.80m,in,1.8,Serie A,2006,2006/2007
UC Sampdoria,Massimo Bonanni,24,Left Midfield,US Palermo,£1.80m,in,1.8,Serie A,2006,2006/2007
UC Sampdoria,Fabio Quagliarella,23,Centre-Forward,Udinese,£1.35m,in,1.35,Serie A,2006,2006/2007
UC Sampdoria,Christian Terlizzi,26,Centre-Back,US Palermo,£1.35m,in,1.35,Serie A,2006,2006/2007
UC Sampdoria,Andrea Parola,27,Defensive Midfield,Ascoli,£810k,in,0.81,Serie A,2006,2006/2007
UC Sampdoria,Mirko Pieri,27,Left-Back,Udinese,£540k,in,0.54,Serie A,2006,2006/2007
UC Sampdoria,Al-Saadi Al Gaddafi,33,Attacking Midfield,Al-Jamahiriyah,£248k,in,0.248,Serie A,2006,2006/2007
UC Sampdoria,Carlo Zotti,24,Goalkeeper,AS Roma,Loan fee:£149k,in,0.149,Serie A,2006,2006/2007
UC Sampdoria,Christian Maggio,24,Right-Back,Fiorentina,Loan fee:£135k,in,0.135,Serie A,2006,2006/2007
UC Sampdoria,Gianluca Berti,39,Goalkeeper,Fiorentina,Free Transfer,in,0,Serie A,2006,2006/2007
UC Sampdoria,Daniele Franceschini,30,Left Midfield,Chievo Verona,Free Transfer,in,0,Serie A,2006,2006/2007
UC Sampdoria,Christian Vieri,32,Centre-Forward,Monaco,Free Transfer,in,0,Serie A,2006,2006/2007
UC Sampdoria,Saidi Oluseyi Adeshokan,21,Centre-Forward,FC Chiasso,?,in,NA,Serie A,2006,2006/2007
UC Sampdoria,Ivan Zivanovic,24,Centre-Back,Smederevo,?,in,NA,Serie A,2006,2006/2007
UC Sampdoria,Reto Ziegler,21,Centre-Back,Spurs,Loan,in,0,Serie A,2006,2006/2007
UC Sampdoria,Rubén Olivera,23,Central Midfield,Juventus,Loan,in,0,Serie A,2006,2006/2007
UC Sampdoria,Alessandro Romeo,19,Centre-Forward,Sampdoria U19,-,in,0,Serie A,2006,2006/2007
UC Sampdoria,Francesco Virdis,21,Centre-Forward,Cesena,"End of loanDec 1, 2006",in,0,Serie A,2006,2006/2007
UC Sampdoria,Vladimir Koman,17,Attacking Midfield,Sampdoria U19,-,in,0,Serie A,2006,2006/2007
UC Sampdoria,Daniele Padelli,21,Goalkeeper,Crotone,"End of loanDec 1, 2006",in,0,Serie A,2006,2006/2007
UC Sampdoria,Moris Carrozzieri,25,Centre-Back,Arezzo,"End of loanJun 30, 2006",in,0,Serie A,2006,2006/2007
UC Sampdoria,Thomas Job,21,Right Winger,Cremonese,"End of loanJun 30, 2006",in,0,Serie A,2006,2006/2007
UC Sampdoria,Giovanni Taormina,18,Left Midfield,Uso Calcio,"End of loanJun 30, 2006",in,0,Serie A,2006,2006/2007
UC Sampdoria,Michele Mangiapelo,20,Goalkeeper,Rieti,"End of loanJun 30, 2006",in,0,Serie A,2006,2006/2007
UC Sampdoria,Francesco Virdis,21,Centre-Forward,Chieti,"End of loanJun 30, 2006",in,0,Serie A,2006,2006/2007
UC Sampdoria,Luca Antonini,23,Left-Back,Arezzo,"End of loanJun 30, 2006",in,0,Serie A,2006,2006/2007
UC Sampdoria,Gennaro Delvecchio,28,Central Midfield,Lecce,"End of loanJun 30, 2006",in,0,Serie A,2006,2006/2007
UC Sampdoria,Daniele Padelli,20,Goalkeeper,AS Pizzighettone,"End of loanJun 30, 2006",in,0,Serie A,2006,2006/2007
UC Sampdoria,Fabrizio Cacciatore,19,Right-Back,Olbia,"End of loanJun 30, 2006",in,0,Serie A,2006,2006/2007
UC Sampdoria,Vitali Kutuzov,26,Centre-Forward,Parma,£1.80m,out,1.8,Serie A,2006,2006/2007
UC Sampdoria,Moris Carrozzieri,25,Centre-Back,Atalanta,£1.77m,out,1.77,Serie A,2006,2006/2007
UC Sampdoria,Luca Antonini,23,Left-Back,Siena,Loan fee:£180k,out,0.18,Serie A,2006,2006/2007
UC Sampdoria,Saidi Oluseyi Adeshokan,22,Centre-Forward,FC Chiasso,Loan,out,0,Serie A,2006,2006/2007
UC Sampdoria,Mark Iuliano,32,Centre-Back,Messina Peloro,Free Transfer,out,0,Serie A,2006,2006/2007
UC Sampdoria,Max Tonetto,31,Left-Back,AS Roma,Free Transfer,out,0,Serie A,2006,2006/2007
UC Sampdoria,Christian Vieri,33,Centre-Forward,Atalanta,Free Transfer,out,0,Serie A,2006,2006/2007
UC Sampdoria,Francesco Antonioli,36,Goalkeeper,Bologna,Free Transfer,out,0,Serie A,2006,2006/2007
UC Sampdoria,Marcello Castellini,33,Centre-Back,Bologna,Free Transfer,out,0,Serie A,2006,2006/2007
UC Sampdoria,Gionata Mingozzi,21,Central Midfield,Lecce,?,out,NA,Serie A,2006,2006/2007
UC Sampdoria,Daniele Padelli,20,Goalkeeper,Crotone,Loan,out,0,Serie A,2006,2006/2007
UC Sampdoria,Massimo Bonanni,24,Left Midfield,Ascoli,Loan,out,0,Serie A,2006,2006/2007
UC Sampdoria,Fabrizio Cacciatore,19,Right-Back,Reggiana,Loan,out,0,Serie A,2006,2006/2007
UC Sampdoria,Francesco Virdis,21,Centre-Forward,Modena,Loan,out,0,Serie A,2006,2006/2007
UC Sampdoria,Michele Mangiapelo,20,Goalkeeper,Rieti,?,out,NA,Serie A,2006,2006/2007
UC Sampdoria,Marco Pisano,24,Left-Back,US Palermo,?,out,NA,Serie A,2006,2006/2007
UC Sampdoria,Corrado Colombo,26,Centre-Forward,Brescia,?,out,NA,Serie A,2006,2006/2007
UC Sampdoria,Francesco Virdis,21,Centre-Forward,Cesena,Loan,out,0,Serie A,2006,2006/2007
UC Sampdoria,Daniele Padelli,21,Goalkeeper,Liverpool,Loan,out,0,Serie A,2006,2006/2007
UC Sampdoria,Aimo Diana,28,Right Midfield,US Palermo,?,out,NA,Serie A,2006,2006/2007
UC Sampdoria,Giovanni Taormina,18,Left Midfield,Alessandria,Loan,out,0,Serie A,2006,2006/2007
UC Sampdoria,Salvatore Foti,18,Centre-Forward,Vicenza,Loan,out,0,Serie A,2006,2006/2007
UC Sampdoria,Simone Pavan,32,Centre-Back,AS Livorno,?,out,NA,Serie A,2006,2006/2007
UC Sampdoria,Thomas Job,21,Right Winger,Ascoli,?,out,NA,Serie A,2006,2006/2007
UC Sampdoria,Francesco Flachi,32,Centre-Forward,Without Club,-,out,0,Serie A,2006,2006/2007
UC Sampdoria,Marco Zamboni,28,Centre-Back,Reggina,"End of loanJun 30, 2006",out,0,Serie A,2006,2006/2007
UC Sampdoria,Andrea Gasbarroni,24,Second Striker,US Palermo,"End of loanJun 30, 2006",out,0,Serie A,2006,2006/2007
UC Sampdoria,Samuele Dalla Bona,25,Central Midfield,AC Milan,"End of loanJun 30, 2006",out,0,Serie A,2006,2006/2007
UC Sampdoria,Emiliano Bonazzoli,27,Centre-Forward,Parma,"End of loanJun 30, 2006",out,0,Serie A,2006,2006/2007
UC Sampdoria,Mattia Marchesetti,22,Left Winger,Chievo Verona,"End of loanJun 30, 2006",out,0,Serie A,2006,2006/2007
Cagliari Calcio,Paolo Bianco,28,Centre-Back,Catania,Loan fee:£630k,in,0.63,Serie A,2006,2006/2007
Cagliari Calcio,José Semedo,21,Defensive Midfield,Sporting CP,Free Transfer,in,0,Serie A,2006,2006/2007
Cagliari Calcio,Leonardo Colucci,33,Central Midfield,Bologna,?,in,NA,Serie A,2006,2006/2007
Cagliari Calcio,Simone Pepe,22,Right Winger,Udinese,Loan,in,0,Serie A,2006,2006/2007
Cagliari Calcio,Antonino D'Agostino,27,Right Midfield,Atalanta,Loan,in,0,Serie A,2006,2006/2007
Cagliari Calcio,Tiziano Bruzzone,22,Centre-Forward,ASD Cascina Calcio,?,in,NA,Serie A,2006,2006/2007
Cagliari Calcio,Cristiano Del Grosso,23,Left-Back,Ascoli,?,in,NA,Serie A,2006,2006/2007
Cagliari Calcio,Gabriel Peñalba,21,Central Midfield,Quilmes,Loan,in,0,Serie A,2006,2006/2007
Cagliari Calcio,Davide Biondini,23,Central Midfield,Reggina,Loan,in,0,Serie A,2006,2006/2007
Cagliari Calcio,Davide Marchini,25,Right Midfield,Triestina,?,in,NA,Serie A,2006,2006/2007
Cagliari Calcio,Marco Fortin,31,Goalkeeper,Siena,?,in,NA,Serie A,2006,2006/2007
Cagliari Calcio,Simone Aresti,21,Goalkeeper,Cagliari U19,-,in,0,Serie A,2006,2006/2007
Cagliari Calcio,Andrea Peana,20,Centre-Back,Cagliari U19,-,in,0,Serie A,2006,2006/2007
Cagliari Calcio,Luca Tomasig,23,Goalkeeper,Padova,"End of loanJun 30, 2006",in,0,Serie A,2006,2006/2007
Cagliari Calcio,Massimo Gobbi,26,Left-Back,Treviso,£1.80m,out,1.8,Serie A,2006,2006/2007
Cagliari Calcio,Andrea Peana,20,Centre-Back,Triestina,Free Transfer,out,0,Serie A,2006,2006/2007
Cagliari Calcio,Nelson Abeijón,33,Defensive Midfield,Atalanta,Free Transfer,out,0,Serie A,2006,2006/2007
Cagliari Calcio,Nicola Lai,20,Midfielder,Rieti,Free Transfer,out,0,Serie A,2006,2006/2007
Cagliari Calcio,Andrea Campagnolo,29,Goalkeeper,Reggina,Free Transfer,out,0,Serie A,2006,2006/2007
Cagliari Calcio,Francesco Bega,31,Centre-Back,Genoa,?,out,NA,Serie A,2006,2006/2007
Cagliari Calcio,Fabio Vignati,22,Centre-Back,Cesena,?,out,NA,Serie A,2006,2006/2007
Cagliari Calcio,Luca Tomasig,23,Goalkeeper,Catanzaro,?,out,NA,Serie A,2006,2006/2007
Cagliari Calcio,Andrea Cocco,20,Centre-Forward,SSC Venezia,?,out,NA,Serie A,2006,2006/2007
Cagliari Calcio,Claudio Pani,20,Defensive Midfield,Pistoiese,Loan,out,0,Serie A,2006,2006/2007
Cagliari Calcio,Andrea Cossu,26,Attacking Midfield,Hellas Verona,?,out,NA,Serie A,2006,2006/2007
Cagliari Calcio,Fabián Carini,26,Goalkeeper,Inter,"End of loanJun 30, 2006",out,0,Serie A,2006,2006/2007
US Palermo,Amauri,26,Centre-Forward,Chievo Verona,£7.88m,in,7.88,Serie A,2006,2006/2007
US Palermo,Fábio Simplício,26,Central Midfield,Parma,£4.95m,in,4.95,Serie A,2006,2006/2007
US Palermo,Edinson Cavani,19,Centre-Forward,Danubio FC,£4.50m,in,4.5,Serie A,2006,2006/2007
US Palermo,Cesare Bovo,23,Centre-Back,AS Roma,£3.20m,in,3.2,Serie A,2006,2006/2007
US Palermo,Roberto Guana,25,Central Midfield,Brescia,£3.15m,in,3.15,Serie A,2006,2006/2007
US Palermo,Mattia Cassani,22,Right-Back,Hellas Verona,£2.25m,in,2.25,Serie A,2006,2006/2007
US Palermo,Radoslaw Matusiak,25,Centre-Forward,GKS Belchatow,£1.71m,in,1.71,Serie A,2006,2006/2007
US Palermo,Paolo Dellafiore,21,Centre-Back,Inter,£1.35m,in,1.35,Serie A,2006,2006/2007
US Palermo,Ciro Capuano,24,Centre-Back,Bologna,£900k,in,0.9,Serie A,2006,2006/2007
US Palermo,Igor Budan,26,Centre-Forward,Atalanta,£900k,in,0.9,Serie A,2006,2006/2007
US Palermo,Alberto Fontana,39,Goalkeeper,Chievo Verona,Free Transfer,in,0,Serie A,2006,2006/2007
US Palermo,Aimo Diana,28,Right Midfield,Sampdoria,?,in,NA,Serie A,2006,2006/2007
US Palermo,Gianni Munari,23,Central Midfield,Hellas Verona,?,in,NA,Serie A,2006,2006/2007
US Palermo,Guillermo Giacomazzi,29,Defensive Midfield,Lecce,?,in,NA,Serie A,2006,2006/2007
US Palermo,Francesco Parravicini,24,Defensive Midfield,Fiorentina,?,in,NA,Serie A,2006,2006/2007
US Palermo,Marco Pisano,24,Left-Back,Sampdoria,?,in,NA,Serie A,2006,2006/2007
US Palermo,Mark Bresciano,26,Central Midfield,Parma,?,in,NA,Serie A,2006,2006/2007
US Palermo,Alberto Cossentino,17,Centre-Back,Palermo U19,-,in,0,Serie A,2006,2006/2007
US Palermo,Salvatore Sirigu,19,Goalkeeper,Palermo U19,-,in,0,Serie A,2006,2006/2007
US Palermo,Nicola Ficano,19,Left-Back,Palermo  Youth,-,in,0,Serie A,2006,2006/2007
US Palermo,Maurizio Ciaramitaro,24,Central Midfield,Parma,"End of loanDec 31, 2006",in,0,Serie A,2006,2006/2007
US Palermo,Massimo Bonanni,24,Left Midfield,Lazio,"End of loanJun 30, 2006",in,0,Serie A,2006,2006/2007
US Palermo,Maurizio Ciaramitaro,24,Central Midfield,Cesena,"End of loanJun 30, 2006",in,0,Serie A,2006,2006/2007
US Palermo,Andrea Gasbarroni,24,Second Striker,Sampdoria,"End of loanJun 30, 2006",in,0,Serie A,2006,2006/2007
US Palermo,Andrea Bovo,20,Central Midfield,Salernitana,"End of loanJun 30, 2006",in,0,Serie A,2006,2006/2007
US Palermo,Davide Matteini,24,Left Winger,Pescara,"End of loanJun 30, 2006",in,0,Serie A,2006,2006/2007
US Palermo,Matteo Guardalben,32,Goalkeeper,Parma,"End of loanJun 30, 2006",in,0,Serie A,2006,2006/2007
US Palermo,Valerio Virga,20,Right-Back,Ascoli,"End of loanJun 30, 2006",in,0,Serie A,2006,2006/2007
US Palermo,Stephen Makinwa,22,Centre-Forward,Lazio,£5.67m,out,5.67,Serie A,2006,2006/2007
US Palermo,Mario Santana,24,Second Striker,Fiorentina,£4.95m,out,4.95,Serie A,2006,2006/2007
US Palermo,Fabio Grosso,28,Left-Back,Inter,£4.95m,out,4.95,Serie A,2006,2006/2007
US Palermo,Simone Barone,28,Central Midfield,Torino,£3.69m,out,3.69,Serie A,2006,2006/2007
US Palermo,Pietro Accardi,23,Left-Back,Sampdoria,£1.80m,out,1.8,Serie A,2006,2006/2007
US Palermo,Massimo Bonanni,24,Left Midfield,Sampdoria,£1.80m,out,1.8,Serie A,2006,2006/2007
US Palermo,Christian Terlizzi,26,Centre-Back,Sampdoria,£1.35m,out,1.35,Serie A,2006,2006/2007
US Palermo,Valerio Virga,20,Right-Back,AS Roma,£450k,out,0.45,Serie A,2006,2006/2007
US Palermo,Massimo Mutarelli,28,Central Midfield,Lazio,Free Transfer,out,0,Serie A,2006,2006/2007
US Palermo,Davide Matteini,24,Left Winger,FC Empoli,Loan,out,0,Serie A,2006,2006/2007
US Palermo,Paul Codrea,25,Central Midfield,Siena,?,out,NA,Serie A,2006,2006/2007
US Palermo,Andrea Gasbarroni,24,Second Striker,Parma,?,out,NA,Serie A,2006,2006/2007
US Palermo,Cesare Bovo,23,Centre-Back,Torino,Loan,out,0,Serie A,2006,2006/2007
US Palermo,Kewullay Conteh,28,Centre-Back,Atalanta,Loan,out,0,Serie A,2006,2006/2007
US Palermo,Denis Godeas,31,Centre-Forward,Chievo Verona,?,out,NA,Serie A,2006,2006/2007
US Palermo,Maurizio Ciaramitaro,24,Central Midfield,Parma,Loan,out,0,Serie A,2006,2006/2007
US Palermo,Francesco Parravicini,25,Defensive Midfield,Parma,Loan,out,0,Serie A,2006,2006/2007
US Palermo,Mariano González,25,Right Midfield,Inter,Loan,out,0,Serie A,2006,2006/2007
US Palermo,Leandro Rinaudo,23,Centre-Back,Siena,Loan,out,0,Serie A,2006,2006/2007
US Palermo,Matteo Guardalben,32,Goalkeeper,Vicenza,?,out,NA,Serie A,2006,2006/2007
US Palermo,Igor Budan,26,Centre-Forward,Parma,Loan,out,0,Serie A,2006,2006/2007
US Palermo,Andrea Bovo,20,Central Midfield,Bari,Loan,out,0,Serie A,2006,2006/2007
US Palermo,Cristiano Lupatelli,28,Goalkeeper,Fiorentina,"End of loanJun 30, 2006",out,0,Serie A,2006,2006/2007
US Palermo,Mariano Andújar,22,Goalkeeper,Huracán,"End of loanJun 30, 2006",out,0,Serie A,2006,2006/2007
FC Empoli,Nicola Pozzi,20,Centre-Forward,AC Milan,£2.25m,in,2.25,Serie A,2006,2006/2007
FC Empoli,Rincón,19,Centre-Back,Inter,Loan,in,0,Serie A,2006,2006/2007
FC Empoli,Davide Matteini,24,Left Winger,US Palermo,Loan,in,0,Serie A,2006,2006/2007
FC Empoli,Francesco Marianini,27,Central Midfield,Lecce,?,in,NA,Serie A,2006,2006/2007
FC Empoli,Daniele Adani,32,Centre-Back,Ascoli,?,in,NA,Serie A,2006,2006/2007
FC Empoli,Lino Marzorati,19,Centre-Back,AC Milan,Loan,in,0,Serie A,2006,2006/2007
FC Empoli,Davide Bassi,21,Goalkeeper,Massese,?,in,NA,Serie A,2006,2006/2007
FC Empoli,Luca Saudati,27,Centre-Forward,Atalanta,?,in,NA,Serie A,2006,2006/2007
FC Empoli,Christian Cesaretti,19,Centre-Forward,Empoli U19,-,in,0,Serie A,2006,2006/2007
FC Empoli,Gianluca Musacci,19,Central Midfield,Empoli U19,-,in,0,Serie A,2006,2006/2007
FC Empoli,Claudio Coralli,23,Centre-Forward,Lucchese,"End of loanDec 31, 2006",in,0,Serie A,2006,2006/2007
FC Empoli,Simone Iacoponi,19,Right-Back,Empoli U19,-,in,0,Serie A,2006,2006/2007
FC Empoli,Éder,19,Second Striker,Empoli U19,-,in,0,Serie A,2006,2006/2007
FC Empoli,Vincenzo Pellecchia,21,Forward,Bologna,"End of loanDec 31, 2006",in,0,Serie A,2006,2006/2007
FC Empoli,Riccardo Bonetto,27,Left-Back,Ascoli,"End of loanJun 30, 2006",in,0,Serie A,2006,2006/2007
FC Empoli,Claudio Coralli,23,Centre-Forward,AS Pizzighettone,"End of loanJun 30, 2006",in,0,Serie A,2006,2006/2007
FC Empoli,Mirco Gasparetto,26,Centre-Forward,Mantova,"End of loanJun 30, 2006",in,0,Serie A,2006,2006/2007
FC Empoli,Vincenzo Pellecchia,20,Forward,AC Pisa,"End of loanJun 30, 2006",in,0,Serie A,2006,2006/2007
FC Empoli,Pasquale Foggia,23,Attacking Midfield,Ascoli,"End of loanJun 30, 2006",in,0,Serie A,2006,2006/2007
FC Empoli,Francesco Tavano,27,Centre-Forward,Valencia,£9.00m,out,9,Serie A,2006,2006/2007
FC Empoli,Riccardo Bonetto,27,Left-Back,Lazio,Free Transfer,out,0,Serie A,2006,2006/2007
FC Empoli,Paolo Zanetti,23,Defensive Midfield,Ascoli,Free Transfer,out,0,Serie A,2006,2006/2007
FC Empoli,Andrea Coda,21,Centre-Back,Udinese,?,out,NA,Serie A,2006,2006/2007
FC Empoli,Tommaso Pieroni,19,Right Midfield,Cecina,?,out,NA,Serie A,2006,2006/2007
FC Empoli,Daniele Buzzegoli,23,Central Midfield,AC Pisa,?,out,NA,Serie A,2006,2006/2007
FC Empoli,Francesco Lodi,22,Defensive Midfield,Frosinone,Loan,out,0,Serie A,2006,2006/2007
FC Empoli,Claudio Coralli,23,Centre-Forward,Lucchese,Loan,out,0,Serie A,2006,2006/2007
FC Empoli,Pasquale Foggia,23,Attacking Midfield,AC Milan,?,out,NA,Serie A,2006,2006/2007
FC Empoli,Mirco Gasparetto,26,Centre-Forward,Genoa,?,out,NA,Serie A,2006,2006/2007
FC Empoli,Matteo Serafini,28,Centre-Forward,Brescia,?,out,NA,Serie A,2006,2006/2007
FC Empoli,Claudio Sciannamè,18,Centre-Back,Rovigo Calcio,?,out,NA,Serie A,2006,2006/2007
FC Empoli,Vincenzo Pellecchia,20,Forward,Bologna,Loan,out,0,Serie A,2006,2006/2007
FC Empoli,Nicola Pozzi,20,Centre-Forward,AC Milan,"End of loanJun 30, 2006",out,0,Serie A,2006,2006/2007
FC Empoli,Maxwell,24,Left-Back,Inter,"End of loanJun 30, 2006",out,0,Serie A,2006,2006/2007
FC Empoli,Christian Riganó,32,Centre-Forward,Fiorentina,"End of loanJun 30, 2006",out,0,Serie A,2006,2006/2007
FC Messina Peloro,Angelo Rea,24,Centre-Back,Cesena,£450k,in,0.45,Serie A,2006,2006/2007
FC Messina Peloro,Édgar Álvarez,26,Right Midfield,AS Roma,Loan fee:£270k,in,0.27,Serie A,2006,2006/2007
FC Messina Peloro,Daniele De Vezze,26,Central Midfield,Genoa,Free Transfer,in,0,Serie A,2006,2006/2007
FC Messina Peloro,Saul Santarelli,32,Goalkeeper,Forlì,Free Transfer,in,0,Serie A,2006,2006/2007
FC Messina Peloro,Gabriele Paoletti,28,Goalkeeper,Udinese,Free Transfer,in,0,Serie A,2006,2006/2007
FC Messina Peloro,Nicolás Córdova,27,Central Midfield,AS Livorno,Free Transfer,in,0,Serie A,2006,2006/2007
FC Messina Peloro,Ibrahima Bakayoko,30,Centre-Forward,AS Livorno,Free Transfer,in,0,Serie A,2006,2006/2007
FC Messina Peloro,Mark Iuliano,32,Centre-Back,Sampdoria,Free Transfer,in,0,Serie A,2006,2006/2007
FC Messina Peloro,Vincent Candela,33,Left-Back,Siena,Free Transfer,in,0,Serie A,2006,2006/2007
FC Messina Peloro,Andrea Gaveglia,22,Left-Back,SSC Giugliano,?,in,NA,Serie A,2006,2006/2007
FC Messina Peloro,Christian Riganó,32,Centre-Forward,Fiorentina,?,in,NA,Serie A,2006,2006/2007
FC Messina Peloro,Manolo Pestrin,28,Defensive Midfield,Cesena,?,in,NA,Serie A,2006,2006/2007
FC Messina Peloro,Luigi Lavecchia,24,Right Midfield,Juventus,?,in,NA,Serie A,2006,2006/2007
FC Messina Peloro,Roberto D'Aversa,31,Central Midfield,Siena,?,in,NA,Serie A,2006,2006/2007
FC Messina Peloro,Enrico Morello,29,Centre-Back,Torres,?,in,NA,Serie A,2006,2006/2007
FC Messina Peloro,Antonio Ghomsi,20,Left-Back,Salernitana,?,in,NA,Serie A,2006,2006/2007
FC Messina Peloro,Salvatore Masiello,24,Left-Back,Udinese,Loan,in,0,Serie A,2006,2006/2007
FC Messina Peloro,Massimo Minetti,28,Second Striker,Torres,?,in,NA,Serie A,2006,2006/2007
FC Messina Peloro,Andrea Giallombardo,26,Left-Back,AS Livorno,Loan,in,0,Serie A,2006,2006/2007
FC Messina Peloro,Mitsuo Ogasawara,27,Central Midfield,Kashima Antlers,Loan,in,0,Serie A,2006,2006/2007
FC Messina Peloro,Alessandro Cesaretti,38,Goalkeeper,Without Club,-,in,0,Serie A,2006,2006/2007
FC Messina Peloro,Andrea Gentile,26,Central Midfield,Crotone,"End of loanDec 1, 2006",in,0,Serie A,2006,2006/2007
FC Messina Peloro,Gaetano Calà,17,Centre-Back,Messina U19,-,in,0,Serie A,2006,2006/2007
FC Messina Peloro,Vittorio Bernardo,20,Centre-Forward,Juve Stabia,"End of loanJun 30, 2006",in,0,Serie A,2006,2006/2007
FC Messina Peloro,Antonio Montella,20,Left Winger,Rieti,"End of loanJun 30, 2006",in,0,Serie A,2006,2006/2007
FC Messina Peloro,Gabriele Ferla,18,Goalkeeper,Siracusa,"End of loanJun 30, 2006",in,0,Serie A,2006,2006/2007
FC Messina Peloro,Rok Straus,19,Attacking Midfield,Brescia,"End of loanJun 30, 2006",in,0,Serie A,2006,2006/2007
FC Messina Peloro,Matthew Olorunleke,22,Centre-Back,Catanzaro,"End of loanJun 30, 2006",in,0,Serie A,2006,2006/2007
FC Messina Peloro,Andrea Gentile,26,Central Midfield,Torino,"End of loanJun 30, 2006",in,0,Serie A,2006,2006/2007
FC Messina Peloro,Francesco Morga,20,Centre-Forward,Pergolettese,"End of loanJun 30, 2006",in,0,Serie A,2006,2006/2007
FC Messina Peloro,Ivica Iliev,26,Second Striker,Genoa,"End of loanJun 30, 2006",in,0,Serie A,2006,2006/2007
FC Messina Peloro,Davide Arigò,21,Right Winger,Juve Stabia,"End of loanJun 30, 2006",in,0,Serie A,2006,2006/2007
FC Messina Peloro,Marco Storari,30,Goalkeeper,AC Milan,£765k,out,0.765,Serie A,2006,2006/2007
FC Messina Peloro,Salvatore Aronica,28,Centre-Back,Reggina,£720k,out,0.72,Serie A,2006,2006/2007
FC Messina Peloro,Rahman Rezaei,31,Centre-Back,AS Livorno,£450k,out,0.45,Serie A,2006,2006/2007
FC Messina Peloro,Filippo Cristante,29,Centre-Back,Mantova,£270k,out,0.27,Serie A,2006,2006/2007
FC Messina Peloro,Rafael,26,Right-Back,Fluminense,Free Transfer,out,0,Serie A,2006,2006/2007
FC Messina Peloro,Andrea Pansera,26,Goalkeeper,Padova,Free Transfer,out,0,Serie A,2006,2006/2007
FC Messina Peloro,Andrea Gentile,26,Central Midfield,Crotone,Loan,out,0,Serie A,2006,2006/2007
FC Messina Peloro,Andrea Gaveglia,22,Left-Back,Martina,Loan,out,0,Serie A,2006,2006/2007
FC Messina Peloro,Salvatore Sullo,35,Attacking Midfield,Avellino,?,out,NA,Serie A,2006,2006/2007
FC Messina Peloro,Andrea Gentile,26,Central Midfield,Monza,Loan,out,0,Serie A,2006,2006/2007
FC Messina Peloro,Francesco Morga,20,Centre-Forward,Biellese,Loan,out,0,Serie A,2006,2006/2007
FC Messina Peloro,Vittorio Bernardo,20,Centre-Forward,Martina,Loan,out,0,Serie A,2006,2006/2007
FC Messina Peloro,Carmine Coppola,27,Central Midfield,AS Livorno,Loan,out,0,Serie A,2006,2006/2007
FC Messina Peloro,Davide Arigò,21,Right Winger,Martina,Loan,out,0,Serie A,2006,2006/2007
FC Messina Peloro,Francesco Girillo,20,Central Midfield,Crotone,?,out,NA,Serie A,2006,2006/2007
FC Messina Peloro,Nicholas Caglioni,24,Goalkeeper,Ban,?,out,NA,Serie A,2006,2006/2007
FC Messina Peloro,Alessandro Cesaretti,38,Goalkeeper,Retired,-,out,0,Serie A,2006,2006/2007
FC Messina Peloro,Giuseppe Sculli,25,Left Winger,Juventus,"End of loanJun 30, 2006",out,0,Serie A,2006,2006/2007
FC Messina Peloro,Filippo Antonelli Agomeri,27,Right Winger,Chievo Verona,"End of loanJun 30, 2006",out,0,Serie A,2006,2006/2007
FC Messina Peloro,Antonio Nocerino,21,Central Midfield,Genoa,"End of loanJun 30, 2006",out,0,Serie A,2006,2006/2007
FC Messina Peloro,Renato Bondi,25,Attacking Midfield,Teramo,"End of loanJun 30, 2006",out,0,Serie A,2006,2006/2007
FC Messina Peloro,Duccio Innocenti,30,Centre-Back,Atalanta,"End of loanJun 30, 2006",out,0,Serie A,2006,2006/2007
FC Messina Peloro,Zlatan Muslimovic,25,Centre-Forward,Udinese,"End of loanJun 30, 2006",out,0,Serie A,2006,2006/2007
FC Messina Peloro,Massimo Donati,25,Defensive Midfield,AC Milan,"End of loanJun 30, 2006",out,0,Serie A,2006,2006/2007
FC Messina Peloro,Gaetano D'Agostino,24,Central Midfield,AS Roma,"End of loanJun 30, 2006",out,0,Serie A,2006,2006/2007
FC Messina Peloro,Roberto Nanni,24,Centre-Forward,Dynamo Kyiv,"End of loanJun 30, 2006",out,0,Serie A,2006,2006/2007
AS Livorno,Giovanni Pasquale,24,Left-Back,Inter,£720k,in,0.72,Serie A,2006,2006/2007
AS Livorno,Samuel Kuffour,29,Centre-Back,AS Roma,Loan fee:£495k,in,0.495,Serie A,2006,2006/2007
AS Livorno,Rahman Rezaei,31,Centre-Back,Messina Peloro,£450k,in,0.45,Serie A,2006,2006/2007
AS Livorno,Dario Knezevic,24,Centre-Back,HNK Rijeka,£450k,in,0.45,Serie A,2006,2006/2007
AS Livorno,José Luís Vidigal,33,Defensive Midfield,Udinese,Free Transfer,in,0,Serie A,2006,2006/2007
AS Livorno,César,32,Left Midfield,Inter,Loan,in,0,Serie A,2006,2006/2007
AS Livorno,Edo,22,Centre-Forward,Le Mans UC 72,Loan,in,0,Serie A,2006,2006/2007
AS Livorno,Stefano Fiore,31,Attacking Midfield,Valencia,Loan,in,0,Serie A,2006,2006/2007
AS Livorno,Niccolò Casini,21,Goalkeeper,AC Firenze Rondinella,?,in,NA,Serie A,2006,2006/2007
AS Livorno,Antonio Filippini,33,Right Midfield,Treviso,?,in,NA,Serie A,2006,2006/2007
AS Livorno,Carmine Coppola,27,Central Midfield,Messina Peloro,Loan,in,0,Serie A,2006,2006/2007
AS Livorno,Simone Pavan,32,Centre-Back,Sampdoria,?,in,NA,Serie A,2006,2006/2007
AS Livorno,Martin Bergvold,22,Defensive Midfield,FC Copenhagen,?,in,NA,Serie A,2006,2006/2007
AS Livorno,Emanuele Manitta,29,Goalkeeper,Bologna,?,in,NA,Serie A,2006,2006/2007
AS Livorno,Nicola Iannotti,21,Midfielder,Novara,?,in,NA,Serie A,2006,2006/2007
AS Livorno,Andrea Giallombardo,25,Left-Back,Lazio,"End of loanJun 30, 2006",in,0,Serie A,2006,2006/2007
AS Livorno,Emmanuel Osei,23,Defensive Midfield,Poli. Timisoara,"End of loanJun 30, 2006",in,0,Serie A,2006,2006/2007
AS Livorno,Tomas Danilevicius,27,Centre-Forward,Avellino,"End of loanJun 30, 2006",in,0,Serie A,2006,2006/2007
AS Livorno,Nicolás Córdova,27,Central Midfield,Ascoli,"End of loanJun 30, 2006",in,0,Serie A,2006,2006/2007
AS Livorno,Luca Mazzoni,22,Goalkeeper,Pavia,"End of loanJun 30, 2006",in,0,Serie A,2006,2006/2007
AS Livorno,Paolo Ginestra,27,Goalkeeper,UC AlbinoLeffe,"End of loanJun 30, 2006",in,0,Serie A,2006,2006/2007
AS Livorno,Luca Vigiani,29,Right Midfield,Reggina,"End of loanJun 30, 2006",in,0,Serie A,2006,2006/2007
AS Livorno,Gennaro Ruotolo,39,Central Midfield,Sorrento,Free Transfer,out,0,Serie A,2006,2006/2007
AS Livorno,Nicolás Córdova,27,Central Midfield,Messina Peloro,Free Transfer,out,0,Serie A,2006,2006/2007
AS Livorno,César Prates,31,Right-Back,Chievo Verona,Free Transfer,out,0,Serie A,2006,2006/2007
AS Livorno,Jorge Vargas,30,Centre-Back,RB Salzburg,Free Transfer,out,0,Serie A,2006,2006/2007
AS Livorno,Emmanuel Osei,23,Defensive Midfield,ASV Cham,Free Transfer,out,0,Serie A,2006,2006/2007
AS Livorno,Ibrahima Bakayoko,30,Centre-Forward,Messina Peloro,Free Transfer,out,0,Serie A,2006,2006/2007
AS Livorno,Andrea Giallombardo,26,Left-Back,Messina Peloro,Loan,out,0,Serie A,2006,2006/2007
AS Livorno,Tomas Danilevicius,28,Centre-Forward,Bologna,Loan,out,0,Serie A,2006,2006/2007
AS Livorno,Gabriele Falchini,20,Centre-Forward,AC Loanesi,?,out,NA,Serie A,2006,2006/2007
AS Livorno,Alessandro Stefanini,19,Midfielder,Pavia,?,out,NA,Serie A,2006,2006/2007
AS Livorno,Edoardo Grosso,19,Goalkeeper,Pontedera,?,out,NA,Serie A,2006,2006/2007
AS Livorno,Stefano Argilli,33,Right-Back,Frosinone,?,out,NA,Serie A,2006,2006/2007
AS Livorno,Luca Vigiani,30,Right Midfield,Reggina,?,out,NA,Serie A,2006,2006/2007
AS Livorno,Paolo Ginestra,27,Goalkeeper,Ternana,?,out,NA,Serie A,2006,2006/2007
AS Livorno,Edo,22,Centre-Forward,Le Mans UC 72,"End of loanDec 1, 2006",out,0,Serie A,2006,2006/2007
AS Livorno,Diego De Ascentis,29,Defensive Midfield,Torino,"End of loanJun 30, 2006",out,0,Serie A,2006,2006/2007
AS Livorno,Raffaele Palladino,22,Left Winger,Juventus,"End of loanJun 30, 2006",out,0,Serie A,2006,2006/2007
AS Livorno,Zé Rodolpho,22,Left Midfield,Juventude,"End of loanJun 30, 2006",out,0,Serie A,2006,2006/2007
AS Livorno,Francesco Coco,29,Left-Back,Inter,"End of loanJun 30, 2006",out,0,Serie A,2006,2006/2007
AS Livorno,Paolo Acerbis,25,Goalkeeper,UC AlbinoLeffe,"End of loanJun 30, 2006",out,0,Serie A,2006,2006/2007
AS Livorno,Giuseppe Colucci,25,Central Midfield,Hellas Verona,"End of loanJun 30, 2006",out,0,Serie A,2006,2006/2007
Parma FC,Vitali Kutuzov,26,Centre-Forward,Sampdoria,£1.80m,in,1.8,Serie A,2006,2006/2007
Parma FC,Michele Rinaldi,19,Centre-Back,Udinese,Loan fee:£158k,in,0.158,Serie A,2006,2006/2007
Parma FC,Paolo Castellini,27,Left-Back,Real Betis,Free Transfer,in,0,Serie A,2006,2006/2007
Parma FC,Armando Perna,25,Centre-Back,Modena,Loan,in,0,Serie A,2006,2006/2007
Parma FC,Maurizio Ciaramitaro,24,Central Midfield,US Palermo,Loan,in,0,Serie A,2006,2006/2007
Parma FC,Andrea Gasbarroni,24,Second Striker,US Palermo,?,in,NA,Serie A,2006,2006/2007
Parma FC,Massimo Paci,28,Centre-Back,Ascoli,?,in,NA,Serie A,2006,2006/2007
Parma FC,Francesco Parravicini,25,Defensive Midfield,US Palermo,Loan,in,0,Serie A,2006,2006/2007
Parma FC,Antonio Bocchetti,26,Left-Back,Piacenza,?,in,NA,Serie A,2006,2006/2007
Parma FC,Zlatan Muslimovic,25,Centre-Forward,Udinese,Loan,in,0,Serie A,2006,2006/2007
Parma FC,Igor Budan,26,Centre-Forward,US Palermo,Loan,in,0,Serie A,2006,2006/2007
Parma FC,Giuseppe Rossi,19,Centre-Forward,Man Utd,Loan,in,0,Serie A,2006,2006/2007
Parma FC,Federico Moretti,17,Central Midfield,Parma U19,-,in,0,Serie A,2006,2006/2007
Parma FC,Zlatko Dedic,21,Centre-Forward,Cremonese,"End of loanJun 30, 2006",in,0,Serie A,2006,2006/2007
Parma FC,Emiliano Bonazzoli,27,Centre-Forward,Sampdoria,"End of loanJun 30, 2006",in,0,Serie A,2006,2006/2007
Parma FC,Sébastien Frey,26,Goalkeeper,Fiorentina,"End of loanJun 30, 2006",in,0,Serie A,2006,2006/2007
Parma FC,Fabio Virgili,20,Goalkeeper,Napoli,"End of loanJun 30, 2006",in,0,Serie A,2006,2006/2007
Parma FC,Alberto Galuppo,20,Centre-Back,AC Pisa,"End of loanJun 30, 2006",in,0,Serie A,2006,2006/2007
Parma FC,Sébastien Frey,26,Goalkeeper,Fiorentina,£5.18m,out,5.18,Serie A,2006,2006/2007
Parma FC,Fábio Simplício,26,Central Midfield,US Palermo,£4.95m,out,4.95,Serie A,2006,2006/2007
Parma FC,Emiliano Bonazzoli,27,Centre-Forward,Sampdoria,£4.73m,out,4.73,Serie A,2006,2006/2007
Parma FC,Daniele Bonera,25,Centre-Back,AC Milan,£2.97m,out,2.97,Serie A,2006,2006/2007
Parma FC,Marco Delvecchio,33,Centre-Forward,Ascoli,Free Transfer,out,0,Serie A,2006,2006/2007
Parma FC,Ibrahima Camara,21,Left-Back,Le Mans UC 72,Loan,out,0,Serie A,2006,2006/2007
Parma FC,Marco Rossi,19,Centre-Back,Modena,Loan,out,0,Serie A,2006,2006/2007
Parma FC,Marco Marchionni,25,Right Midfield,Juventus,Free Transfer,out,0,Serie A,2006,2006/2007
Parma FC,Zlatko Dedic,22,Centre-Forward,Frosinone,?,out,NA,Serie A,2006,2006/2007
Parma FC,Paolo Cannavaro,25,Centre-Back,SSC Napoli,?,out,NA,Serie A,2006,2006/2007
Parma FC,Francesco Ruopolo,23,Centre-Forward,Triestina,?,out,NA,Serie A,2006,2006/2007
Parma FC,Filippo Mattiuzzo,19,Right-Back,Cremonese,Loan,out,0,Serie A,2006,2006/2007
Parma FC,Filippo Savi,19,Central Midfield,Monza,Loan,out,0,Serie A,2006,2006/2007
Parma FC,Mark Bresciano,26,Central Midfield,US Palermo,?,out,NA,Serie A,2006,2006/2007
Parma FC,Alberto Galuppo,20,Centre-Back,Grosseto,Loan,out,0,Serie A,2006,2006/2007
Parma FC,Maurizio Ciaramitaro,24,Central Midfield,US Palermo,"End of loanDec 31, 2006",out,0,Serie A,2006,2006/2007
Parma FC,Mattia Cherubini,18,Defender,Without Club,-,out,0,Serie A,2006,2006/2007
Parma FC,Matteo Guardalben,32,Goalkeeper,US Palermo,"End of loanJun 30, 2006",out,0,Serie A,2006,2006/2007
Parma FC,Bernardo Corradi,30,Centre-Forward,Valencia,"End of loanJun 30, 2006",out,0,Serie A,2006,2006/2007
Parma FC,Giovanni Pasquale,24,Left-Back,Inter,"End of loanJun 30, 2006",out,0,Serie A,2006,2006/2007
AC Siena,Valerio Bertotto,33,Right-Back,Udinese,£2.25m,in,2.25,Serie A,2006,2006/2007
AC Siena,Daniele Corvia,21,Centre-Forward,AS Roma,£360k,in,0.36,Serie A,2006,2006/2007
AC Siena,Roman Eremenko,19,Attacking Midfield,Udinese,Loan fee:£315k,in,0.315,Serie A,2006,2006/2007
AC Siena,Luca Antonini,23,Left-Back,Sampdoria,Loan fee:£180k,in,0.18,Serie A,2006,2006/2007
AC Siena,Alexander Manninger,29,Goalkeeper,RB Salzburg,Free Transfer,in,0,Serie A,2006,2006/2007
AC Siena,Nicola Pavarini,32,Goalkeeper,Reggina,Free Transfer,in,0,Serie A,2006,2006/2007
AC Siena,Vincent Candela,32,Left-Back,Udinese,Free Transfer,in,0,Serie A,2006,2006/2007
AC Siena,Anssi Jaakkola,19,Goalkeeper,TP-47,Free Transfer,in,0,Serie A,2006,2006/2007
AC Siena,Mario Frick,31,Centre-Forward,Ternana,Free Transfer,in,0,Serie A,2006,2006/2007
AC Siena,Massimo Maccarone,27,Centre-Forward,Middlesbrough,Free Transfer,in,0,Serie A,2006,2006/2007
AC Siena,Federico Melchiorri,19,Centre-Forward,Tolentino,?,in,NA,Serie A,2006,2006/2007
AC Siena,Gorazd Zajc,18,Centre-Forward,NK Maribor,?,in,NA,Serie A,2006,2006/2007
AC Siena,Ezio Brevi,36,Defensive Midfield,Catania,?,in,NA,Serie A,2006,2006/2007
AC Siena,Giovanni Bartolucci,22,Right-Back,Torres,?,in,NA,Serie A,2006,2006/2007
AC Siena,Leandro Rinaudo,23,Centre-Back,US Palermo,Loan,in,0,Serie A,2006,2006/2007
AC Siena,Francesco Benussi,25,Goalkeeper,Lecce,Loan,in,0,Serie A,2006,2006/2007
AC Siena,Daniele Galloppa,21,Central Midfield,AS Roma,Loan,in,0,Serie A,2006,2006/2007
AC Siena,Paul Codrea,25,Central Midfield,US Palermo,?,in,NA,Serie A,2006,2006/2007
AC Siena,Marcin Siedlarz,18,Central Midfield,Widzew Lodz,?,in,NA,Serie A,2006,2006/2007
AC Siena,Alessandro Bettega,19,Central Midfield,Juventus U19,?,in,NA,Serie A,2006,2006/2007
AC Siena,Thomas Albanese,18,Centre-Forward,Tolentino,?,in,NA,Serie A,2006,2006/2007
AC Siena,Andrea Masiello,20,Centre-Back,Juventus,?,in,NA,Serie A,2006,2006/2007
AC Siena,Abdoulay Konko,22,Right-Back,Juventus,?,in,NA,Serie A,2006,2006/2007
AC Siena,Andrea Rossi,19,Left-Back,Juventus,Loan,in,0,Serie A,2006,2006/2007
AC Siena,Leonardo Blanchard,18,Centre-Back,US Poggibonsi,"End of loanDec 1, 2006",in,0,Serie A,2006,2006/2007
AC Siena,Gennaro Esposito,21,Defensive Midfield,Torres,"End of loanJun 30, 2006",in,0,Serie A,2006,2006/2007
AC Siena,Fernando,25,Defensive Midfield,G. Bordeaux,"End of loanJun 30, 2006",in,0,Serie A,2006,2006/2007
AC Siena,Simone Bonomi,25,Left-Back,Hellas Verona,"End of loanJun 30, 2006",in,0,Serie A,2006,2006/2007
AC Siena,Francesco Cozza,32,Attacking Midfield,Reggina,"End of loanJun 30, 2006",in,0,Serie A,2006,2006/2007
AC Siena,Erjon Bogdani,29,Centre-Forward,Chievo Verona,£2.70m,out,2.7,Serie A,2006,2006/2007
AC Siena,Jacopo Piazzi,19,Left-Back,US Forcoli,Free Transfer,out,0,Serie A,2006,2006/2007
AC Siena,Francesco Colonnese,34,Centre-Back,Potenza,Free Transfer,out,0,Serie A,2006,2006/2007
AC Siena,Vincent Candela,33,Left-Back,Messina Peloro,Free Transfer,out,0,Serie A,2006,2006/2007
AC Siena,Gorazd Zajc,19,Centre-Forward,NK Maribor,?,out,NA,Serie A,2006,2006/2007
AC Siena,Gianluca Falsini,30,Left-Back,Catania,?,out,NA,Serie A,2006,2006/2007
AC Siena,Roberto D'Aversa,31,Central Midfield,Messina Peloro,?,out,NA,Serie A,2006,2006/2007
AC Siena,Davide Zomer,29,Goalkeeper,Ancona,?,out,NA,Serie A,2006,2006/2007
AC Siena,Paolo Foglio,30,Right-Back,Ascoli,?,out,NA,Serie A,2006,2006/2007
AC Siena,Leonardo Blanchard,18,Centre-Back,US Poggibonsi,Loan,out,0,Serie A,2006,2006/2007
AC Siena,Gennaro Esposito,21,Defensive Midfield,Juve Stabia,Loan,out,0,Serie A,2006,2006/2007
AC Siena,Andrea Masiello,20,Centre-Back,Genoa,?,out,NA,Serie A,2006,2006/2007
AC Siena,Leonardo Blanchard,18,Centre-Back,Sangimignano,Loan,out,0,Serie A,2006,2006/2007
AC Siena,Marco Fortin,31,Goalkeeper,Cagliari Calcio,?,out,NA,Serie A,2006,2006/2007
AC Siena,Tomás Guzmán,24,Attacking Midfield,Juventus,?,out,NA,Serie A,2006,2006/2007
AC Siena,Nicola Pavarini,32,Goalkeeper,Lecce,Loan,out,0,Serie A,2006,2006/2007
AC Siena,Fernando,25,Defensive Midfield,G. Bordeaux,?,out,NA,Serie A,2006,2006/2007
AC Siena,Simone Bonomi,25,Left-Back,Crotone,?,out,NA,Serie A,2006,2006/2007
AC Siena,Pasquale Iadaresta,20,Centre-Forward,US Poggibonsi,Loan,out,0,Serie A,2006,2006/2007
AC Siena,Nicola Legrottaglie,29,Centre-Back,Juventus,"End of loanJun 30, 2006",out,0,Serie A,2006,2006/2007
AC Siena,Rey Volpato,19,Centre-Forward,Juventus,"End of loanJun 30, 2006",out,0,Serie A,2006,2006/2007
AC Siena,Massimo Maccarone,26,Centre-Forward,Middlesbrough,"End of loanJun 30, 2006",out,0,Serie A,2006,2006/2007
AC Siena,Matteo Paro,23,Central Midfield,Juventus,"End of loanJun 30, 2006",out,0,Serie A,2006,2006/2007
AC Siena,Igor Tudor,28,Centre-Back,Juventus,"End of loanJun 30, 2006",out,0,Serie A,2006,2006/2007
Calcio Catania,Mariano Izco,23,Central Midfield,Tigre,£54k,in,0.054,Serie A,2006,2006/2007
Calcio Catania,Juan Manuel Vargas,22,Left-Back,Colón,Free Transfer,in,0,Serie A,2006,2006/2007
Calcio Catania,Raffaele Ioime,19,Goalkeeper,Cosenza,Free Transfer,in,0,Serie A,2006,2006/2007
Calcio Catania,Fausto Rossini,28,Centre-Forward,Udinese,Free Transfer,in,0,Serie A,2006,2006/2007
Calcio Catania,Gennaro Sardo,27,Right-Back,Piacenza,?,in,NA,Serie A,2006,2006/2007
Calcio Catania,Mauro Minelli,25,Centre-Back,UC AlbinoLeffe,?,in,NA,Serie A,2006,2006/2007
Calcio Catania,Gianvito Plasmati,23,Centre-Forward,Andria,?,in,NA,Serie A,2006,2006/2007
Calcio Catania,Lorenzo Stovini,29,Centre-Back,Lecce,?,in,NA,Serie A,2006,2006/2007
Calcio Catania,Wálter García,22,Centre-Back,Rubin Kazan,?,in,NA,Serie A,2006,2006/2007
Calcio Catania,Giorgio Corona,32,Centre-Forward,Catanzaro,?,in,NA,Serie A,2006,2006/2007
Calcio Catania,Francesco Millesi,25,Left Winger,Avellino,?,in,NA,Serie A,2006,2006/2007
Calcio Catania,Takayuki Morimoto,18,Centre-Forward,Tokyo Verdy 1969,Loan,in,0,Serie A,2006,2006/2007
Calcio Catania,Gianluca Falsini,30,Left-Back,Siena,?,in,NA,Serie A,2006,2006/2007
Calcio Catania,Marco Biagianti,22,Defensive Midfield,Vastese,?,in,NA,Serie A,2006,2006/2007
Calcio Catania,Giuseppe Colucci,25,Central Midfield,Hellas Verona,?,in,NA,Serie A,2006,2006/2007
Calcio Catania,Mark Edusei,29,Defensive Midfield,Torino,?,in,NA,Serie A,2006,2006/2007
Calcio Catania,Gianvito Plasmati,23,Centre-Forward,Crotone,"End of loanDec 31, 2006",in,0,Serie A,2006,2006/2007
Calcio Catania,Antonino Cardinale,30,Central Midfield,Salernitana,"End of loanJun 30, 2006",in,0,Serie A,2006,2006/2007
Calcio Catania,Riccardo Nardini,23,Central Midfield,Modena,"End of loanJun 30, 2006",in,0,Serie A,2006,2006/2007
Calcio Catania,Paolo Bianco,28,Centre-Back,Cagliari Calcio,Loan fee:£630k,out,0.63,Serie A,2006,2006/2007
Calcio Catania,Maurizio Anastasi,29,Defensive Midfield,Cesena,Free Transfer,out,0,Serie A,2006,2006/2007
Calcio Catania,Antonino Cardinale,30,Central Midfield,Foggia,Free Transfer,out,0,Serie A,2006,2006/2007
Calcio Catania,Renato Olive,35,Central Midfield,Bologna,Free Transfer,out,0,Serie A,2006,2006/2007
Calcio Catania,Umberto Del Core,27,Centre-Forward,Cesena,Loan,out,0,Serie A,2006,2006/2007
Calcio Catania,Gianvito Plasmati,23,Centre-Forward,Crotone,Loan,out,0,Serie A,2006,2006/2007
Calcio Catania,Riccardo Nardini,23,Central Midfield,Reggina,Loan,out,0,Serie A,2006,2006/2007
Calcio Catania,Ezio Brevi,36,Defensive Midfield,Siena,?,out,NA,Serie A,2006,2006/2007
Calcio Catania,Vito Laudicina,17,Goalkeeper,Unknown,?,out,NA,Serie A,2006,2006/2007
Calcio Catania,Wálter García,22,Centre-Back,Quilmes,?,out,NA,Serie A,2006,2006/2007
Calcio Catania,Luciano Zavagno,28,Left-Back,Ionikos Nikeas,?,out,NA,Serie A,2006,2006/2007
Calcio Catania,Alessio Caroccia,16,Goalkeeper,Unknown,?,out,NA,Serie A,2006,2006/2007
Calcio Catania,Orazio Russo,32,Right Winger,Padova,?,out,NA,Serie A,2006,2006/2007
Calcio Catania,Ciro Polito,27,Goalkeeper,Pescara,Loan,out,0,Serie A,2006,2006/2007
Calcio Catania,Roberto De Zerbi,27,Attacking Midfield,SSC Napoli,?,out,NA,Serie A,2006,2006/2007
Calcio Catania,Matteo Gritti,19,Centre-Back,Andria,?,out,NA,Serie A,2006,2006/2007
Calcio Catania,Rocco Sabato,24,Left-Back,Cesena,Loan,out,0,Serie A,2006,2006/2007
Calcio Catania,Stefano Dall'Acqua,24,Centre-Forward,Treviso,"End of loanJun 30, 2006",out,0,Serie A,2006,2006/2007
Calcio Catania,Giovanni Marchese,21,Centre-Back,Chievo Verona,"End of loanJun 30, 2006",out,0,Serie A,2006,2006/2007
Reggina Calcio,Ivan Pelizzoli,25,Goalkeeper,AS Roma,£1.80m,in,1.8,Serie A,2006,2006/2007
Reggina Calcio,Nenad Novakovic,24,Goalkeeper,Odense BK,£1.44m,in,1.44,Serie A,2006,2006/2007
Reggina Calcio,Salvatore Aronica,28,Centre-Back,Messina Peloro,£720k,in,0.72,Serie A,2006,2006/2007
Reggina Calcio,Nicki Bille Nielsen,18,Centre-Forward,BK Frem,£225k,in,0.225,Serie A,2006,2006/2007
Reggina Calcio,Pasquale Foggia,23,Attacking Midfield,Lazio,Loan fee:£225k,in,0.225,Serie A,2006,2006/2007
Reggina Calcio,Daniele Amerini,31,Central Midfield,Modena,Free Transfer,in,0,Serie A,2006,2006/2007
Reggina Calcio,Ricardo Esteves,26,Right Midfield,Vicenza,Free Transfer,in,0,Serie A,2006,2006/2007
Reggina Calcio,Andrea Campagnolo,29,Goalkeeper,Cagliari Calcio,Free Transfer,in,0,Serie A,2006,2006/2007
Reggina Calcio,Giovanni Morabito,27,Left-Back,Cesena,?,in,NA,Serie A,2006,2006/2007
Reggina Calcio,Daniel Beichler,18,Second Striker,Sturm Graz II,Loan,in,0,Serie A,2006,2006/2007
Reggina Calcio,Luca Tognozzi,28,Central Midfield,Pescara,?,in,NA,Serie A,2006,2006/2007
Reggina Calcio,Leonel Ríos,23,Right Midfield,Genoa,Loan,in,0,Serie A,2006,2006/2007
Reggina Calcio,Christian Puggioni,25,Goalkeeper,AC Pisa,?,in,NA,Serie A,2006,2006/2007
Reggina Calcio,Luca Vigiani,30,Right Midfield,AS Livorno,?,in,NA,Serie A,2006,2006/2007
Reggina Calcio,Palmiro Di Dio,20,Centre-Back,Ternana,?,in,NA,Serie A,2006,2006/2007
Reggina Calcio,Riccardo Nardini,23,Central Midfield,Catania,Loan,in,0,Serie A,2006,2006/2007
Reggina Calcio,Julio de León,26,Attacking Midfield,Teramo,?,in,NA,Serie A,2006,2006/2007
Reggina Calcio,Alessandro Gazzi,23,Defensive Midfield,Bari,Loan,in,0,Serie A,2006,2006/2007
Reggina Calcio,Ilyas Zeytulaev,24,Left Winger,Vicenza,"End of loanMay 1, 2007",in,0,Serie A,2006,2006/2007
Reggina Calcio,Ilyas Zeytulaev,24,Left Winger,Genoa,"End of loanDec 1, 2006",in,0,Serie A,2006,2006/2007
Reggina Calcio,Gaetano Ungaro,18,Centre-Back,Reggina Primaver,-,in,0,Serie A,2006,2006/2007
Reggina Calcio,Antonino Barillà,18,Central Midfield,Reggina Primaver,-,in,0,Serie A,2006,2006/2007
Reggina Calcio,Pietro Marino,19,Goalkeeper,Reggina Primaver,-,in,0,Serie A,2006,2006/2007
Reggina Calcio,Emanuele Belardi,28,Goalkeeper,Catanzaro,"End of loanJun 30, 2006",in,0,Serie A,2006,2006/2007
Reggina Calcio,Giovanni Lavrendi,20,Central Midfield,Trento,"End of loanJun 30, 2006",in,0,Serie A,2006,2006/2007
Reggina Calcio,Luca Rigoni,21,Central Midfield,Piacenza,"End of loanJun 30, 2006",in,0,Serie A,2006,2006/2007
Reggina Calcio,Francesco Cosenza,20,Centre-Back,Melfi,"End of loanJun 30, 2006",in,0,Serie A,2006,2006/2007
Reggina Calcio,Ricardo Verón,25,Central Midfield,San Lorenzo,"End of loanJun 30, 2006",in,0,Serie A,2006,2006/2007
Reggina Calcio,Davide Dionigi,32,Centre-Forward,Ternana,"End of loanJun 30, 2006",in,0,Serie A,2006,2006/2007
Reggina Calcio,Marco Zamboni,28,Centre-Back,Sampdoria,"End of loanJun 30, 2006",in,0,Serie A,2006,2006/2007
Reggina Calcio,Ivan Pelizzoli,26,Goalkeeper,Loko Moscow,£2.70m,out,2.7,Serie A,2006,2006/2007
Reggina Calcio,Ivan Franceschini,29,Centre-Back,Torino,£720k,out,0.72,Serie A,2006,2006/2007
Reggina Calcio,Nicola Pavarini,32,Goalkeeper,Siena,Free Transfer,out,0,Serie A,2006,2006/2007
Reggina Calcio,Julio de León,27,Attacking Midfield,Genoa,Free Transfer,out,0,Serie A,2006,2006/2007
Reggina Calcio,Juriy Cannarsa,30,Right-Back,Frosinone,Free Transfer,out,0,Serie A,2006,2006/2007
Reggina Calcio,Carlos Paredes,29,Defensive Midfield,Sporting CP,Free Transfer,out,0,Serie A,2006,2006/2007
Reggina Calcio,Francesco Cosenza,20,Centre-Back,Taranto,?,out,NA,Serie A,2006,2006/2007
Reggina Calcio,Filippo Carobbio,27,Central Midfield,Genoa,?,out,NA,Serie A,2006,2006/2007
Reggina Calcio,Davide Biondini,23,Central Midfield,Cagliari Calcio,Loan,out,0,Serie A,2006,2006/2007
Reggina Calcio,Ilyas Zeytulaev,24,Left Winger,Vicenza,Loan,out,0,Serie A,2006,2006/2007
Reggina Calcio,Fabio Ceravolo,19,Centre-Forward,Vastese,Loan,out,0,Serie A,2006,2006/2007
Reggina Calcio,Luca Rigoni,21,Central Midfield,Vicenza,?,out,NA,Serie A,2006,2006/2007
Reggina Calcio,Ivan Castiglia,18,Central Midfield,Vicenza,Loan,out,0,Serie A,2006,2006/2007
Reggina Calcio,Gaetano De Rosa,33,Centre-Back,Genoa,?,out,NA,Serie A,2006,2006/2007
Reggina Calcio,Antonio Saviano,22,Goalkeeper,SSC Napoli,?,out,NA,Serie A,2006,2006/2007
Reggina Calcio,Marco Zamboni,28,Centre-Back,Spezia,?,out,NA,Serie A,2006,2006/2007
Reggina Calcio,Giovanni Lavrendi,20,Central Midfield,Vigor Lamezia,Loan,out,0,Serie A,2006,2006/2007
Reggina Calcio,Ricardo Verón,25,Central Midfield,Crotone,Loan,out,0,Serie A,2006,2006/2007
Reggina Calcio,Ilyas Zeytulaev,23,Left Winger,Genoa,Loan,out,0,Serie A,2006,2006/2007
Reggina Calcio,Davide Dionigi,32,Centre-Forward,Spezia,?,out,NA,Serie A,2006,2006/2007
Reggina Calcio,Giovanni Morabito,28,Left-Back,Crotone,Loan,out,0,Serie A,2006,2006/2007
Reggina Calcio,Fabio Ceravolo,19,Centre-Forward,AC Pisa,Loan,out,0,Serie A,2006,2006/2007
Reggina Calcio,Gaetano Ungaro,18,Centre-Back,Melfi,Loan,out,0,Serie A,2006,2006/2007
Reggina Calcio,Emanuele Belardi,28,Goalkeeper,Juventus,Loan,out,0,Serie A,2006,2006/2007
Reggina Calcio,Leonel Ríos,24,Right Midfield,Genoa,"End of loanJan 21, 2007",out,0,Serie A,2006,2006/2007
Reggina Calcio,Luca Vigiani,29,Right Midfield,AS Livorno,"End of loanJun 30, 2006",out,0,Serie A,2006,2006/2007
Reggina Calcio,Francesco Cozza,32,Attacking Midfield,Siena,"End of loanJun 30, 2006",out,0,Serie A,2006,2006/2007
Reggina Calcio,Lampros Choutos,26,Centre-Forward,Inter,"End of loanJun 30, 2006",out,0,Serie A,2006,2006/2007
Chievo Verona,Erjon Bogdani,29,Centre-Forward,Siena,£2.70m,in,2.7,Serie A,2006,2006/2007
Chievo Verona,Kamil Kosowski,28,Left Midfield,Wisla Kraków,Loan fee:£450k,in,0.45,Serie A,2006,2006/2007
Chievo Verona,Xhulian Rrudho,19,Centre-Forward,Ancona,Free Transfer,in,0,Serie A,2006,2006/2007
Chievo Verona,César Prates,31,Right-Back,AS Livorno,Free Transfer,in,0,Serie A,2006,2006/2007
Chievo Verona,Carlo Ferrario,19,Centre-Forward,Lecco,£900,in,NA,Serie A,2006,2006/2007
Chievo Verona,Vincenzo Italiano,29,Defensive Midfield,Hellas Verona,?,in,NA,Serie A,2006,2006/2007
Chievo Verona,Denis Godeas,31,Centre-Forward,US Palermo,?,in,NA,Serie A,2006,2006/2007
Chievo Verona,Michele Troiano,21,Defensive Midfield,Modena,?,in,NA,Serie A,2006,2006/2007
Chievo Verona,Alessandro Tamai,18,Defender,Monza,Loan,in,0,Serie A,2006,2006/2007
Chievo Verona,Michele Marcolini,30,Central Midfield,Atalanta,?,in,NA,Serie A,2006,2006/2007
Chievo Verona,Simone Bentivoglio,21,Central Midfield,Juventus,?,in,NA,Serie A,2006,2006/2007
Chievo Verona,Giuseppe Cozzolino,21,Centre-Forward,Lecce,?,in,NA,Serie A,2006,2006/2007
Chievo Verona,Vincenzo Sicignano,31,Goalkeeper,Lecce,?,in,NA,Serie A,2006,2006/2007
Chievo Verona,Mattia Passarini,25,Goalkeeper,Vittoria Calcio,?,in,NA,Serie A,2006,2006/2007
Chievo Verona,Emanuele Concetti,28,Goalkeeper,Sambenedettese,?,in,NA,Serie A,2006,2006/2007
Chievo Verona,Diego Oliveira,20,Right Winger,Padova,?,in,NA,Serie A,2006,2006/2007
Chievo Verona,Lorenzo Cecchi,17,Defensive Midfield,Prato,Loan,in,0,Serie A,2006,2006/2007
Chievo Verona,Tommaso Chiecchi,27,Centre-Back,Modena,"End of loanJun 30, 2007",in,0,Serie A,2006,2006/2007
Chievo Verona,Marcos De Paula,22,Centre-Forward,Martina,"End of loanJun 30, 2006",in,0,Serie A,2006,2006/2007
Chievo Verona,Filippo Antonelli Agomeri,27,Right Winger,Messina Peloro,"End of loanJun 30, 2006",in,0,Serie A,2006,2006/2007
Chievo Verona,Giovanni Marchese,21,Centre-Back,Catania,"End of loanJun 30, 2006",in,0,Serie A,2006,2006/2007
Chievo Verona,Davide Succi,24,Centre-Forward,Ravenna,"End of loanJun 30, 2006",in,0,Serie A,2006,2006/2007
Chievo Verona,Francesco Carbone,26,Right-Back,Ascoli,"End of loanJun 30, 2006",in,0,Serie A,2006,2006/2007
Chievo Verona,Salvatore Bruno,26,Centre-Forward,Brescia,"End of loanJun 30, 2006",in,0,Serie A,2006,2006/2007
Chievo Verona,Diego Silva Reis,20,Second Striker,Bellaria IM,"End of loanJun 30, 2006",in,0,Serie A,2006,2006/2007
Chievo Verona,Mattia Marchesetti,22,Left Winger,Sampdoria,"End of loanJun 30, 2006",in,0,Serie A,2006,2006/2007
Chievo Verona,Amauri,26,Centre-Forward,US Palermo,£7.88m,out,7.88,Serie A,2006,2006/2007
Chievo Verona,Andrea Zanchetta,31,Central Midfield,Lecce,Free Transfer,out,0,Serie A,2006,2006/2007
Chievo Verona,Mattia Passarini,26,Goalkeeper,Cremonese,Loan,out,0,Serie A,2006,2006/2007
Chievo Verona,Daniele Franceschini,30,Left Midfield,Sampdoria,Free Transfer,out,0,Serie A,2006,2006/2007
Chievo Verona,Alberto Fontana,39,Goalkeeper,US Palermo,Free Transfer,out,0,Serie A,2006,2006/2007
Chievo Verona,Enrico Alfonso,18,Goalkeeper,AS Pizzighettone,Loan,out,0,Serie A,2006,2006/2007
Chievo Verona,Andrea Mengoni,22,Centre-Back,Grosseto,Loan,out,0,Serie A,2006,2006/2007
Chievo Verona,Simone Bentivoglio,21,Central Midfield,Modena,Loan,out,0,Serie A,2006,2006/2007
Chievo Verona,Denis Godeas,31,Centre-Forward,Mantova,?,out,NA,Serie A,2006,2006/2007
Chievo Verona,Diego Silva Reis,20,Second Striker,Cremonese,Loan,out,0,Serie A,2006,2006/2007
Chievo Verona,Francesco Carbone,26,Right-Back,Frosinone,Loan,out,0,Serie A,2006,2006/2007
Chievo Verona,Davide Succi,24,Centre-Forward,Ravenna,?,out,NA,Serie A,2006,2006/2007
Chievo Verona,Stefano Garzon,25,Defensive Midfield,Avellino,Loan,out,0,Serie A,2006,2006/2007
Chievo Verona,Salvatore Bruno,27,Centre-Forward,Modena,?,out,NA,Serie A,2006,2006/2007
Chievo Verona,Carlo Ferrario,19,Centre-Forward,Varese,Loan,out,0,Serie A,2006,2006/2007
Chievo Verona,Mattia Marchesetti,23,Left Winger,Triestina,Loan,out,0,Serie A,2006,2006/2007
Chievo Verona,Emiliano Landolina,19,Midfielder,Prato,?,out,NA,Serie A,2006,2006/2007
Chievo Verona,Filippo Antonelli Agomeri,28,Right Winger,Pescara,?,out,NA,Serie A,2006,2006/2007
Chievo Verona,Simone Tiribocchi,28,Centre-Forward,Lecce,?,out,NA,Serie A,2006,2006/2007
Chievo Verona,Marcos De Paula,22,Centre-Forward,Manfredonia,Loan,out,0,Serie A,2006,2006/2007
Chievo Verona,Giuseppe Gemiti,25,Left-Back,Modena,"End of loanJun 30, 2006",out,0,Serie A,2006,2006/2007
Ascoli Calcio 1898,Luis Fernando Centi,30,Central Midfield,Atalanta,£653k,in,0.653,Serie A,2006,2006/2007
Ascoli Calcio 1898,Daniele Galloppa,21,Central Midfield,AS Roma,Loan fee:£135k,in,0.135,Serie A,2006,2006/2007
Ascoli Calcio 1898,Marco Delvecchio,33,Centre-Forward,Parma,Free Transfer,in,0,Serie A,2006,2006/2007
Ascoli Calcio 1898,Paolo Zanetti,23,Defensive Midfield,FC Empoli,Free Transfer,in,0,Serie A,2006,2006/2007
Ascoli Calcio 1898,Ervin Skela,29,Attacking Midfield,1.FC K'lautern,Free Transfer,in,0,Serie A,2006,2006/2007
Ascoli Calcio 1898,Stefano Guberti,21,Left Winger,Torres,Free Transfer,in,0,Serie A,2006,2006/2007
Ascoli Calcio 1898,Olivier N’Siabamfumu,20,Centre-Back,Rennes B,Free Transfer,in,0,Serie A,2006,2006/2007
Ascoli Calcio 1898,Valentin Nastase,31,Centre-Back,Bologna,Free Transfer,in,0,Serie A,2006,2006/2007
Ascoli Calcio 1898,Dimitrios Eleftheropoulos,29,Goalkeeper,AC Milan,Free Transfer,in,0,Serie A,2006,2006/2007
Ascoli Calcio 1898,Gianluca Pagliuca,39,Goalkeeper,Bologna,Free Transfer,in,0,Serie A,2006,2006/2007
Ascoli Calcio 1898,Fabio Pecchia,32,Right Midfield,Bologna,Free Transfer,in,0,Serie A,2006,2006/2007
Ascoli Calcio 1898,Stefano Lombardi,30,Centre-Back,Arezzo,?,in,NA,Serie A,2006,2006/2007
Ascoli Calcio 1898,Michele Paolucci,20,Centre-Forward,Juventus,Loan,in,0,Serie A,2006,2006/2007
Ascoli Calcio 1898,Viktor Budyanskiy,22,Central Midfield,Juventus U19,Loan,in,0,Serie A,2006,2006/2007
Ascoli Calcio 1898,Gaetano Vastola,28,Centre-Back,Salernitana,?,in,NA,Serie A,2006,2006/2007
Ascoli Calcio 1898,Michelangelo Minieri,25,Centre-Back,Triestina,?,in,NA,Serie A,2006,2006/2007
Ascoli Calcio 1898,Matteo Melara,27,Right-Back,Torino,Loan,in,0,Serie A,2006,2006/2007
Ascoli Calcio 1898,Andrea Soncin,28,Centre-Forward,Atalanta,?,in,NA,Serie A,2006,2006/2007
Ascoli Calcio 1898,Paolo Foglio,30,Right-Back,Siena,?,in,NA,Serie A,2006,2006/2007
Ascoli Calcio 1898,Gaetano Fontana,36,Central Midfield,SSC Napoli,?,in,NA,Serie A,2006,2006/2007
Ascoli Calcio 1898,Aleksandar Lukovic,23,Centre-Back,Udinese,Loan,in,0,Serie A,2006,2006/2007
Ascoli Calcio 1898,Thomas Job,21,Right Winger,Sampdoria,?,in,NA,Serie A,2006,2006/2007
Ascoli Calcio 1898,Marco Pecorari,28,Centre-Back,Lecce,?,in,NA,Serie A,2006,2006/2007
Ascoli Calcio 1898,Simone Pesce,23,Central Midfield,Torres,?,in,NA,Serie A,2006,2006/2007
Ascoli Calcio 1898,Massimo Bonanni,24,Left Midfield,Sampdoria,Loan,in,0,Serie A,2006,2006/2007
Ascoli Calcio 1898,Giampietro Perrulli,21,Left Winger,Sambenedettese,?,in,NA,Serie A,2006,2006/2007
Ascoli Calcio 1898,Luigi Di Biagio,35,Defensive Midfield,Without Club,-,in,0,Serie A,2006,2006/2007
Ascoli Calcio 1898,Salvatore Bocchetti,19,Centre-Back,Ascoli U19,-,in,0,Serie A,2006,2006/2007
Ascoli Calcio 1898,Angelo Antonazzo,24,Right-Back,Bologna,"End of loanJun 30, 2006",in,0,Serie A,2006,2006/2007
Ascoli Calcio 1898,Riccardo Corallo,26,Centre-Back,Cremonese,"End of loanJun 30, 2006",in,0,Serie A,2006,2006/2007
Ascoli Calcio 1898,Salvatore Bocchetti,20,Centre-Back,Frosinone,£1.71m,out,1.71,Serie A,2006,2006/2007
Ascoli Calcio 1898,Andrea Parola,27,Defensive Midfield,Sampdoria,£810k,out,0.81,Serie A,2006,2006/2007
Ascoli Calcio 1898,Ervin Skela,30,Attacking Midfield,Energie Cottbus,Free Transfer,out,0,Serie A,2006,2006/2007
Ascoli Calcio 1898,Marco Ferrante,35,Centre-Forward,Pescara,Free Transfer,out,0,Serie A,2006,2006/2007
Ascoli Calcio 1898,Domenico Cristiano,30,Defensive Midfield,Rimini,Free Transfer,out,0,Serie A,2006,2006/2007
Ascoli Calcio 1898,Simone Gigli,19,Forward,Unknown,Free Transfer,out,0,Serie A,2006,2006/2007
Ascoli Calcio 1898,Ivano Della Morte,31,Central Midfield,Alessandria,Free Transfer,out,0,Serie A,2006,2006/2007
Ascoli Calcio 1898,Andrade,27,Goalkeeper,Duque de Caxias,Free Transfer,out,0,Serie A,2006,2006/2007
Ascoli Calcio 1898,Alfredo Cariello,26,Left Midfield,Crotone,Free Transfer,out,0,Serie A,2006,2006/2007
Ascoli Calcio 1898,Marco Pecorari,28,Centre-Back,Spezia,?,out,NA,Serie A,2006,2006/2007
Ascoli Calcio 1898,Angelo Antonazzo,24,Right-Back,Modena,?,out,NA,Serie A,2006,2006/2007
Ascoli Calcio 1898,Fabio Pecchia,33,Right Midfield,Foggia,?,out,NA,Serie A,2006,2006/2007
Ascoli Calcio 1898,Maurizio Domizzi,26,Centre-Back,SSC Napoli,?,out,NA,Serie A,2006,2006/2007
Ascoli Calcio 1898,Michele Lestani,20,Central Midfield,Alghero,?,out,NA,Serie A,2006,2006/2007
Ascoli Calcio 1898,Mirko Cudini,33,Centre-Back,Vicenza,?,out,NA,Serie A,2006,2006/2007
Ascoli Calcio 1898,Massimo Paci,28,Centre-Back,Parma,?,out,NA,Serie A,2006,2006/2007
Ascoli Calcio 1898,Roberto Guana,25,Central Midfield,Brescia,?,out,NA,Serie A,2006,2006/2007
Ascoli Calcio 1898,Cristiano Del Grosso,23,Left-Back,Cagliari Calcio,?,out,NA,Serie A,2006,2006/2007
Ascoli Calcio 1898,Maurizio Lauro,25,Centre-Back,Cesena,?,out,NA,Serie A,2006,2006/2007
Ascoli Calcio 1898,Alessandro Moro,21,Defensive Midfield,Treviso,?,out,NA,Serie A,2006,2006/2007
Ascoli Calcio 1898,Daniele Adani,32,Centre-Back,FC Empoli,?,out,NA,Serie A,2006,2006/2007
Ascoli Calcio 1898,Ferdinando Coppola,28,Goalkeeper,AC Milan,?,out,NA,Serie A,2006,2006/2007
Ascoli Calcio 1898,Aleksandar Lukovic,24,Centre-Back,Udinese,"End of loanDec 31, 2006",out,0,Serie A,2006,2006/2007
Ascoli Calcio 1898,Daniele Galloppa,21,Central Midfield,AS Roma,"End of loanDec 31, 2006",out,0,Serie A,2006,2006/2007
Ascoli Calcio 1898,Schumacher,19,Centre-Forward,Atlético-PR,"End of loanJun 30, 2006",out,0,Serie A,2006,2006/2007
Ascoli Calcio 1898,Pasquale Foggia,23,Attacking Midfield,FC Empoli,"End of loanJun 30, 2006",out,0,Serie A,2006,2006/2007
Ascoli Calcio 1898,Riccardo Bonetto,27,Left-Back,FC Empoli,"End of loanJun 30, 2006",out,0,Serie A,2006,2006/2007
Ascoli Calcio 1898,Nicolás Córdova,27,Central Midfield,AS Livorno,"End of loanJun 30, 2006",out,0,Serie A,2006,2006/2007
Ascoli Calcio 1898,Ivan Buonocunto,20,Attacking Midfield,Udinese,"End of loanJun 30, 2006",out,0,Serie A,2006,2006/2007
Ascoli Calcio 1898,Paul Ramirez,19,Centre-Forward,Udinese,"End of loanJun 30, 2006",out,0,Serie A,2006,2006/2007
Ascoli Calcio 1898,Francesco Carbone,26,Right-Back,Chievo Verona,"End of loanJun 30, 2006",out,0,Serie A,2006,2006/2007
Ascoli Calcio 1898,Carlo Zotti,23,Goalkeeper,AS Roma,"End of loanJun 30, 2006",out,0,Serie A,2006,2006/2007
Ascoli Calcio 1898,Valerio Virga,20,Right-Back,US Palermo,"End of loanJun 30, 2006",out,0,Serie A,2006,2006/2007
Ascoli Calcio 1898,Fabio Quagliarella,23,Centre-Forward,Udinese,"End of loanJun 30, 2006",out,0,Serie A,2006,2006/2007
Ascoli Calcio 1898,Gianluca Comotto,27,Right-Back,AS Roma,"End of loanJun 30, 2006",out,0,Serie A,2006,2006/2007
