club_name,player_name,age,position,club_involved_name,fee,transfer_movement,fee_cleaned,league_name,year,season
Olympique Lyon,Abdul Kader Keita,25,Right Winger,LOSC Lille,£15.12m,in,15.12,Ligue 1,2007,2007/2008
Olympique Lyon,Fabio Grosso,29,Left-Back,Inter,£7.83m,in,7.83,Ligue 1,2007,2007/2008
Olympique Lyon,Mathieu Bodmer,24,Defensive Midfield,LOSC Lille,£6.12m,in,6.12,Ligue 1,2007,2007/2008
Olympique Lyon,César Delgado,26,Right Winger,CD Cruz Azul,£5.67m,in,5.67,Ligue 1,2007,2007/2008
Olympique Lyon,Anderson,27,Centre-Back,Benfica,£3.87m,in,3.87,Ligue 1,2007,2007/2008
Olympique Lyon,Nadir Belhadj,25,Left-Back,CS Sedan,£2.97m,in,2.97,Ligue 1,2007,2007/2008
Olympique Lyon,Jean-Alain Boumsong,28,Centre-Back,Juventus,£2.88m,in,2.88,Ligue 1,2007,2007/2008
Olympique Lyon,Frédéric Roux,34,Goalkeeper,AC Ajaccio,Free Transfer,in,0,Ligue 1,2007,2007/2008
Olympique Lyon,Marc Crosas,19,Defensive Midfield,FC Barcelona,Loan,in,0,Ligue 1,2007,2007/2008
Olympique Lyon,Sandy Paillot,20,Centre-Back,Olymp. Lyon B,-,in,0,Ligue 1,2007,2007/2008
Olympique Lyon,Mickaël Charvet,19,Centre-Back,Olymp. Lyon B,-,in,0,Ligue 1,2007,2007/2008
Olympique Lyon,Milan Baros,26,Centre-Forward,Portsmouth,"End of loanMay 31, 2008",in,0,Ligue 1,2007,2007/2008
Olympique Lyon,Anthony Mounier,19,Left Winger,Olymp. Lyon B,-,in,0,Ligue 1,2007,2007/2008
Olympique Lyon,Yacine Hima,23,Central Midfield,FC Aarau,"End of loanJun 30, 2007",in,0,Ligue 1,2007,2007/2008
Olympique Lyon,Rémy Riou,19,Goalkeeper,FC Lorient,"End of loanJun 30, 2007",in,0,Ligue 1,2007,2007/2008
Olympique Lyon,Florent Malouda,27,Left Winger,Chelsea,£17.10m,out,17.1,Ligue 1,2007,2007/2008
Olympique Lyon,Éric Abidal,27,Left-Back,FC Barcelona,£13.50m,out,13.5,Ligue 1,2007,2007/2008
Olympique Lyon,Tiago,26,Central Midfield,Juventus,£11.70m,out,11.7,Ligue 1,2007,2007/2008
Olympique Lyon,Alou Diarra,25,Defensive Midfield,G. Bordeaux,£6.66m,out,6.66,Ligue 1,2007,2007/2008
Olympique Lyon,Nadir Belhadj,25,Left-Back,Lens,£3.15m,out,3.15,Ligue 1,2007,2007/2008
Olympique Lyon,Jérémy Berthod,23,Left-Back,Monaco,£2.16m,out,2.16,Ligue 1,2007,2007/2008
Olympique Lyon,Sylvain Wiltord,33,Second Striker,Stade Rennais,£1.44m,out,1.44,Ligue 1,2007,2007/2008
Olympique Lyon,Rémy Riou,19,Goalkeeper,AJ Auxerre,£720k,out,0.72,Ligue 1,2007,2007/2008
Olympique Lyon,Sandy Paillot,20,Centre-Back,Grenoble,Loan fee:£450k,out,0.45,Ligue 1,2007,2007/2008
Olympique Lyon,Grégory Bettiol,21,Centre-Forward,Troyes,£270k,out,0.27,Ligue 1,2007,2007/2008
Olympique Lyon,Caçapa,31,Centre-Back,Newcastle,Free Transfer,out,0,Ligue 1,2007,2007/2008
Olympique Lyon,Loïc Rémy,21,Centre-Forward,Lens,Loan,out,0,Ligue 1,2007,2007/2008
Olympique Lyon,Sylvain Idangar,23,Left Winger,Al-Watani,Free Transfer,out,0,Ligue 1,2007,2007/2008
Olympique Lyon,Mourad Benhamida,21,Right-Back,Montpellier,Free Transfer,out,0,Ligue 1,2007,2007/2008
Olympique Lyon,Fábio Santos,27,Defensive Midfield,São Paulo,Loan,out,0,Ligue 1,2007,2007/2008
Olympique Lyon,Yacine Hima,23,Central Midfield,FC Aarau,?,out,NA,Ligue 1,2007,2007/2008
Olympique Lyon,Milan Baros,26,Centre-Forward,Portsmouth,Loan,out,0,Ligue 1,2007,2007/2008
Olympique Marseille,Djibril Cissé,25,Centre-Forward,Liverpool,£8.10m,in,8.1,Ligue 1,2007,2007/2008
Olympique Marseille,Karim Ziani,24,Attacking Midfield,FC Sochaux,£7.20m,in,7.2,Ligue 1,2007,2007/2008
Olympique Marseille,Benoît Cheyrou,26,Defensive Midfield,AJ Auxerre,£4.50m,in,4.5,Ligue 1,2007,2007/2008
Olympique Marseille,Gaël Givet,25,Centre-Back,Monaco,£4.50m,in,4.5,Ligue 1,2007,2007/2008
Olympique Marseille,Vincent Gragnic,24,Attacking Midfield,Lib.-St.-Seurin,£720k,in,0.72,Ligue 1,2007,2007/2008
Olympique Marseille,Charles Kaboré,19,Defensive Midfield,Lib.-St.-Seurin,£540k,in,0.54,Ligue 1,2007,2007/2008
Olympique Marseille,Laurent Bonnart,27,Left-Back,Le Mans UC 72,£450k,in,0.45,Ligue 1,2007,2007/2008
Olympique Marseille,Elliot Grandin,20,Right Winger,SM Caen,£360k,in,0.36,Ligue 1,2007,2007/2008
Olympique Marseille,Steve Mandanda,22,Goalkeeper,AC Le Havre,Loan fee:£360k,in,0.36,Ligue 1,2007,2007/2008
Olympique Marseille,Juan Krupoviesa,28,Left-Back,Boca Juniors,Loan fee:£270k,in,0.27,Ligue 1,2007,2007/2008
Olympique Marseille,Boudewijn Zenden,30,Left Winger,Liverpool,Free Transfer,in,0,Ligue 1,2007,2007/2008
Olympique Marseille,Kanga Akalé,26,Left Winger,Lens,Loan,in,0,Ligue 1,2007,2007/2008
Olympique Marseille,Milos Krstic,20,Attacking Midfield,Rad,Free Transfer,in,0,Ligue 1,2007,2007/2008
Olympique Marseille,Jacques Faty,23,Centre-Back,Stade Rennais,Free Transfer,in,0,Ligue 1,2007,2007/2008
Olympique Marseille,Matt Moussilou,25,Centre-Forward,OGC Nice,Loan,in,0,Ligue 1,2007,2007/2008
Olympique Marseille,Pape M'Bow,19,Centre-Back,Marseille B,-,in,0,Ligue 1,2007,2007/2008
Olympique Marseille,Thomas Deruda,21,Central Midfield,SC Amiens,"End of loanJan 15, 2008",in,0,Ligue 1,2007,2007/2008
Olympique Marseille,André Ayew,17,Left Winger,Marseille B,-,in,0,Ligue 1,2007,2007/2008
Olympique Marseille,Bostjan Cesar,25,Centre-Back,West Brom,"End of loanMay 1, 2008",in,0,Ligue 1,2007,2007/2008
Olympique Marseille,Jean-Philippe Sabo,20,Left-Back,Marseille B,-,in,0,Ligue 1,2007,2007/2008
Olympique Marseille,Rahmane Barry,20,Second Striker,FC Lorient,"End of loanJun 30, 2007",in,0,Ligue 1,2007,2007/2008
Olympique Marseille,Christian Giménez,32,Centre-Forward,Hertha BSC,"End of loanJun 30, 2007",in,0,Ligue 1,2007,2007/2008
Olympique Marseille,Habib Bamogo,25,Second Striker,Celta de Vigo,"End of loanJun 30, 2007",in,0,Ligue 1,2007,2007/2008
Olympique Marseille,Fabrice Begeorgi,20,Left-Back,Lib.-St.-Seurin,"End of loanJun 30, 2007",in,0,Ligue 1,2007,2007/2008
Olympique Marseille,Fabrice Fiorèse,31,Right Winger,FC Lorient,"End of loanJun 30, 2007",in,0,Ligue 1,2007,2007/2008
Olympique Marseille,Leyti N'Diaye,21,Centre-Back,R. Strasbourg,"End of loanJun 30, 2007",in,0,Ligue 1,2007,2007/2008
Olympique Marseille,Thomas Deruda,20,Central Midfield,Lib.-St.-Seurin,"End of loanJun 30, 2007",in,0,Ligue 1,2007,2007/2008
Olympique Marseille,Medhi Benatia,20,Centre-Back,Tours FC,"End of loanJun 30, 2007",in,0,Ligue 1,2007,2007/2008
Olympique Marseille,Franck Ribéry,24,Left Winger,Bayern Munich,£27.00m,out,27,Ligue 1,2007,2007/2008
Olympique Marseille,Toifilou Maoulida,28,Centre-Forward,AJ Auxerre,£2.70m,out,2.7,Ligue 1,2007,2007/2008
Olympique Marseille,Habib Bèye,29,Right-Back,Newcastle,£2.52m,out,2.52,Ligue 1,2007,2007/2008
Olympique Marseille,Mickaël Pagis,33,Second Striker,Stade Rennais,£1.08m,out,1.08,Ligue 1,2007,2007/2008
Olympique Marseille,Christian Giménez,32,Centre-Forward,Hertha BSC,£900k,out,0.9,Ligue 1,2007,2007/2008
Olympique Marseille,Alain Cantareil,23,Left-Back,FC Lorient,£450k,out,0.45,Ligue 1,2007,2007/2008
Olympique Marseille,Renato Civelli,23,Centre-Back,Gimnasia,Loan fee:£270k,out,0.27,Ligue 1,2007,2007/2008
Olympique Marseille,Medhi Benatia,20,Centre-Back,FC Lorient,Loan fee:£90k,out,0.09,Ligue 1,2007,2007/2008
Olympique Marseille,Salim Arrache,25,Left Winger,Toulouse,Loan,out,0,Ligue 1,2007,2007/2008
Olympique Marseille,Hassoun Camara,23,Right-Back,SC Bastia,Free Transfer,out,0,Ligue 1,2007,2007/2008
Olympique Marseille,Mohamed Dennoun,21,Attacking Midfield,Lib.-St.-Seurin,Loan,out,0,Ligue 1,2007,2007/2008
Olympique Marseille,Salomon Olembé,26,Left Midfield,Wigan,Free Transfer,out,0,Ligue 1,2007,2007/2008
Olympique Marseille,Fabrice Fiorèse,32,Right Winger,SC Amiens,Free Transfer,out,0,Ligue 1,2007,2007/2008
Olympique Marseille,Thomas Deruda,21,Central Midfield,CF Badalona,Loan,out,0,Ligue 1,2007,2007/2008
Olympique Marseille,Khalifa Ba,21,Centre-Back,Lib.-St.-Seurin,Free Transfer,out,0,Ligue 1,2007,2007/2008
Olympique Marseille,Thomas Deruda,20,Central Midfield,SC Amiens,Loan,out,0,Ligue 1,2007,2007/2008
Olympique Marseille,Rahmane Barry,20,Second Striker,CS Sedan,Free Transfer,out,0,Ligue 1,2007,2007/2008
Olympique Marseille,Vincent Gragnic,24,Attacking Midfield,Troyes,Loan,out,0,Ligue 1,2007,2007/2008
Olympique Marseille,Mame N'Diaye,21,Left-Back,Lib.-St.-Seurin,Loan,out,0,Ligue 1,2007,2007/2008
Olympique Marseille,Bostjan Cesar,25,Centre-Back,West Brom,Loan,out,0,Ligue 1,2007,2007/2008
Olympique Marseille,Fabrice Begeorgi,20,Left-Back,SC Amiens,Loan,out,0,Ligue 1,2007,2007/2008
Olympique Marseille,Garry Bocaly,19,Right-Back,Lib.-St.-Seurin,Loan,out,0,Ligue 1,2007,2007/2008
Olympique Marseille,Habib Bamogo,25,Second Striker,OGC Nice,Loan,out,0,Ligue 1,2007,2007/2008
Olympique Marseille,Mehdi Sennaoui,21,Goalkeeper,Marseille B,-,out,0,Ligue 1,2007,2007/2008
Olympique Marseille,Matt Moussilou,25,Centre-Forward,OGC Nice,"End of loanNov 12, 2007",out,0,Ligue 1,2007,2007/2008
Olympique Marseille,Djibril Cissé,25,Centre-Forward,Liverpool,"End of loanJun 30, 2007",out,0,Ligue 1,2007,2007/2008
FC Toulouse,André-Pierre Gignac,21,Centre-Forward,FC Lorient,£4.05m,in,4.05,Ligue 1,2007,2007/2008
FC Toulouse,Hérita Ilunga,25,Left-Back,Saint-Étienne,£1.80m,in,1.8,Ligue 1,2007,2007/2008
FC Toulouse,Jon Jönsson,23,Centre-Back,Elfsborg,£1.44m,in,1.44,Ligue 1,2007,2007/2008
FC Toulouse,Eduardo Ratinho,20,Right-Back,Corinthians,Loan fee:£90k,in,0.09,Ligue 1,2007,2007/2008
FC Toulouse,Salim Arrache,25,Left Winger,Marseille,Loan,in,0,Ligue 1,2007,2007/2008
FC Toulouse,Rudy Riou,27,Goalkeeper,FC Istres,Free Transfer,in,0,Ligue 1,2007,2007/2008
FC Toulouse,Alan Mermillod,22,Goalkeeper,Saint-Étienne,Free Transfer,in,0,Ligue 1,2007,2007/2008
FC Toulouse,Mauro Cetto,25,Centre-Back,FC Nantes,Loan,in,0,Ligue 1,2007,2007/2008
FC Toulouse,Kévin Dupuis,20,Centre-Forward,Toulouse B,-,in,0,Ligue 1,2007,2007/2008
FC Toulouse,Cheikh M'Bengue,18,Left-Back,Toulouse B,-,in,0,Ligue 1,2007,2007/2008
FC Toulouse,Alsény Camara,20,Centre-Back,Toulouse B,-,in,0,Ligue 1,2007,2007/2008
FC Toulouse,Moussa Sissoko,17,Central Midfield,Toulouse B,-,in,0,Ligue 1,2007,2007/2008
FC Toulouse,Étienne Capoue,18,Defensive Midfield,FC Toulouse U19,-,in,0,Ligue 1,2007,2007/2008
FC Toulouse,Benjamin Psaume,22,Right Winger,Nîmes Olympique,"End of loanJun 30, 2007",in,0,Ligue 1,2007,2007/2008
FC Toulouse,Santos,28,Centre-Forward,FC Zürich,"End of loanJun 30, 2007",in,0,Ligue 1,2007,2007/2008
FC Toulouse,Nabil Taïder,24,Central Midfield,FC Lorient,"End of loanJun 30, 2007",in,0,Ligue 1,2007,2007/2008
FC Toulouse,Jean-Louis Akpa Akpro,22,Centre-Forward,Stade Brest 29,"End of loanJun 30, 2007",in,0,Ligue 1,2007,2007/2008
FC Toulouse,Lucien Aubey,23,Centre-Back,Lens,£1.80m,out,1.8,Ligue 1,2007,2007/2008
FC Toulouse,Benoît Benvegnu,22,Goalkeeper,SC Amiens,£225k,out,0.225,Ligue 1,2007,2007/2008
FC Toulouse,Alexandre Bonnet,20,Left Winger,CS Sedan,Loan fee:£135k,out,0.135,Ligue 1,2007,2007/2008
FC Toulouse,Kévin Constant,20,Central Midfield,LB Châteauroux,Free Transfer,out,0,Ligue 1,2007,2007/2008
FC Toulouse,Walid Cherfa,21,Left-Back,Tours FC,Loan,out,0,Ligue 1,2007,2007/2008
FC Toulouse,Alsény Camara,20,Centre-Back,Rodez AF,Loan,out,0,Ligue 1,2007,2007/2008
FC Toulouse,Xavier Pentecôte,20,Centre-Forward,SC Bastia,Loan,out,0,Ligue 1,2007,2007/2008
FC Toulouse,Jean-Louis Akpa Akpro,22,Centre-Forward,FC Brüssel,Free Transfer,out,0,Ligue 1,2007,2007/2008
FC Toulouse,Benjamin Psaume,22,Right Winger,US Boulogne,Free Transfer,out,0,Ligue 1,2007,2007/2008
FC Toulouse,Nabil Taïder,24,Central Midfield,Reims,Free Transfer,out,0,Ligue 1,2007,2007/2008
FC Toulouse,Pavel Fort,24,Centre-Forward,FC Brüssel,Loan,out,0,Ligue 1,2007,2007/2008
FC Toulouse,Fabinho,27,Defensive Midfield,Corinthians,Loan,out,0,Ligue 1,2007,2007/2008
Stade Rennais FC,Emerson Sheik,28,Left Winger,Al Sadd,£4.50m,in,4.5,Ligue 1,2007,2007/2008
Stade Rennais FC,Rod Fanni,25,Right-Back,OGC Nice,£3.15m,in,3.15,Ligue 1,2007,2007/2008
Stade Rennais FC,Sylvain Wiltord,33,Second Striker,Olympique Lyon,£1.44m,in,1.44,Ligue 1,2007,2007/2008
Stade Rennais FC,Mickaël Pagis,33,Second Striker,Marseille,£1.08m,in,1.08,Ligue 1,2007,2007/2008
Stade Rennais FC,Felix Katongo,23,Attacking Midfield,1º de Agosto,£225k,in,0.225,Ligue 1,2007,2007/2008
Stade Rennais FC,Petter Hansson,30,Centre-Back,Heerenveen,Free Transfer,in,0,Ligue 1,2007,2007/2008
Stade Rennais FC,Jérôme Leroy,32,Attacking Midfield,FC Sochaux,Free Transfer,in,0,Ligue 1,2007,2007/2008
Stade Rennais FC,Djimi Traoré,27,Centre-Back,Portsmouth,Loan,in,0,Ligue 1,2007,2007/2008
Stade Rennais FC,Patrice Luzi,26,Goalkeeper,RSC Charleroi,Free Transfer,in,0,Ligue 1,2007,2007/2008
Stade Rennais FC,Fabrice Catherine,34,Goalkeeper,Tours FC,Free Transfer,in,0,Ligue 1,2007,2007/2008
Stade Rennais FC,Fabien Lemoine,20,Defensive Midfield,Rennes B,-,in,0,Ligue 1,2007,2007/2008
Stade Rennais FC,Bira Dembélé,19,Centre-Back,Rennes B,-,in,0,Ligue 1,2007,2007/2008
Stade Rennais FC,Lhadji Badiane,20,Right Winger,Rennes B,-,in,0,Ligue 1,2007,2007/2008
Stade Rennais FC,Elderson,19,Left-Back,Rennes B,-,in,0,Ligue 1,2007,2007/2008
Stade Rennais FC,Alain Rochat,24,Centre-Back,FC Zürich,"End of loanJun 30, 2007",in,0,Ligue 1,2007,2007/2008
Stade Rennais FC,Jean-Joël Perrier-Doumbé,28,Right-Back,Celtic,"End of loanJun 30, 2007",in,0,Ligue 1,2007,2007/2008
Stade Rennais FC,Pape Diop,21,Defensive Midfield,Tours FC,"End of loanJun 30, 2007",in,0,Ligue 1,2007,2007/2008
Stade Rennais FC,John Utaka,25,Left Winger,Portsmouth,£9.00m,out,9,Ligue 1,2007,2007/2008
Stade Rennais FC,Emerson Sheik,29,Left Winger,Al Sadd,£6.30m,out,6.3,Ligue 1,2007,2007/2008
Stade Rennais FC,Grégory Bourillon,23,Centre-Back,Paris SG,£3.15m,out,3.15,Ligue 1,2007,2007/2008
Stade Rennais FC,Arnold Mvuemba,22,Defensive Midfield,Portsmouth,£1.71m,out,1.71,Ligue 1,2007,2007/2008
Stade Rennais FC,Erik Edman,29,Left-Back,Wigan,£630k,out,0.63,Ligue 1,2007,2007/2008
Stade Rennais FC,Jean-Joël Perrier-Doumbé,28,Right-Back,Celtic,£540k,out,0.54,Ligue 1,2007,2007/2008
Stade Rennais FC,Alain Rochat,24,Centre-Back,FC Zürich,£360k,out,0.36,Ligue 1,2007,2007/2008
Stade Rennais FC,Pape Diop,21,Defensive Midfield,Tours FC,£90k,out,0.09,Ligue 1,2007,2007/2008
Stade Rennais FC,Jacques Faty,23,Centre-Back,Marseille,Free Transfer,out,0,Ligue 1,2007,2007/2008
Stade Rennais FC,Mario Melchiot,30,Right-Back,Wigan,Free Transfer,out,0,Ligue 1,2007,2007/2008
Stade Rennais FC,Moussa Sow,21,Centre-Forward,CS Sedan,Loan,out,0,Ligue 1,2007,2007/2008
Stade Rennais FC,Amadou Coulibaly,22,Centre-Back,Grenoble,Free Transfer,out,0,Ligue 1,2007,2007/2008
Stade Rennais FC,Cheick N'Diaye,22,Goalkeeper,US Créteil,Loan,out,0,Ligue 1,2007,2007/2008
Stade Rennais FC,Kévin Bru,19,Central Midfield,LB Châteauroux,Loan,out,0,Ligue 1,2007,2007/2008
Stade Rennais FC,Cyril Jeunechamp,31,Defensive Midfield,OGC Nice,Free Transfer,out,0,Ligue 1,2007,2007/2008
Stade Rennais FC,Christophe Revault,35,Goalkeeper,AC Le Havre,Free Transfer,out,0,Ligue 1,2007,2007/2008
Stade Rennais FC,Stéphane N'Guéma,22,Right Winger,FC Istres,Free Transfer,out,0,Ligue 1,2007,2007/2008
Stade Rennais FC,Florent Chaigneau,23,Goalkeeper,Without Club,-,out,0,Ligue 1,2007,2007/2008
RC Lens,Kanga Akalé,26,Left Winger,AJ Auxerre,£4.50m,in,4.5,Ligue 1,2007,2007/2008
RC Lens,Nadir Belhadj,25,Left-Back,Olympique Lyon,£3.15m,in,3.15,Ligue 1,2007,2007/2008
RC Lens,Toifilou Maoulida,28,Centre-Forward,AJ Auxerre,£3.15m,in,3.15,Ligue 1,2007,2007/2008
RC Lens,Kader Mangane,24,Centre-Back,BSC Young Boys,£2.97m,in,2.97,Ligue 1,2007,2007/2008
RC Lens,Julien Sablé,26,Defensive Midfield,Saint-Étienne,£2.16m,in,2.16,Ligue 1,2007,2007/2008
RC Lens,Lucien Aubey,23,Centre-Back,Toulouse,£1.80m,in,1.8,Ligue 1,2007,2007/2008
RC Lens,Fabien Laurenti,24,Right-Back,AC Ajaccio,£1.35m,in,1.35,Ligue 1,2007,2007/2008
RC Lens,Bonaventure Kalou,29,Right Winger,Paris SG,£1.35m,in,1.35,Ligue 1,2007,2007/2008
RC Lens,Vedran Runje,31,Goalkeeper,Besiktas,£900k,in,0.9,Ligue 1,2007,2007/2008
RC Lens,Loïc Rémy,21,Centre-Forward,Olympique Lyon,Loan,in,0,Ligue 1,2007,2007/2008
RC Lens,Ronan Le Crom,32,Goalkeeper,Troyes,Free Transfer,in,0,Ligue 1,2007,2007/2008
RC Lens,Luigi Pieroni,26,Centre-Forward,FC Nantes,Loan,in,0,Ligue 1,2007,2007/2008
RC Lens,Lucien Aubey,23,Centre-Back,Portsmouth,"End of loanMay 18, 2008",in,0,Ligue 1,2007,2007/2008
RC Lens,Issam Jemâa,24,Centre-Forward,SM Caen,"End of loanMay 19, 2008",in,0,Ligue 1,2007,2007/2008
RC Lens,Seïd Khiter,22,Right Winger,AC Ajaccio,"End of loanJul 1, 2007",in,0,Ligue 1,2007,2007/2008
RC Lens,Grégory Vignal,26,Left-Back,Southampton,"End of loanMay 1, 2008",in,0,Ligue 1,2007,2007/2008
RC Lens,David Pollet,18,Centre-Forward,RC Lens B,-,in,0,Ligue 1,2007,2007/2008
RC Lens,Simon Feindouno,21,Attacking Midfield,FC Istres,"End of loanJun 30, 2007",in,0,Ligue 1,2007,2007/2008
RC Lens,Jonathan Lacourt,20,Central Midfield,Troyes,"End of loanJun 30, 2007",in,0,Ligue 1,2007,2007/2008
RC Lens,Jussiê,23,Attacking Midfield,G. Bordeaux,"End of loanJun 30, 2007",in,0,Ligue 1,2007,2007/2008
RC Lens,Jonathan Martins Pereira,21,Right-Back,SC Amiens,"End of loanJun 30, 2007",in,0,Ligue 1,2007,2007/2008
RC Lens,Grégory Vignal,25,Left-Back,1.FC K'lautern,"End of loanJun 1, 2007",in,0,Ligue 1,2007,2007/2008
RC Lens,Jussiê,23,Attacking Midfield,G. Bordeaux,£5.40m,out,5.4,Ligue 1,2007,2007/2008
RC Lens,Seydou Keita,27,Central Midfield,Sevilla FC,£3.60m,out,3.6,Ligue 1,2007,2007/2008
RC Lens,Adel Taarabt,18,Attacking Midfield,Spurs,£3.60m,out,3.6,Ligue 1,2007,2007/2008
RC Lens,Daniel Cousin,30,Centre-Forward,Rangers,£1.53m,out,1.53,Ligue 1,2007,2007/2008
RC Lens,Charles Itandje,24,Goalkeeper,Liverpool,£1.35m,out,1.35,Ligue 1,2007,2007/2008
RC Lens,Bonaventure Kalou,29,Right Winger,Al-Jazira,£1.35m,out,1.35,Ligue 1,2007,2007/2008
RC Lens,Issam Jemâa,23,Centre-Forward,SM Caen,Loan fee:£315k,out,0.315,Ligue 1,2007,2007/2008
RC Lens,Patrick Barul,29,Right-Back,OGC Nice,Free Transfer,out,0,Ligue 1,2007,2007/2008
RC Lens,Adil Hermach,21,Defensive Midfield,KSV Roeselare,Loan,out,0,Ligue 1,2007,2007/2008
RC Lens,Nicolas Gillet,30,Centre-Back,AC Le Havre,Free Transfer,out,0,Ligue 1,2007,2007/2008
RC Lens,Damian Tixier,27,Left-Back,AC Le Havre,Free Transfer,out,0,Ligue 1,2007,2007/2008
RC Lens,Kanga Akalé,26,Left Winger,Marseille,Loan,out,0,Ligue 1,2007,2007/2008
RC Lens,Grégory Vignal,26,Left-Back,Southampton,Loan,out,0,Ligue 1,2007,2007/2008
RC Lens,Simon Feindouno,22,Attacking Midfield,FC Istres,Free Transfer,out,0,Ligue 1,2007,2007/2008
RC Lens,Jonathan Martins Pereira,21,Right-Back,AC Ajaccio,Free Transfer,out,0,Ligue 1,2007,2007/2008
RC Lens,Seïd Khiter,22,Right Winger,LB Châteauroux,Loan,out,0,Ligue 1,2007,2007/2008
RC Lens,Sébastien Chabbert,29,Goalkeeper,SC Amiens,Free Transfer,out,0,Ligue 1,2007,2007/2008
RC Lens,Lucien Aubey,23,Centre-Back,Portsmouth,Loan,out,0,Ligue 1,2007,2007/2008
RC Lens,Luigi Pieroni,27,Centre-Forward,FC Nantes,"End of loanJan 29, 2008",out,0,Ligue 1,2007,2007/2008
FC Girondins Bordeaux,Alou Diarra,25,Defensive Midfield,Olympique Lyon,£6.66m,in,6.66,Ligue 1,2007,2007/2008
FC Girondins Bordeaux,Jussiê,23,Attacking Midfield,Lens,£5.40m,in,5.4,Ligue 1,2007,2007/2008
FC Girondins Bordeaux,Souleymane Diawara,28,Centre-Back,Charlton,£3.51m,in,3.51,Ligue 1,2007,2007/2008
FC Girondins Bordeaux,David Bellion,24,Centre-Forward,OGC Nice,£1.80m,in,1.8,Ligue 1,2007,2007/2008
FC Girondins Bordeaux,Matthieu Chalmé,26,Right-Back,LOSC Lille,£1.35m,in,1.35,Ligue 1,2007,2007/2008
FC Girondins Bordeaux,Kevin Tunani,20,Centre-Back,G. Bordeaux B,-,in,0,Ligue 1,2007,2007/2008
FC Girondins Bordeaux,Kévin Olimpa,19,Goalkeeper,G. Bordeaux B,-,in,0,Ligue 1,2007,2007/2008
FC Girondins Bordeaux,Youssef Sekour,19,Defensive Midfield,G. Bordeaux B,-,in,0,Ligue 1,2007,2007/2008
FC Girondins Bordeaux,Wilfried Moimbé,18,Left-Back,G. Bordeaux B,-,in,0,Ligue 1,2007,2007/2008
FC Girondins Bordeaux,Benoît Trémoulinas,21,Left-Back,G. Bordeaux B,-,in,0,Ligue 1,2007,2007/2008
FC Girondins Bordeaux,Bruno Ecuele Manga,18,Centre-Back,G. Bordeaux B,-,in,0,Ligue 1,2007,2007/2008
FC Girondins Bordeaux,Ted Lavie,21,Right-Back,FC Gueugnon,"End of loanJun 30, 2007",in,0,Ligue 1,2007,2007/2008
FC Girondins Bordeaux,Romain Brégerie,20,Centre-Back,FC Sète 34,"End of loanJun 30, 2007",in,0,Ligue 1,2007,2007/2008
FC Girondins Bordeaux,Boubacar Kébé,20,Centre-Forward,Lib.-St.-Seurin,"End of loanJun 30, 2007",in,0,Ligue 1,2007,2007/2008
FC Girondins Bordeaux,Mamadou Baldé,21,Centre-Back,Legia Warszawa,"End of loanJun 30, 2007",in,0,Ligue 1,2007,2007/2008
FC Girondins Bordeaux,Beto,31,Centre-Back,Recr. Huelva,"End of loanJun 30, 2007",in,0,Ligue 1,2007,2007/2008
FC Girondins Bordeaux,Julien Faubert,24,Defensive Midfield,West Ham,£8.24m,out,8.24,Ligue 1,2007,2007/2008
FC Girondins Bordeaux,Rio Mavuba,23,Defensive Midfield,Villarreal,£7.20m,out,7.2,Ligue 1,2007,2007/2008
FC Girondins Bordeaux,Edixon Perea,23,Centre-Forward,Grêmio,£900k,out,0.9,Ligue 1,2007,2007/2008
FC Girondins Bordeaux,Beto,31,Centre-Back,Recr. Huelva,£675k,out,0.675,Ligue 1,2007,2007/2008
FC Girondins Bordeaux,Paul Baysse,19,Centre-Back,CS Sedan,Loan fee:£90k,out,0.09,Ligue 1,2007,2007/2008
FC Girondins Bordeaux,Jean-Claude Darcheville,31,Centre-Forward,Rangers,Free Transfer,out,0,Ligue 1,2007,2007/2008
FC Girondins Bordeaux,Gérald Cid,24,Centre-Back,Bolton,Free Transfer,out,0,Ligue 1,2007,2007/2008
FC Girondins Bordeaux,Vladimir Smicer,34,Attacking Midfield,Slavia Prag,Free Transfer,out,0,Ligue 1,2007,2007/2008
FC Girondins Bordeaux,Youssef Sekour,19,Defensive Midfield,FC Nantes,Loan,out,0,Ligue 1,2007,2007/2008
FC Girondins Bordeaux,Bruno Ecuele Manga,19,Centre-Back,Rodez AF,Loan,out,0,Ligue 1,2007,2007/2008
FC Girondins Bordeaux,Stéphane Dalmat,28,Central Midfield,FC Sochaux,Free Transfer,out,0,Ligue 1,2007,2007/2008
FC Girondins Bordeaux,Boubacar Kébé,20,Centre-Forward,Lib.-St.-Seurin,Free Transfer,out,0,Ligue 1,2007,2007/2008
FC Girondins Bordeaux,Kevin Tunani,20,Centre-Back,Beauvais,Loan,out,0,Ligue 1,2007,2007/2008
FC Girondins Bordeaux,Mamadou Baldé,21,Centre-Back,Clermont Foot,?,out,NA,Ligue 1,2007,2007/2008
FC Girondins Bordeaux,Christian Peruchini,21,Attacking Midfield,Retired,-,out,0,Ligue 1,2007,2007/2008
FC Girondins Bordeaux,Joseph Enakarhire,24,Centre-Back,Dinamo Moscow,"End of loanJun 30, 2007",out,0,Ligue 1,2007,2007/2008
FC Girondins Bordeaux,Jussiê,23,Attacking Midfield,Lens,"End of loanJun 30, 2007",out,0,Ligue 1,2007,2007/2008
FC Sochaux-Montbéliard,Bojan Jokic,21,Left-Back,ND Gorica,£1.44m,in,1.44,Ligue 1,2007,2007/2008
FC Sochaux-Montbéliard,Nicolas Maurice-Belay,22,Left Winger,Monaco,£1.35m,in,1.35,Ligue 1,2007,2007/2008
FC Sochaux-Montbéliard,Sébastien Grax,23,Centre-Forward,Monaco,£1.35m,in,1.35,Ligue 1,2007,2007/2008
FC Sochaux-Montbéliard,Boukary Dramé,21,Left-Back,Paris SG,£1.08m,in,1.08,Ligue 1,2007,2007/2008
FC Sochaux-Montbéliard,Kandia Traoré,27,Centre-Forward,Al-Wasl,£900k,in,0.9,Ligue 1,2007,2007/2008
FC Sochaux-Montbéliard,Damien Perquis,23,Centre-Back,Saint-Étienne,Loan fee:£180k,in,0.18,Ligue 1,2007,2007/2008
FC Sochaux-Montbéliard,Lionel Mathis,25,Defensive Midfield,AJ Auxerre,Free Transfer,in,0,Ligue 1,2007,2007/2008
FC Sochaux-Montbéliard,Stéphane Dalmat,28,Central Midfield,G. Bordeaux,Free Transfer,in,0,Ligue 1,2007,2007/2008
FC Sochaux-Montbéliard,Fabrice Pancrate,27,Right Winger,Paris SG,Loan,in,0,Ligue 1,2007,2007/2008
FC Sochaux-Montbéliard,Gonzalo Vargas,25,Centre-Forward,Monaco,Loan,in,0,Ligue 1,2007,2007/2008
FC Sochaux-Montbéliard,Robin Previtali,20,Attacking Midfield,FC Sochaux B,-,in,0,Ligue 1,2007,2007/2008
FC Sochaux-Montbéliard,Matthieu Dreyer,18,Goalkeeper,FC Sochaux B,-,in,0,Ligue 1,2007,2007/2008
FC Sochaux-Montbéliard,Vincent Nogueira,19,Central Midfield,FC Sochaux B,-,in,0,Ligue 1,2007,2007/2008
FC Sochaux-Montbéliard,Marvin Martin,19,Attacking Midfield,FC Sochaux U19,-,in,0,Ligue 1,2007,2007/2008
FC Sochaux-Montbéliard,Cédric Rey,22,Left-Back,Beauvais,"End of loanJun 30, 2007",in,0,Ligue 1,2007,2007/2008
FC Sochaux-Montbéliard,Benjamin Genghini,21,Central Midfield,US Raon-l'Étape,"End of loanJun 30, 2007",in,0,Ligue 1,2007,2007/2008
FC Sochaux-Montbéliard,Arnaud Bühler,22,Centre-Back,FC Sion,"End of loanJun 30, 2007",in,0,Ligue 1,2007,2007/2008
FC Sochaux-Montbéliard,Maxime Josse,20,Right-Back,Stade Brest 29,"End of loanJun 30, 2007",in,0,Ligue 1,2007,2007/2008
FC Sochaux-Montbéliard,Karim Ziani,24,Attacking Midfield,Marseille,£7.20m,out,7.2,Ligue 1,2007,2007/2008
FC Sochaux-Montbéliard,Dusko Tosic,22,Centre-Back,Werder Bremen,£1.62m,out,1.62,Ligue 1,2007,2007/2008
FC Sochaux-Montbéliard,Julien Quercia,21,Centre-Forward,AJ Auxerre,£900k,out,0.9,Ligue 1,2007,2007/2008
FC Sochaux-Montbéliard,Arnaud Bühler,22,Centre-Back,FC Sion,£360k,out,0.36,Ligue 1,2007,2007/2008
FC Sochaux-Montbéliard,Valéry Mézague,23,Attacking Midfield,AC Le Havre,Loan fee:£90k,out,0.09,Ligue 1,2007,2007/2008
FC Sochaux-Montbéliard,Toufik Zerara,21,Defensive Midfield,Germinal Beersch,Free Transfer,out,0,Ligue 1,2007,2007/2008
FC Sochaux-Montbéliard,Jérôme Leroy,32,Attacking Midfield,Stade Rennais,Free Transfer,out,0,Ligue 1,2007,2007/2008
FC Sochaux-Montbéliard,Philippe Brunel,34,Left Midfield,SCO Angers,Free Transfer,out,0,Ligue 1,2007,2007/2008
FC Sochaux-Montbéliard,Johann Lonfat,34,Right Midfield,Servette FC,Free Transfer,out,0,Ligue 1,2007,2007/2008
FC Sochaux-Montbéliard,Jeremy Deichelbohrer,21,Goalkeeper,Tours FC,Free Transfer,out,0,Ligue 1,2007,2007/2008
FC Sochaux-Montbéliard,Robin Previtali,20,Attacking Midfield,Beauvais,Loan,out,0,Ligue 1,2007,2007/2008
FC Sochaux-Montbéliard,Álvaro Santos,27,Centre-Forward,R. Strasbourg,Loan,out,0,Ligue 1,2007,2007/2008
FC Sochaux-Montbéliard,Stéphane Da Cruz,19,Centre-Forward,Celta de Vigo,?,out,NA,Ligue 1,2007,2007/2008
FC Sochaux-Montbéliard,Cédric Rey,22,Left-Back,KV Waasland,?,out,NA,Ligue 1,2007,2007/2008
FC Sochaux-Montbéliard,Hakim El Bounadi,21,Centre-Back,Clermont Foot,Loan,out,0,Ligue 1,2007,2007/2008
FC Sochaux-Montbéliard,Lionel Potillon,33,Left-Back,Retired,-,out,0,Ligue 1,2007,2007/2008
FC Sochaux-Montbéliard,Sébastien Grax,23,Centre-Forward,Monaco,"End of loanJun 30, 2007",out,0,Ligue 1,2007,2007/2008
FC Sochaux-Montbéliard,Fousseni Diawara,26,Centre-Back,Saint-Étienne,"End of loanJun 30, 2007",out,0,Ligue 1,2007,2007/2008
FC Sochaux-Montbéliard,Anthony Le Tallec,22,Centre-Forward,Liverpool,"End of loanJun 30, 2007",out,0,Ligue 1,2007,2007/2008
AJ Auxerre,Toifilou Maoulida,28,Centre-Forward,Marseille,£2.70m,in,2.7,Ligue 1,2007,2007/2008
AJ Auxerre,Gabriel Tamas,23,Centre-Back,Spartak Moscow,£2.70m,in,2.7,Ligue 1,2007,2007/2008
AJ Auxerre,Jean-Michel Lesage,30,Attacking Midfield,AC Le Havre,£1.80m,in,1.8,Ligue 1,2007,2007/2008
AJ Auxerre,Marcos António,24,Centre-Back,Gil Vicente,£1.26m,in,1.26,Ligue 1,2007,2007/2008
AJ Auxerre,Kamel Chafni,25,Attacking Midfield,AC Ajaccio,£1.08m,in,1.08,Ligue 1,2007,2007/2008
AJ Auxerre,Robert Popov,25,Right-Back,Litex Lovetch,£900k,in,0.9,Ligue 1,2007,2007/2008
AJ Auxerre,Julien Quercia,21,Centre-Forward,FC Sochaux,£900k,in,0.9,Ligue 1,2007,2007/2008
AJ Auxerre,Rémy Riou,19,Goalkeeper,Olympique Lyon,£720k,in,0.72,Ligue 1,2007,2007/2008
AJ Auxerre,Steeven Langil,19,Left Winger,Nîmes Olympique,£315k,in,0.315,Ligue 1,2007,2007/2008
AJ Auxerre,Vlad Munteanu,26,Left Midfield,VfL Wolfsburg,Loan fee:£135k,in,0.135,Ligue 1,2007,2007/2008
AJ Auxerre,Sammy Traoré,31,Centre-Back,Paris SG,Loan,in,0,Ligue 1,2007,2007/2008
AJ Auxerre,Dennis Oliech,22,Right Winger,FC Nantes,Loan,in,0,Ligue 1,2007,2007/2008
AJ Auxerre,Alain Traoré,18,Attacking Midfield,AJ Auxerre B,-,in,0,Ligue 1,2007,2007/2008
AJ Auxerre,Denis Petric,19,Goalkeeper,AJ Auxerre B,-,in,0,Ligue 1,2007,2007/2008
AJ Auxerre,Maxime Jasse,19,Central Midfield,AJ Auxerre B,-,in,0,Ligue 1,2007,2007/2008
AJ Auxerre,Benoît Tardieu,21,Goalkeeper,Clermont Foot,"End of loanJun 30, 2007",in,0,Ligue 1,2007,2007/2008
AJ Auxerre,Michaël Ciani,23,Centre-Back,FC Lorient,"End of loanJun 30, 2007",in,0,Ligue 1,2007,2007/2008
AJ Auxerre,Younès Kaboul,21,Centre-Back,Spurs,£10.80m,out,10.8,Ligue 1,2007,2007/2008
AJ Auxerre,Bacary Sagna,24,Right-Back,Arsenal,£8.10m,out,8.1,Ligue 1,2007,2007/2008
AJ Auxerre,Kanga Akalé,26,Left Winger,Lens,£4.50m,out,4.5,Ligue 1,2007,2007/2008
AJ Auxerre,Benoît Cheyrou,26,Defensive Midfield,Marseille,£4.50m,out,4.5,Ligue 1,2007,2007/2008
AJ Auxerre,Toifilou Maoulida,28,Centre-Forward,Lens,£3.15m,out,3.15,Ligue 1,2007,2007/2008
AJ Auxerre,Jean-Michel Lesage,30,Attacking Midfield,AC Le Havre,£1.35m,out,1.35,Ligue 1,2007,2007/2008
AJ Auxerre,Michaël Ciani,23,Centre-Back,FC Lorient,£630k,out,0.63,Ligue 1,2007,2007/2008
AJ Auxerre,Mickael Castejon,22,Goalkeeper,FC Baulmes,Free Transfer,out,0,Ligue 1,2007,2007/2008
AJ Auxerre,Benoît Tardieu,21,Goalkeeper,Clermont Foot,Free Transfer,out,0,Ligue 1,2007,2007/2008
AJ Auxerre,Lionel Mathis,25,Defensive Midfield,FC Sochaux,Free Transfer,out,0,Ligue 1,2007,2007/2008
AJ Auxerre,Moussa N'Diaye,28,Right Winger,Al Rayyan,Free Transfer,out,0,Ligue 1,2007,2007/2008
AJ Auxerre,Anthony Basso,28,Goalkeeper,Heart of Midl.,Free Transfer,out,0,Ligue 1,2007,2007/2008
AJ Auxerre,Krisztián Vadócz,22,Central Midfield,NEC Nijmegen,?,out,NA,Ligue 1,2007,2007/2008
AJ Auxerre,Johan Radet,30,Right-Back,Retired,-,out,0,Ligue 1,2007,2007/2008
AJ Auxerre,Fabien Cool,34,Goalkeeper,Retired,-,out,0,Ligue 1,2007,2007/2008
AS Monaco,Frédéric Piquionne,28,Centre-Forward,Saint-Étienne,£5.40m,in,5.4,Ligue 1,2007,2007/2008
AS Monaco,Nenê,26,Attacking Midfield,Celta de Vigo,£5.40m,in,5.4,Ligue 1,2007,2007/2008
AS Monaco,Nikola Pokrivac,22,Defensive Midfield,Dinamo Zagreb,£3.15m,in,3.15,Ligue 1,2007,2007/2008
AS Monaco,Adriano,25,Right-Back,Atalanta,£2.25m,in,2.25,Ligue 1,2007,2007/2008
AS Monaco,Jérémy Berthod,23,Left-Back,Olympique Lyon,£2.16m,in,2.16,Ligue 1,2007,2007/2008
AS Monaco,Ignacio González,25,Attacking Midfield,Danubio FC,Loan,in,0,Ligue 1,2007,2007/2008
AS Monaco,Fábio Santos,22,Left-Back,São Paulo,Loan,in,0,Ligue 1,2007,2007/2008
AS Monaco,Sergio Almirón,27,Central Midfield,Juventus,Loan,in,0,Ligue 1,2007,2007/2008
AS Monaco,Frédéric Nimani,19,Centre-Forward,FC Lorient,"End of loanJan 30, 2008",in,0,Ligue 1,2007,2007/2008
AS Monaco,Vincent Muratori,19,Left-Back,Monaco B,-,in,0,Ligue 1,2007,2007/2008
AS Monaco,Cédric Mongongu,18,Centre-Back,Monaco B,-,in,0,Ligue 1,2007,2007/2008
AS Monaco,Djamel Bakar,18,Centre-Forward,Monaco B,-,in,0,Ligue 1,2007,2007/2008
AS Monaco,Manuel Vallaurio,20,Goalkeeper,Monaco B,-,in,0,Ligue 1,2007,2007/2008
AS Monaco,Laurent Lanteri,22,Right Winger,FC Metz,"End of loanJun 30, 2007",in,0,Ligue 1,2007,2007/2008
AS Monaco,Olivier Veigneau,21,Left-Back,OGC Nice,"End of loanJun 30, 2007",in,0,Ligue 1,2007,2007/2008
AS Monaco,Arnaud Lescure,21,Centre-Back,Sp. Toulon Var,"End of loanJun 30, 2007",in,0,Ligue 1,2007,2007/2008
AS Monaco,Nicolas Maurice-Belay,22,Left Winger,CS Sedan,"End of loanJun 30, 2007",in,0,Ligue 1,2007,2007/2008
AS Monaco,Alexandre Licata,23,Centre-Forward,FC Gueugnon,"End of loanJun 30, 2007",in,0,Ligue 1,2007,2007/2008
AS Monaco,David Gigliotti,22,Centre-Forward,Troyes,"End of loanJun 30, 2007",in,0,Ligue 1,2007,2007/2008
AS Monaco,Thomas Mangani,20,Central Midfield,Stade Brest 29,"End of loanJun 30, 2007",in,0,Ligue 1,2007,2007/2008
AS Monaco,Sébastien Grax,23,Centre-Forward,FC Sochaux,"End of loanJun 30, 2007",in,0,Ligue 1,2007,2007/2008
AS Monaco,Yaya Touré,24,Central Midfield,FC Barcelona,£8.10m,out,8.1,Ligue 1,2007,2007/2008
AS Monaco,Gaël Givet,25,Centre-Back,Marseille,£4.50m,out,4.5,Ligue 1,2007,2007/2008
AS Monaco,Jaroslav Plasil,25,Central Midfield,CA Osasuna,£1.98m,out,1.98,Ligue 1,2007,2007/2008
AS Monaco,Nicolas Maurice-Belay,22,Left Winger,FC Sochaux,£1.35m,out,1.35,Ligue 1,2007,2007/2008
AS Monaco,Sébastien Grax,23,Centre-Forward,FC Sochaux,£1.35m,out,1.35,Ligue 1,2007,2007/2008
AS Monaco,David Gigliotti,22,Centre-Forward,Saint-Étienne,£1.35m,out,1.35,Ligue 1,2007,2007/2008
AS Monaco,Jan Koller,34,Centre-Forward,1.FC Nuremberg,£900k,out,0.9,Ligue 1,2007,2007/2008
AS Monaco,Frédéric Nimani,18,Centre-Forward,FC Lorient,Loan fee:£90k,out,0.09,Ligue 1,2007,2007/2008
AS Monaco,Alexandre Licata,23,Centre-Forward,SC Bastia,Loan,out,0,Ligue 1,2007,2007/2008
AS Monaco,Gerard López,28,Central Midfield,Recr. Huelva,Free Transfer,out,0,Ligue 1,2007,2007/2008
AS Monaco,Frédéric Nimani,19,Centre-Forward,CS Sedan,Loan,out,0,Ligue 1,2007,2007/2008
AS Monaco,Juan Pablo Pino,20,Right Winger,RSC Charleroi,Loan,out,0,Ligue 1,2007,2007/2008
AS Monaco,Thomas Mangani,20,Central Midfield,AC Ajaccio,Loan,out,0,Ligue 1,2007,2007/2008
AS Monaco,Laurent Lanteri,22,Right Winger,Legnano,Free Transfer,out,0,Ligue 1,2007,2007/2008
AS Monaco,Olivier Veigneau,22,Left-Back,MSV Duisburg,Free Transfer,out,0,Ligue 1,2007,2007/2008
AS Monaco,Manuel dos Santos,33,Left-Back,R. Strasbourg,Free Transfer,out,0,Ligue 1,2007,2007/2008
AS Monaco,Gonzalo Vargas,25,Centre-Forward,FC Sochaux,Loan,out,0,Ligue 1,2007,2007/2008
AS Monaco,Guillaume Warmuz,37,Goalkeeper,Retired,-,out,0,Ligue 1,2007,2007/2008
AS Monaco,Mohamed Kallon,27,Centre-Forward,Without Club,-,out,0,Ligue 1,2007,2007/2008
AS Monaco,Frédéric Piquionne,28,Centre-Forward,Saint-Étienne,"End of loanJun 30, 2007",out,0,Ligue 1,2007,2007/2008
LOSC Lille,Pierre-Alain Frau,27,Centre-Forward,Paris SG,£2.70m,in,2.7,Ligue 1,2007,2007/2008
LOSC Lille,Emra Tahirovic,19,Forward,Halmstad,£1.44m,in,1.44,Ligue 1,2007,2007/2008
LOSC Lille,Luis Yanes,24,Centre-Forward,Indep. Santa Fe,£1.08m,in,1.08,Ligue 1,2007,2007/2008
LOSC Lille,Marko Maric,24,Defensive Midfield,AO Egaleo,£450k,in,0.45,Ligue 1,2007,2007/2008
LOSC Lille,Rio Mavuba,23,Defensive Midfield,Villarreal,Loan fee:£450k,in,0.45,Ligue 1,2007,2007/2008
LOSC Lille,Franck Béria,24,Right-Back,FC Metz,Free Transfer,in,0,Ligue 1,2007,2007/2008
LOSC Lille,Patrick Kluivert,31,Centre-Forward,PSV Eindhoven,Free Transfer,in,0,Ligue 1,2007,2007/2008
LOSC Lille,Badis Lebbihi,17,Centre-Back,LOSC Lille U19,-,in,0,Ligue 1,2007,2007/2008
LOSC Lille,Adil Rami,21,Centre-Back,LOSC Lille B,-,in,0,Ligue 1,2007,2007/2008
LOSC Lille,Rafael,27,Centre-Back,Birmingham,"End of loanMay 1, 2008",in,0,Ligue 1,2007,2007/2008
LOSC Lille,Alexandre Oukidja,18,Goalkeeper,LOSC Lille B,-,in,0,Ligue 1,2007,2007/2008
LOSC Lille,Aurélien Chedjou,22,Centre-Back,LOSC Lille B,-,in,0,Ligue 1,2007,2007/2008
LOSC Lille,Jérémy Taravel,20,Centre-Back,LOSC Lille B,-,in,0,Ligue 1,2007,2007/2008
LOSC Lille,Omar Benzerga,17,Centre-Back,LOSC Lille U19,-,in,0,Ligue 1,2007,2007/2008
LOSC Lille,Yohann Lacroix,22,Goalkeeper,Entente SSG,"End of loanJun 30, 2007",in,0,Ligue 1,2007,2007/2008
LOSC Lille,Daniel Gygax,25,Attacking Midfield,FC Metz,"End of loanJun 30, 2007",in,0,Ligue 1,2007,2007/2008
LOSC Lille,Larsen Touré,22,Right Winger,FC Gueugnon,"End of loanJun 30, 2007",in,0,Ligue 1,2007,2007/2008
LOSC Lille,Samuel Robail,22,Attacking Midfield,US Boulogne,"End of loanJun 30, 2007",in,0,Ligue 1,2007,2007/2008
LOSC Lille,Alexis Zywiecki,23,Centre-Back,Dijon,"End of loanJun 30, 2007",in,0,Ligue 1,2007,2007/2008
LOSC Lille,Flavien Le Postollec,23,Defensive Midfield,FC Brüssel,"End of loanJun 30, 2007",in,0,Ligue 1,2007,2007/2008
LOSC Lille,Dieudonné Owona,21,Left-Back,FC Brüssel,"End of loanJun 30, 2007",in,0,Ligue 1,2007,2007/2008
LOSC Lille,Abdul Kader Keita,25,Right Winger,Olympique Lyon,£15.12m,out,15.12,Ligue 1,2007,2007/2008
LOSC Lille,Peter Odemwingie,26,Right Winger,Loko Moscow,£9.00m,out,9,Ligue 1,2007,2007/2008
LOSC Lille,Mathieu Bodmer,24,Defensive Midfield,Olympique Lyon,£6.12m,out,6.12,Ligue 1,2007,2007/2008
LOSC Lille,Stathis Tavlaridis,27,Centre-Back,Saint-Étienne,£2.25m,out,2.25,Ligue 1,2007,2007/2008
LOSC Lille,Matthieu Chalmé,26,Right-Back,G. Bordeaux,£1.35m,out,1.35,Ligue 1,2007,2007/2008
LOSC Lille,Johan Audel,23,Left Winger,Valenciennes FC,£810k,out,0.81,Ligue 1,2007,2007/2008
LOSC Lille,Rafael,26,Centre-Back,Birmingham,Loan fee:£450k,out,0.45,Ligue 1,2007,2007/2008
LOSC Lille,Daniel Gygax,25,Attacking Midfield,FC Metz,£450k,out,0.45,Ligue 1,2007,2007/2008
LOSC Lille,Mathieu Robail,22,Left Midfield,Dijon,£360k,out,0.36,Ligue 1,2007,2007/2008
LOSC Lille,Dieudonné Owona,21,Left-Back,FC Brüssel,£270k,out,0.27,Ligue 1,2007,2007/2008
LOSC Lille,Flavien Le Postollec,23,Defensive Midfield,FC Brüssel,£135k,out,0.135,Ligue 1,2007,2007/2008
LOSC Lille,Alexis Zywiecki,23,Centre-Back,Dijon,Free Transfer,out,0,Ligue 1,2007,2007/2008
LOSC Lille,Milivoje Vitakic,30,Centre-Back,Grenoble,Free Transfer,out,0,Ligue 1,2007,2007/2008
LOSC Lille,Larsen Touré,23,Right Winger,Grenoble,Loan,out,0,Ligue 1,2007,2007/2008
LOSC Lille,Emra Tahirovic,20,Forward,FC Zürich,Loan,out,0,Ligue 1,2007,2007/2008
LOSC Lille,Laurent Pichon,26,Goalkeeper,Without Club,-,out,0,Ligue 1,2007,2007/2008
AS Saint-Étienne,Blaise Matuidi,20,Central Midfield,Troyes,£4.50m,in,4.5,Ligue 1,2007,2007/2008
AS Saint-Étienne,Dimitri Payet,20,Attacking Midfield,FC Nantes,£3.60m,in,3.6,Ligue 1,2007,2007/2008
AS Saint-Étienne,Nivaldo,27,Centre-Back,Belenenses SAD,£2.70m,in,2.7,Ligue 1,2007,2007/2008
AS Saint-Étienne,Lasse Nilsson,25,Centre-Forward,Heerenveen,£2.70m,in,2.7,Ligue 1,2007,2007/2008
AS Saint-Étienne,Stathis Tavlaridis,27,Centre-Back,LOSC Lille,£2.25m,in,2.25,Ligue 1,2007,2007/2008
AS Saint-Étienne,David Gigliotti,22,Centre-Forward,Monaco,£1.35m,in,1.35,Ligue 1,2007,2007/2008
AS Saint-Étienne,Cédric Varrault,27,Centre-Back,OGC Nice,£720k,in,0.72,Ligue 1,2007,2007/2008
AS Saint-Étienne,Fredy Guarín,21,Central Midfield,Boca Juniors,£450k,in,0.45,Ligue 1,2007,2007/2008
AS Saint-Étienne,Douala,28,Left Winger,Sporting CP,Free Transfer,in,0,Ligue 1,2007,2007/2008
AS Saint-Étienne,Yohan Benalouane,20,Centre-Back,Saint-Étienne B,-,in,0,Ligue 1,2007,2007/2008
AS Saint-Étienne,Fousseni Diawara,26,Centre-Back,FC Sochaux,"End of loanJun 30, 2007",in,0,Ligue 1,2007,2007/2008
AS Saint-Étienne,Ousmane Sarr,20,Left Midfield,Grenoble,"End of loanJun 30, 2007",in,0,Ligue 1,2007,2007/2008
AS Saint-Étienne,Frédéric Piquionne,28,Centre-Forward,Monaco,"End of loanJun 30, 2007",in,0,Ligue 1,2007,2007/2008
AS Saint-Étienne,Stéphen Vincent,20,Left Winger,US Raon-l'Étape,"End of loanJun 30, 2007",in,0,Ligue 1,2007,2007/2008
AS Saint-Étienne,Siaka Tiéné,25,Left-Back,Reims,"End of loanJun 30, 2007",in,0,Ligue 1,2007,2007/2008
AS Saint-Étienne,Daniel Bilos,26,Left Midfield,América,"End of loanJun 30, 2007",in,0,Ligue 1,2007,2007/2008
AS Saint-Étienne,Samy Houri,21,Attacking Midfield,US Raon-l'Étape,"End of loanJun 30, 2007",in,0,Ligue 1,2007,2007/2008
AS Saint-Étienne,Zoumana Camara,28,Centre-Back,Paris SG,£5.40m,out,5.4,Ligue 1,2007,2007/2008
AS Saint-Étienne,Frédéric Piquionne,28,Centre-Forward,Monaco,£5.40m,out,5.4,Ligue 1,2007,2007/2008
AS Saint-Étienne,Julien Sablé,26,Defensive Midfield,Lens,£2.16m,out,2.16,Ligue 1,2007,2007/2008
AS Saint-Étienne,Hérita Ilunga,25,Left-Back,Toulouse,£1.80m,out,1.8,Ligue 1,2007,2007/2008
AS Saint-Étienne,Marek Heinz,29,Centre-Forward,FC Nantes,£1.35m,out,1.35,Ligue 1,2007,2007/2008
AS Saint-Étienne,Ousmane Sarr,20,Left Midfield,Troyes,£450k,out,0.45,Ligue 1,2007,2007/2008
AS Saint-Étienne,Yohan Hautcoeur,25,Central Midfield,FC Lorient,Loan fee:£225k,out,0.225,Ligue 1,2007,2007/2008
AS Saint-Étienne,Damien Perquis,23,Centre-Back,FC Sochaux,Loan fee:£180k,out,0.18,Ligue 1,2007,2007/2008
AS Saint-Étienne,Fousseni Diawara,27,Centre-Back,Panionios,Free Transfer,out,0,Ligue 1,2007,2007/2008
AS Saint-Étienne,Samy Houri,21,Attacking Midfield,Paris FC,Loan,out,0,Ligue 1,2007,2007/2008
AS Saint-Étienne,Stéphen Vincent,20,Left Winger,FC Gueugnon,Loan,out,0,Ligue 1,2007,2007/2008
AS Saint-Étienne,Ismail Ugur,19,Right Midfield,Istanbulspor,Free Transfer,out,0,Ligue 1,2007,2007/2008
AS Saint-Étienne,Lamine Diatta,31,Centre-Back,Besiktas,Free Transfer,out,0,Ligue 1,2007,2007/2008
AS Saint-Étienne,Vincent Hognon,32,Centre-Back,OGC Nice,Free Transfer,out,0,Ligue 1,2007,2007/2008
AS Saint-Étienne,Alan Mermillod,22,Goalkeeper,Toulouse,Free Transfer,out,0,Ligue 1,2007,2007/2008
AS Saint-Étienne,Lasse Nilsson,25,Centre-Forward,Aalborg BK,Loan,out,0,Ligue 1,2007,2007/2008
AS Saint-Étienne,Daniel Bilos,26,Left Midfield,San Lorenzo,Loan,out,0,Ligue 1,2007,2007/2008
AS Saint-Étienne,Fredy Guarín,21,Central Midfield,Boca Juniors,"End of loanJun 30, 2007",out,0,Ligue 1,2007,2007/2008
AS Saint-Étienne,Matt Moussilou,25,Centre-Forward,OGC Nice,"End of loanJun 30, 2007",out,0,Ligue 1,2007,2007/2008
Le Mans Union Club 72,Antônio Géder,29,Centre-Back,Spartak Moscow,£2.07m,in,2.07,Ligue 1,2007,2007/2008
Le Mans Union Club 72,Ibrahima Camara,22,Left-Back,Parma,£900k,in,0.9,Ligue 1,2007,2007/2008
Le Mans Union Club 72,Brahim El Bahri,21,Left Winger,FAR Rabat,£720k,in,0.72,Ligue 1,2007,2007/2008
Le Mans Union Club 72,Saber Ben Frej,28,Right-Back,ES Sahel,£720k,in,0.72,Ligue 1,2007,2007/2008
Le Mans Union Club 72,Gervinho,20,Left Winger,KSK Beveren,£585k,in,0.585,Ligue 1,2007,2007/2008
Le Mans Union Club 72,Alphousseyni Keita,21,Defensive Midfield,Djoliba AC,£315k,in,0.315,Ligue 1,2007,2007/2008
Le Mans Union Club 72,Modibo Maïga,19,Centre-Forward,Raja Casablanca,£90k,in,0.09,Ligue 1,2007,2007/2008
Le Mans Union Club 72,Anthony Le Tallec,22,Centre-Forward,Liverpool,Loan,in,0,Ligue 1,2007,2007/2008
Le Mans Union Club 72,Mouhamed Alassani,18,Left Midfield,AS Togo Port,?,in,NA,Ligue 1,2007,2007/2008
Le Mans Union Club 72,Khaled Adénon,22,Centre-Back,ASEC Mimosas,?,in,NA,Ligue 1,2007,2007/2008
Le Mans Union Club 72,Ludovic Baal,21,Left-Back,FC Le Mans B,-,in,0,Ligue 1,2007,2007/2008
Le Mans Union Club 72,Samuel Bouhours,20,Left-Back,FC Le Mans B,-,in,0,Ligue 1,2007,2007/2008
Le Mans Union Club 72,Jérémy Choplin,22,Centre-Back,Entente SSG,"End of loanJun 30, 2007",in,0,Ligue 1,2007,2007/2008
Le Mans Union Club 72,Clément Pinault,22,Centre-Back,SCO Angers,"End of loanJun 30, 2007",in,0,Ligue 1,2007,2007/2008
Le Mans Union Club 72,Grafite,28,Centre-Forward,VfL Wolfsburg,£6.75m,out,6.75,Ligue 1,2007,2007/2008
Le Mans Union Club 72,Ismaël Bangoura,22,Centre-Forward,Dynamo Kyiv,£5.40m,out,5.4,Ligue 1,2007,2007/2008
Le Mans Union Club 72,Laurent Bonnart,27,Left-Back,Marseille,£450k,out,0.45,Ligue 1,2007,2007/2008
Le Mans Union Club 72,Chiguy Lucau,22,Right Winger,CS Sedan,£225k,out,0.225,Ligue 1,2007,2007/2008
Le Mans Union Club 72,Jérémy Choplin,22,Centre-Back,Beauvais,Free Transfer,out,0,Ligue 1,2007,2007/2008
Le Mans Union Club 72,Olivier Thomas,32,Left-Back,FC Nantes,Free Transfer,out,0,Ligue 1,2007,2007/2008
Le Mans Union Club 72,James Fanchone,27,Right Winger,R. Strasbourg,Free Transfer,out,0,Ligue 1,2007,2007/2008
Le Mans Union Club 72,Bertrand Ndzomo,22,Defensive Midfield,Yverdon-Sport,Free Transfer,out,0,Ligue 1,2007,2007/2008
Le Mans Union Club 72,Yannick Fischer,32,Centre-Back,FC Niort,Free Transfer,out,0,Ligue 1,2007,2007/2008
Le Mans Union Club 72,Modibo Maïga,19,Centre-Forward,Raja Casablanca,"End of loanJun 30, 2007",out,0,Ligue 1,2007,2007/2008
Le Mans Union Club 72,Ibrahima Camara,22,Left-Back,Parma,"End of loanJun 30, 2007",out,0,Ligue 1,2007,2007/2008
AS Nancy-Lorraine,Yamoudou Camara,19,Centre-Back,AS Nancy U19,-,in,0,Ligue 1,2007,2007/2008
AS Nancy-Lorraine,Momar Faye,20,Defensive Midfield,Reims,"End of loanDec 31, 2007",in,0,Ligue 1,2007,2007/2008
AS Nancy-Lorraine,Thomas Gaudu,20,Goalkeeper,AS Nancy B,-,in,0,Ligue 1,2007,2007/2008
AS Nancy-Lorraine,Chris Malonga,19,Left Winger,AS Nancy B,-,in,0,Ligue 1,2007,2007/2008
AS Nancy-Lorraine,Tosin Dosunmu,26,Right Winger,Zulte Waregem,"End of loanJun 30, 2007",in,0,Ligue 1,2007,2007/2008
AS Nancy-Lorraine,Elie Kroupi,27,Centre-Forward,Al-Wahda FC,"End of loanJun 30, 2007",in,0,Ligue 1,2007,2007/2008
AS Nancy-Lorraine,Pape Diakhaté,23,Centre-Back,Dynamo Kyiv,£4.05m,out,4.05,Ligue 1,2007,2007/2008
AS Nancy-Lorraine,Tosin Dosunmu,26,Right Winger,Germinal Beersch,Loan fee:£135k,out,0.135,Ligue 1,2007,2007/2008
AS Nancy-Lorraine,Abdoulaye Keita,28,Defensive Midfield,Toulouse Font.,Free Transfer,out,0,Ligue 1,2007,2007/2008
AS Nancy-Lorraine,Rachid Hamdani,22,Defensive Midfield,Clermont Foot,Loan,out,0,Ligue 1,2007,2007/2008
AS Nancy-Lorraine,Momar Faye,19,Defensive Midfield,Reims,Loan,out,0,Ligue 1,2007,2007/2008
AS Nancy-Lorraine,Elie Kroupi,27,Centre-Forward,Arezzo,Free Transfer,out,0,Ligue 1,2007,2007/2008
AS Nancy-Lorraine,Damien Mozika,20,Attacking Midfield,Louh.-Cuiseaux,Loan,out,0,Ligue 1,2007,2007/2008
AS Nancy-Lorraine,Cédric Lecluse,35,Centre-Back,SCO Angers,Free Transfer,out,0,Ligue 1,2007,2007/2008
AS Nancy-Lorraine,Gergely Rudolf,22,Centre-Forward,Debrecen,Free Transfer,out,0,Ligue 1,2007,2007/2008
AS Nancy-Lorraine,Thomas Gaudu,20,Goalkeeper,Entente SSG,Loan,out,0,Ligue 1,2007,2007/2008
FC Lorient,Marama Vahirua,27,Second Striker,OGC Nice,£1.08m,in,1.08,Ligue 1,2007,2007/2008
FC Lorient,Michaël Ciani,23,Centre-Back,AJ Auxerre,£630k,in,0.63,Ligue 1,2007,2007/2008
FC Lorient,Alain Cantareil,23,Left-Back,Marseille,£450k,in,0.45,Ligue 1,2007,2007/2008
FC Lorient,Yohan Hautcoeur,25,Central Midfield,Saint-Étienne,Loan fee:£225k,in,0.225,Ligue 1,2007,2007/2008
FC Lorient,Medhi Benatia,20,Centre-Back,Marseille,Loan fee:£90k,in,0.09,Ligue 1,2007,2007/2008
FC Lorient,Frédéric Nimani,18,Centre-Forward,Monaco,Loan fee:£90k,in,0.09,Ligue 1,2007,2007/2008
FC Lorient,Nicolas Marin,26,Right Winger,CS Sedan,Free Transfer,in,0,Ligue 1,2007,2007/2008
FC Lorient,Andrew Jacobson,22,Defensive Midfield,D.C. United,Free Transfer,in,0,Ligue 1,2007,2007/2008
FC Lorient,Bertrand Robert,23,Left Winger,Guingamp,Free Transfer,in,0,Ligue 1,2007,2007/2008
FC Lorient,Yann Jouffre,23,Right Midfield,Guingamp,Free Transfer,in,0,Ligue 1,2007,2007/2008
FC Lorient,Rafael Moura,24,Centre-Forward,Fluminense,Free Transfer,in,0,Ligue 1,2007,2007/2008
FC Lorient,Fabien Robert,18,Left Midfield,FC Lorient U19,-,in,0,Ligue 1,2007,2007/2008
FC Lorient,Papis M’Bodji,22,Centre-Forward,R. Strasbourg,"End of loanJun 30, 2007",in,0,Ligue 1,2007,2007/2008
FC Lorient,Romain Salin,22,Goalkeeper,Lib.-St.-Seurin,"End of loanJun 30, 2007",in,0,Ligue 1,2007,2007/2008
FC Lorient,André-Pierre Gignac,21,Centre-Forward,Toulouse,£4.05m,out,4.05,Ligue 1,2007,2007/2008
FC Lorient,Papis M’Bodji,23,Centre-Forward,Clermont Foot,Loan,out,0,Ligue 1,2007,2007/2008
FC Lorient,Guillaume Moullec,26,Right Midfield,FC Nantes,Free Transfer,out,0,Ligue 1,2007,2007/2008
FC Lorient,Carl Medjani,22,Defensive Midfield,AC Ajaccio,Loan,out,0,Ligue 1,2007,2007/2008
FC Lorient,Juan Manuel Barrientos,25,Left Midfield,Thrasyvoulos,Free Transfer,out,0,Ligue 1,2007,2007/2008
FC Lorient,Diego Yesso,22,Midfielder,Pau FC,Free Transfer,out,0,Ligue 1,2007,2007/2008
FC Lorient,Bertrand Robert,24,Left Winger,AC Ajaccio,Loan,out,0,Ligue 1,2007,2007/2008
FC Lorient,Gaël Le Guerroue,21,Defender,GSI Pontivy,?,out,NA,Ligue 1,2007,2007/2008
FC Lorient,Steve Marlet,33,Centre-Forward,Career break,-,out,0,Ligue 1,2007,2007/2008
FC Lorient,Frédéric Nimani,19,Centre-Forward,Monaco,"End of loanJan 30, 2008",out,0,Ligue 1,2007,2007/2008
FC Lorient,Stéphane Pédron,36,Left Midfield,Retired,-,out,0,Ligue 1,2007,2007/2008
FC Lorient,David Recorbet,30,Centre-Back,Retired,-,out,0,Ligue 1,2007,2007/2008
FC Lorient,Rémy Riou,19,Goalkeeper,Olympique Lyon,"End of loanJun 30, 2007",out,0,Ligue 1,2007,2007/2008
FC Lorient,Farid Talhaoui,25,Forward,Guingamp,"End of loanJun 30, 2007",out,0,Ligue 1,2007,2007/2008
FC Lorient,Rahmane Barry,20,Second Striker,Marseille,"End of loanJun 30, 2007",out,0,Ligue 1,2007,2007/2008
FC Lorient,Nabil Taïder,24,Central Midfield,Toulouse,"End of loanJun 30, 2007",out,0,Ligue 1,2007,2007/2008
FC Lorient,Fabrice Fiorèse,31,Right Winger,Marseille,"End of loanJun 30, 2007",out,0,Ligue 1,2007,2007/2008
FC Lorient,Michaël Ciani,23,Centre-Back,AJ Auxerre,"End of loanJun 30, 2007",out,0,Ligue 1,2007,2007/2008
Paris Saint-Germain,Zoumana Camara,28,Centre-Back,Saint-Étienne,£5.40m,in,5.4,Ligue 1,2007,2007/2008
Paris Saint-Germain,Souza,28,Attacking Midfield,São Paulo,£3.60m,in,3.6,Ligue 1,2007,2007/2008
Paris Saint-Germain,Grégory Bourillon,23,Centre-Back,Stade Rennais,£3.15m,in,3.15,Ligue 1,2007,2007/2008
Paris Saint-Germain,Didier Digard,20,Defensive Midfield,AC Le Havre,£2.25m,in,2.25,Ligue 1,2007,2007/2008
Paris Saint-Germain,Éverton Santos,21,Centre-Forward,Corinthians,£1.80m,in,1.8,Ligue 1,2007,2007/2008
Paris Saint-Germain,Ceará,27,Right-Back,Internacional,£1.80m,in,1.8,Ligue 1,2007,2007/2008
Paris Saint-Germain,Guillaume Hoarau,23,Centre-Forward,AC Le Havre,£450k,in,0.45,Ligue 1,2007,2007/2008
Paris Saint-Germain,Apoula Edel,21,Goalkeeper,Rapid Bucharest,Free Transfer,in,0,Ligue 1,2007,2007/2008
Paris Saint-Germain,Jean-Yves M'voto,18,Centre-Back,Paris SG B,-,in,0,Ligue 1,2007,2007/2008
Paris Saint-Germain,Loris Arnaud,20,Centre-Forward,Paris SG B,-,in,0,Ligue 1,2007,2007/2008
Paris Saint-Germain,Mamadou Sakho,17,Centre-Back,Paris SG U19,-,in,0,Ligue 1,2007,2007/2008
Paris Saint-Germain,Granddi N'Goyi,19,Defensive Midfield,Paris SG B,-,in,0,Ligue 1,2007,2007/2008
Paris Saint-Germain,Larrys Mabiala,20,Centre-Back,Plymouth,"End of loanDec 31, 2007",in,0,Ligue 1,2007,2007/2008
Paris Saint-Germain,Larrys Mabiala,19,Centre-Back,Paris SG B,-,in,0,Ligue 1,2007,2007/2008
Paris Saint-Germain,Younousse Sankharé,17,Central Midfield,Paris SG B,-,in,0,Ligue 1,2007,2007/2008
Paris Saint-Germain,Yannick Boli,19,Centre-Forward,Paris SG B,-,in,0,Ligue 1,2007,2007/2008
Paris Saint-Germain,Rudy Haddad,22,Attacking Midfield,Valenciennes FC,"End of loanJun 30, 2007",in,0,Ligue 1,2007,2007/2008
Paris Saint-Germain,Fabrice Pancrate,27,Right Winger,Real Betis,"End of loanJun 30, 2007",in,0,Ligue 1,2007,2007/2008
Paris Saint-Germain,Franck Dja Djédjé,21,Right Winger,Grenoble,"End of loanJun 30, 2007",in,0,Ligue 1,2007,2007/2008
Paris Saint-Germain,Carlos Bueno,27,Centre-Forward,Sporting CP,"End of loanJun 30, 2007",in,0,Ligue 1,2007,2007/2008
Paris Saint-Germain,David Rozehnal,26,Centre-Back,Newcastle,£3.87m,out,3.87,Ligue 1,2007,2007/2008
Paris Saint-Germain,Pierre-Alain Frau,27,Centre-Forward,LOSC Lille,£2.70m,out,2.7,Ligue 1,2007,2007/2008
Paris Saint-Germain,Édouard Cissé,29,Defensive Midfield,Besiktas,£1.80m,out,1.8,Ligue 1,2007,2007/2008
Paris Saint-Germain,Bonaventure Kalou,29,Right Winger,Lens,£1.35m,out,1.35,Ligue 1,2007,2007/2008
Paris Saint-Germain,Boukary Dramé,21,Left-Back,FC Sochaux,£1.08m,out,1.08,Ligue 1,2007,2007/2008
Paris Saint-Germain,Rudy Haddad,22,Attacking Midfield,M. Tel Aviv,£900k,out,0.9,Ligue 1,2007,2007/2008
Paris Saint-Germain,David Hellebuyck,28,Central Midfield,OGC Nice,£720k,out,0.72,Ligue 1,2007,2007/2008
Paris Saint-Germain,Franck Dja Djédjé,21,Right Winger,Grenoble,£450k,out,0.45,Ligue 1,2007,2007/2008
Paris Saint-Germain,Jean-Yves M'voto,19,Centre-Back,Sunderland,£360k,out,0.36,Ligue 1,2007,2007/2008
Paris Saint-Germain,Albert Baning,22,Defensive Midfield,CS Sedan,Loan fee:£90k,out,0.09,Ligue 1,2007,2007/2008
Paris Saint-Germain,Larrys Mabiala,19,Centre-Back,Plymouth,Loan,out,0,Ligue 1,2007,2007/2008
Paris Saint-Germain,Guillaume Hoarau,23,Centre-Forward,AC Le Havre,Loan,out,0,Ligue 1,2007,2007/2008
Paris Saint-Germain,Cristian Rodríguez,21,Central Midfield,Benfica,Loan,out,0,Ligue 1,2007,2007/2008
Paris Saint-Germain,Marcelo Gallardo,31,Attacking Midfield,D.C. United,Free Transfer,out,0,Ligue 1,2007,2007/2008
Paris Saint-Germain,Youssouf Mulumbu,20,Defensive Midfield,SC Amiens,Loan,out,0,Ligue 1,2007,2007/2008
Paris Saint-Germain,Samuel Piètre,23,Right Winger,APO Levadiakos,Free Transfer,out,0,Ligue 1,2007,2007/2008
Paris Saint-Germain,Carlos Bueno,27,Centre-Forward,Boca Juniors,Free Transfer,out,0,Ligue 1,2007,2007/2008
Paris Saint-Germain,Nicolas Cousin,21,Goalkeeper,SCO Angers,Free Transfer,out,0,Ligue 1,2007,2007/2008
Paris Saint-Germain,Sammy Traoré,31,Centre-Back,AJ Auxerre,Loan,out,0,Ligue 1,2007,2007/2008
Paris Saint-Germain,Fabrice Pancrate,27,Right Winger,FC Sochaux,Loan,out,0,Ligue 1,2007,2007/2008
OGC Nice,Onyekachi Apam,20,Centre-Back,Enugu Rangers,£765k,in,0.765,Ligue 1,2007,2007/2008
OGC Nice,David Hellebuyck,28,Central Midfield,Paris SG,£720k,in,0.72,Ligue 1,2007,2007/2008
OGC Nice,Joseph-Désiré Job,29,Centre-Forward,CS Sedan,£450k,in,0.45,Ligue 1,2007,2007/2008
OGC Nice,Derek Asamoah,26,Second Striker,Shrewsbury,£45k,in,0.045,Ligue 1,2007,2007/2008
OGC Nice,Vincent Hognon,32,Centre-Back,Saint-Étienne,Free Transfer,in,0,Ligue 1,2007,2007/2008
OGC Nice,Cyril Jeunechamp,31,Defensive Midfield,Stade Rennais,Free Transfer,in,0,Ligue 1,2007,2007/2008
OGC Nice,Gérald Cid,24,Centre-Back,Bolton,Free Transfer,in,0,Ligue 1,2007,2007/2008
OGC Nice,Patrick Barul,29,Right-Back,Lens,Free Transfer,in,0,Ligue 1,2007,2007/2008
OGC Nice,Nduka Ozokwo,18,Right Winger,Enugu Rangers,Free Transfer,in,0,Ligue 1,2007,2007/2008
OGC Nice,Alaeddine Yahia,26,Centre-Back,CS Sedan,Free Transfer,in,0,Ligue 1,2007,2007/2008
OGC Nice,Habib Bamogo,25,Second Striker,Marseille,Loan,in,0,Ligue 1,2007,2007/2008
OGC Nice,Mohammed Yahaya,19,Attacking Midfield,Tema  Youth,Loan,in,0,Ligue 1,2007,2007/2008
OGC Nice,Anthony Modeste,19,Centre-Forward,OGC Nice B,-,in,0,Ligue 1,2007,2007/2008
OGC Nice,Mickaël Buscher,20,Left Winger,OGC Nice B,-,in,0,Ligue 1,2007,2007/2008
OGC Nice,Matt Moussilou,25,Centre-Forward,Marseille,"End of loanNov 12, 2007",in,0,Ligue 1,2007,2007/2008
OGC Nice,Anthony Scaramozzino,22,Left-Back,Cannes,"End of loanJun 30, 2007",in,0,Ligue 1,2007,2007/2008
OGC Nice,Franco Dolci,23,Defensive Midfield,SC Bastia,"End of loanJun 30, 2007",in,0,Ligue 1,2007,2007/2008
OGC Nice,Anthar Yahia,25,Centre-Back,VfL Bochum,"End of loanJun 30, 2007",in,0,Ligue 1,2007,2007/2008
OGC Nice,Matt Moussilou,25,Centre-Forward,Saint-Étienne,"End of loanJun 30, 2007",in,0,Ligue 1,2007,2007/2008
OGC Nice,Rod Fanni,25,Right-Back,Stade Rennais,£3.15m,out,3.15,Ligue 1,2007,2007/2008
OGC Nice,David Bellion,24,Centre-Forward,G. Bordeaux,£1.80m,out,1.8,Ligue 1,2007,2007/2008
OGC Nice,Marama Vahirua,27,Second Striker,FC Lorient,£1.08m,out,1.08,Ligue 1,2007,2007/2008
OGC Nice,Cédric Varrault,27,Centre-Back,Saint-Étienne,£720k,out,0.72,Ligue 1,2007,2007/2008
OGC Nice,Anthar Yahia,25,Centre-Back,VfL Bochum,£720k,out,0.72,Ligue 1,2007,2007/2008
OGC Nice,Jacques Abardonado,29,Centre-Back,1.FC Nuremberg,£180k,out,0.18,Ligue 1,2007,2007/2008
OGC Nice,Thibault Scotto,28,Right-Back,FC Istres,Free Transfer,out,0,Ligue 1,2007,2007/2008
OGC Nice,Franco Dolci,23,Defensive Midfield,CA Talleres,Free Transfer,out,0,Ligue 1,2007,2007/2008
OGC Nice,Olivier Fauconnier,31,Centre-Forward,HN Jianye,Free Transfer,out,0,Ligue 1,2007,2007/2008
OGC Nice,Mickaël Buscher,20,Left Winger,Gretna,Free Transfer,out,0,Ligue 1,2007,2007/2008
OGC Nice,Souleymane Camara,24,Right Winger,Montpellier,Loan,out,0,Ligue 1,2007,2007/2008
OGC Nice,Matt Moussilou,25,Centre-Forward,Al Arabi,Loan,out,0,Ligue 1,2007,2007/2008
OGC Nice,Matt Moussilou,25,Centre-Forward,Marseille,Loan,out,0,Ligue 1,2007,2007/2008
OGC Nice,Mohammed Yahaya,20,Attacking Midfield,Tema  Youth,"End of loanMay 1, 2008",out,0,Ligue 1,2007,2007/2008
OGC Nice,Olivier Veigneau,21,Left-Back,Monaco,"End of loanJun 30, 2007",out,0,Ligue 1,2007,2007/2008
OGC Nice,Onyekachi Apam,20,Centre-Back,Enugu Rangers,"End of loanJun 30, 2007",out,0,Ligue 1,2007,2007/2008
Valenciennes FC,Carlos Sánchez,21,Defensive Midfield,River Plate,£1.08m,in,1.08,Ligue 1,2007,2007/2008
Valenciennes FC,Williams Martínez,25,Centre-Back,Defensor,£1.08m,in,1.08,Ligue 1,2007,2007/2008
Valenciennes FC,Grégory Pujol,27,Centre-Forward,CS Sedan,£900k,in,0.9,Ligue 1,2007,2007/2008
Valenciennes FC,Johan Audel,23,Left Winger,LOSC Lille,£810k,in,0.81,Ligue 1,2007,2007/2008
Valenciennes FC,David Ducourtioux,29,Defensive Midfield,CS Sedan,£180k,in,0.18,Ligue 1,2007,2007/2008
Valenciennes FC,David Sommeil,32,Centre-Back,Sheffield Utd.,Free Transfer,in,0,Ligue 1,2007,2007/2008
Valenciennes FC,Djamel Belmadi,31,Right Midfield,Southampton,Free Transfer,in,0,Ligue 1,2007,2007/2008
Valenciennes FC,Filip Sebo,23,Centre-Forward,Rangers,Loan,in,0,Ligue 1,2007,2007/2008
Valenciennes FC,Tidiane Dia,22,Centre-Forward,Pau FC,"End of loanJul 1, 2007",in,0,Ligue 1,2007,2007/2008
Valenciennes FC,Eric Hassli,26,Centre-Forward,FC Zürich,£540k,out,0.54,Ligue 1,2007,2007/2008
Valenciennes FC,Patrick Paauwe,31,Centre-Back,Bor. M'gladbach,£450k,out,0.45,Ligue 1,2007,2007/2008
Valenciennes FC,Thomas Dossevi,28,Centre-Forward,FC Nantes,Free Transfer,out,0,Ligue 1,2007,2007/2008
Valenciennes FC,Maxence Flachez,34,Centre-Back,Grenoble,Free Transfer,out,0,Ligue 1,2007,2007/2008
Valenciennes FC,Freddy Bourgeois,30,Midfielder,Dijon,Free Transfer,out,0,Ligue 1,2007,2007/2008
Valenciennes FC,Laurent Dufresne,35,Centre-Forward,LB Châteauroux,Free Transfer,out,0,Ligue 1,2007,2007/2008
Valenciennes FC,Ludovic Liron,29,Centre-Back,Reims,Free Transfer,out,0,Ligue 1,2007,2007/2008
Valenciennes FC,Orlando Silvestri,34,Left-Back,Francs Borains,?,out,NA,Ligue 1,2007,2007/2008
Valenciennes FC,Florin Bratu,27,Centre-Forward,FC Nantes,"End of loanJun 30, 2007",out,0,Ligue 1,2007,2007/2008
Valenciennes FC,Rudy Haddad,22,Attacking Midfield,Paris SG,"End of loanJun 30, 2007",out,0,Ligue 1,2007,2007/2008
FC Metz,Daniel Gygax,25,Attacking Midfield,LOSC Lille,£450k,in,0.45,Ligue 1,2007,2007/2008
FC Metz,Abdoulaye Baldé,20,Centre-Forward,SC Amiens,Loan fee:£90k,in,0.09,Ligue 1,2007,2007/2008
FC Metz,Vivian,25,Centre-Back,Grenoble,Free Transfer,in,0,Ligue 1,2007,2007/2008
FC Metz,Victor Mendy,25,Centre-Forward,Paris FC,Free Transfer,in,0,Ligue 1,2007,2007/2008
FC Metz,Richard Trivino,30,Goalkeeper,US Créteil,Free Transfer,in,0,Ligue 1,2007,2007/2008
FC Metz,Cédric Barbosa,31,Left Winger,Troyes,Free Transfer,in,0,Ligue 1,2007,2007/2008
FC Metz,Jeff Strasser,32,Centre-Back,R. Strasbourg,Free Transfer,in,0,Ligue 1,2007,2007/2008
FC Metz,Jean-Emmanuel Effa-Owona,23,Centre-Forward,US Créteil,Free Transfer,in,0,Ligue 1,2007,2007/2008
FC Metz,Pierre Ebéde,27,Goalkeeper,Panathinaikos,Free Transfer,in,0,Ligue 1,2007,2007/2008
FC Metz,Vincent Bessat,21,Left-Back,Louh.-Cuiseaux,Free Transfer,in,0,Ligue 1,2007,2007/2008
FC Metz,Éric Cubilier,27,Right-Back,FC Nantes,Loan,in,0,Ligue 1,2007,2007/2008
FC Metz,Oumar Pouye,19,Centre-Forward,FC Metz B,-,in,0,Ligue 1,2007,2007/2008
FC Metz,Miralem Pjanic,17,Defensive Midfield,FC Metz U19,-,in,0,Ligue 1,2007,2007/2008
FC Metz,Joris Delle,17,Goalkeeper,FC Metz U19,-,in,0,Ligue 1,2007,2007/2008
FC Metz,Rudy Gestede,18,Centre-Forward,FC Metz B,-,in,0,Ligue 1,2007,2007/2008
FC Metz,Kyeong-jun Eo,19,Right Winger,FC Metz B,-,in,0,Ligue 1,2007,2007/2008
FC Metz,Cyril Chapuis,28,Centre-Forward,Without Club,-,in,0,Ligue 1,2007,2007/2008
FC Metz,Moktar Mangane,24,Defender,Tours FC,Free Transfer,out,0,Ligue 1,2007,2007/2008
FC Metz,Richard Trivino,30,Goalkeeper,US Boulogne,Loan,out,0,Ligue 1,2007,2007/2008
FC Metz,Jean-Emmanuel Effa-Owona,24,Centre-Forward,Al Sailiya,Free Transfer,out,0,Ligue 1,2007,2007/2008
FC Metz,Christophe Walter,24,Defensive Midfield,SV Elversberg,Free Transfer,out,0,Ligue 1,2007,2007/2008
FC Metz,Milan Thomas,21,Defensive Midfield,Cannes,Loan,out,0,Ligue 1,2007,2007/2008
FC Metz,Franck Béria,24,Right-Back,LOSC Lille,Free Transfer,out,0,Ligue 1,2007,2007/2008
FC Metz,Roy Contout,22,Right Winger,SC Amiens,Free Transfer,out,0,Ligue 1,2007,2007/2008
FC Metz,Nicolas Farina,20,Right Winger,Cannes,Loan,out,0,Ligue 1,2007,2007/2008
FC Metz,Wilmer Aguirre,24,Right Winger,Alianza Lima,?,out,NA,Ligue 1,2007,2007/2008
FC Metz,Ibrahima Gueye,20,Midfielder,Louh.-Cuiseaux,Loan,out,0,Ligue 1,2007,2007/2008
FC Metz,Victor Mendy,25,Centre-Forward,Clermont Foot,Loan,out,0,Ligue 1,2007,2007/2008
FC Metz,Papiss Demba Cissé,22,Centre-Forward,LB Châteauroux,Loan,out,0,Ligue 1,2007,2007/2008
FC Metz,Emmanuel Francoise,20,Left Winger,FC Metz B,-,out,0,Ligue 1,2007,2007/2008
FC Metz,Jonathan Walasiak,24,Right Winger,Standard Liège,"End of loanJun 30, 2007",out,0,Ligue 1,2007,2007/2008
FC Metz,Daniel Gygax,25,Attacking Midfield,LOSC Lille,"End of loanJun 30, 2007",out,0,Ligue 1,2007,2007/2008
FC Metz,Landry Bonnefoi,23,Goalkeeper,Juventus,"End of loanJun 30, 2007",out,0,Ligue 1,2007,2007/2008
FC Metz,Laurent Lanteri,22,Right Winger,Monaco,"End of loanJun 30, 2007",out,0,Ligue 1,2007,2007/2008
SM Caen,Benjamin Nivet,30,Attacking Midfield,Troyes,£900k,in,0.9,Ligue 1,2007,2007/2008
SM Caen,Karl Svensson,23,Centre-Back,Rangers,£900k,in,0.9,Ligue 1,2007,2007/2008
SM Caen,Juan Eluchans,27,Left-Back,Independiente,£675k,in,0.675,Ligue 1,2007,2007/2008
SM Caen,Issam Jemâa,23,Centre-Forward,Lens,Loan fee:£315k,in,0.315,Ligue 1,2007,2007/2008
SM Caen,Oumar N'Diaye,21,Centre-Back,Mondeville,Free Transfer,in,0,Ligue 1,2007,2007/2008
SM Caen,Alexis Thébaux,23,Goalkeeper,Dijon,Free Transfer,in,0,Ligue 1,2007,2007/2008
SM Caen,Florian Boucansaud,26,Centre-Back,Troyes,Free Transfer,in,0,Ligue 1,2007,2007/2008
SM Caen,Rémi Gomis,23,Defensive Midfield,Stade Laval,?,in,NA,Ligue 1,2007,2007/2008
SM Caen,Youssef Adnane,21,Centre-Forward,Stade Brest 29,?,in,NA,Ligue 1,2007,2007/2008
SM Caen,Stéphane Zubar,20,Centre-Back,Pau FC,"End of loanJun 30, 2007",in,0,Ligue 1,2007,2007/2008
SM Caen,Aziz Ben Askar,31,Centre-Back,Umm Salal,"End of loanJun 30, 2007",in,0,Ligue 1,2007,2007/2008
SM Caen,Elliot Grandin,20,Right Winger,Marseille,£360k,out,0.36,Ligue 1,2007,2007/2008
SM Caen,Alexandre Raineau,21,Left-Back,Lib.-St.-Seurin,Loan,out,0,Ligue 1,2007,2007/2008
SM Caen,Aziz Ben Askar,31,Centre-Back,Al-Shamal,Free Transfer,out,0,Ligue 1,2007,2007/2008
SM Caen,Stéphane Zubar,21,Centre-Back,FC Brüssel,Loan,out,0,Ligue 1,2007,2007/2008
SM Caen,Youssef Adnane,22,Centre-Forward,AS Cherbourg,Loan,out,0,Ligue 1,2007,2007/2008
SM Caen,Issam Jemâa,24,Centre-Forward,Lens,"End of loanMay 19, 2008",out,0,Ligue 1,2007,2007/2008
SM Caen,Jean-Marc Branger,40,Goalkeeper,Retired,-,out,0,Ligue 1,2007,2007/2008
RC Strasbourg Alsace,Grégory Paisley,30,Left-Back,Troyes,£810k,in,0.81,Ligue 1,2007,2007/2008
RC Strasbourg Alsace,Zoltán Szélesi,25,Right-Back,Energie Cottbus,£405k,in,0.405,Ligue 1,2007,2007/2008
RC Strasbourg Alsace,Pierre Ducrocq,30,Defensive Midfield,AC Le Havre,Free Transfer,in,0,Ligue 1,2007,2007/2008
RC Strasbourg Alsace,Manuel dos Santos,33,Left-Back,Monaco,Free Transfer,in,0,Ligue 1,2007,2007/2008
RC Strasbourg Alsace,Jacob Mulenga,23,Centre-Forward,LB Châteauroux,Loan,in,0,Ligue 1,2007,2007/2008
RC Strasbourg Alsace,James Fanchone,27,Right Winger,Le Mans UC 72,Free Transfer,in,0,Ligue 1,2007,2007/2008
RC Strasbourg Alsace,Wason Rentería,21,Centre-Forward,FC Porto,Loan,in,0,Ligue 1,2007,2007/2008
RC Strasbourg Alsace,Álvaro Santos,27,Centre-Forward,FC Sochaux,Loan,in,0,Ligue 1,2007,2007/2008
RC Strasbourg Alsace,Rodrigo,26,Defensive Midfield,AC Ajaccio,Loan,in,0,Ligue 1,2007,2007/2008
RC Strasbourg Alsace,Stéphane Tritz,20,Right-Back,R. Strasbourg B,-,in,0,Ligue 1,2007,2007/2008
RC Strasbourg Alsace,Morgan Schneiderlin,17,Defensive Midfield,R. Strasbourg B,-,in,0,Ligue 1,2007,2007/2008
RC Strasbourg Alsace,Rudy Carlier,21,Centre-Forward,Clermont Foot,"End of loanDec 31, 2007",in,0,Ligue 1,2007,2007/2008
RC Strasbourg Alsace,Quentin Othon,19,Defensive Midfield,R. Strasbourg B,-,in,0,Ligue 1,2007,2007/2008
RC Strasbourg Alsace,Simon Zenke,18,Right Winger,R. Strasbourg B,-,in,0,Ligue 1,2007,2007/2008
RC Strasbourg Alsace,Anthony Weber,20,Centre-Back,R. Strasbourg B,-,in,0,Ligue 1,2007,2007/2008
RC Strasbourg Alsace,Mamadou Bah,19,Defensive Midfield,R. Strasbourg B,-,in,0,Ligue 1,2007,2007/2008
RC Strasbourg Alsace,Gaetan Krebs,21,Central Midfield,Spfr. Siegen,"End of loanJun 30, 2007",in,0,Ligue 1,2007,2007/2008
RC Strasbourg Alsace,Jérémy Perbet,22,Centre-Forward,RSC Charleroi,"End of loanJun 30, 2007",in,0,Ligue 1,2007,2007/2008
RC Strasbourg Alsace,Dimitar Rangelov,24,Centre-Forward,Erzgebirge Aue,"End of loanJun 30, 2007",in,0,Ligue 1,2007,2007/2008
RC Strasbourg Alsace,Hosny,22,Central Midfield,Ismaily,"End of loanJun 30, 2007",in,0,Ligue 1,2007,2007/2008
RC Strasbourg Alsace,Yann Schneider,21,Left-Back,Spfr. Siegen,"End of loanJun 30, 2007",in,0,Ligue 1,2007,2007/2008
RC Strasbourg Alsace,Haykel Gmamdia,25,Centre-Forward,Al Ahli,"End of loanJun 30, 2007",in,0,Ligue 1,2007,2007/2008
RC Strasbourg Alsace,Hosny,22,Central Midfield,Ismaily,£450k,out,0.45,Ligue 1,2007,2007/2008
RC Strasbourg Alsace,Gaetan Krebs,21,Central Midfield,Hannover 96,£450k,out,0.45,Ligue 1,2007,2007/2008
RC Strasbourg Alsace,Dimitar Rangelov,24,Centre-Forward,Energie Cottbus,Loan fee:£180k,out,0.18,Ligue 1,2007,2007/2008
RC Strasbourg Alsace,Emil Gargorov,26,Attacking Midfield,CSKA Sofia,Loan fee:£135k,out,0.135,Ligue 1,2007,2007/2008
RC Strasbourg Alsace,Ali Sami Yachir,22,Right Winger,Reims,Loan,out,0,Ligue 1,2007,2007/2008
RC Strasbourg Alsace,Ali Mathlouthi,20,Right Winger,LB Châteauroux,Loan,out,0,Ligue 1,2007,2007/2008
RC Strasbourg Alsace,Jérémy Perbet,22,Centre-Forward,SCO Angers,Loan,out,0,Ligue 1,2007,2007/2008
RC Strasbourg Alsace,Jean-Christophe Vergerolle,21,Left-Back,Guingamp,Free Transfer,out,0,Ligue 1,2007,2007/2008
RC Strasbourg Alsace,Hervé Tum,28,Centre-Forward,Bursaspor,Loan,out,0,Ligue 1,2007,2007/2008
RC Strasbourg Alsace,Jean-Christophe Devaux,32,Centre-Back,Reims,Free Transfer,out,0,Ligue 1,2007,2007/2008
RC Strasbourg Alsace,Jeff Strasser,32,Centre-Back,FC Metz,Free Transfer,out,0,Ligue 1,2007,2007/2008
RC Strasbourg Alsace,Tommy de Jong,20,Attacking Midfield,FC Martigues,Free Transfer,out,0,Ligue 1,2007,2007/2008
RC Strasbourg Alsace,Eugène Ekobo,26,Defensive Midfield,LB Châteauroux,Loan,out,0,Ligue 1,2007,2007/2008
RC Strasbourg Alsace,Rudy Carlier,22,Centre-Forward,Racing Ferrol,Loan,out,0,Ligue 1,2007,2007/2008
RC Strasbourg Alsace,Yves Deroff,28,Right-Back,Guingamp,Free Transfer,out,0,Ligue 1,2007,2007/2008
RC Strasbourg Alsace,Ahmed Kantari,22,Centre-Back,Stade Brest 29,Loan,out,0,Ligue 1,2007,2007/2008
RC Strasbourg Alsace,Haykel Gmamdia,25,Centre-Forward,R. Strasbourg B,-,out,0,Ligue 1,2007,2007/2008
RC Strasbourg Alsace,Leyti N'Diaye,21,Centre-Back,Marseille,"End of loanJun 30, 2007",out,0,Ligue 1,2007,2007/2008
RC Strasbourg Alsace,João Paulo,26,Centre-Forward,BSC Young Boys,"End of loanJun 30, 2007",out,0,Ligue 1,2007,2007/2008
RC Strasbourg Alsace,Papis M’Bodji,22,Centre-Forward,FC Lorient,"End of loanJun 30, 2007",out,0,Ligue 1,2007,2007/2008
