club_name,player_name,age,position,club_involved_name,fee,transfer_movement,fee_cleaned,league_name,year,season
Borussia Dortmund,Mladen Petric,26,Centre-Forward,FC Basel,£3.15m,in,3.15,1 Bundesliga,2007,2007/2008
Borussia Dortmund,Jakub Blaszczykowski,21,Right Winger,Wisla Kraków,£2.75m,in,2.75,1 Bundesliga,2007,2007/2008
Borussia Dortmund,Antonio Rukavina,23,Right-Back,Partizan,£2.07m,in,2.07,1 Bundesliga,2007,2007/2008
Borussia Dortmund,Diego Klimowicz,32,Centre-Forward,VfL Wolfsburg,£1.35m,in,1.35,1 Bundesliga,2007,2007/2008
Borussia Dortmund,Marc Ziegler,31,Goalkeeper,Saarbrücken,£225k,in,0.225,1 Bundesliga,2007,2007/2008
Borussia Dortmund,Alexander Bade,37,Goalkeeper,SC Paderborn,£90k,in,0.09,1 Bundesliga,2007,2007/2008
Borussia Dortmund,Giovanni Federico,26,Attacking Midfield,Karlsruher SC,Free Transfer,in,0,1 Bundesliga,2007,2007/2008
Borussia Dortmund,Mats Hummels,19,Centre-Back,Bayern Munich,Loan,in,0,1 Bundesliga,2007,2007/2008
Borussia Dortmund,Robert Kovac,33,Centre-Back,Juventus,Free Transfer,in,0,1 Bundesliga,2007,2007/2008
Borussia Dortmund,Daniel Gordon,22,Centre-Back,B. Dortmund II,-,in,0,1 Bundesliga,2007,2007/2008
Borussia Dortmund,Delron Buckley,29,Left Winger,FC Basel,"End of loanJun 30, 2007",in,0,1 Bundesliga,2007,2007/2008
Borussia Dortmund,Ebi Smolarek,26,Centre-Forward,Racing,£4.05m,out,4.05,1 Bundesliga,2007,2007/2008
Borussia Dortmund,Steven Pienaar,25,Left Winger,Everton,Loan fee:£450k,out,0.45,1 Bundesliga,2007,2007/2008
Borussia Dortmund,Matthew Amoah,26,Centre-Forward,NAC Breda,£162k,out,0.162,1 Bundesliga,2007,2007/2008
Borussia Dortmund,Nuri Sahin,18,Defensive Midfield,Feyenoord,Loan fee:£90k,out,0.09,1 Bundesliga,2007,2007/2008
Borussia Dortmund,Kosi Saka,21,Defensive Midfield,Hamburger SV II,Free Transfer,out,0,1 Bundesliga,2007,2007/2008
Borussia Dortmund,Christoph Metzelder,26,Centre-Back,Real Madrid,Free Transfer,out,0,1 Bundesliga,2007,2007/2008
Borussia Dortmund,Sören Pirson,21,Goalkeeper,RW Essen,Free Transfer,out,0,1 Bundesliga,2007,2007/2008
Borussia Dortmund,Lars Ricken,31,Attacking Midfield,B. Dortmund II,-,out,0,1 Bundesliga,2007,2007/2008
Borussia Dortmund,Bernd Meier,35,Goalkeeper,Retired,-,out,0,1 Bundesliga,2007,2007/2008
Borussia Dortmund,Uwe Hünemeier,21,Centre-Back,B. Dortmund II,-,out,0,1 Bundesliga,2007,2007/2008
Bayer 04 Leverkusen,Arturo Vidal,20,Central Midfield,Colo Colo,£4.68m,in,4.68,1 Bundesliga,2007,2007/2008
Bayer 04 Leverkusen,Theofanis Gekas,27,Centre-Forward,VfL Bochum,£4.23m,in,4.23,1 Bundesliga,2007,2007/2008
Bayer 04 Leverkusen,Manuel Friedrich,27,Centre-Back,1.FSV Mainz 05,£2.25m,in,2.25,1 Bundesliga,2007,2007/2008
Bayer 04 Leverkusen,Lukas Sinkiewicz,21,Defensive Midfield,1. FC Köln,£1.44m,in,1.44,1 Bundesliga,2007,2007/2008
Bayer 04 Leverkusen,Ricardo Faty,20,Defensive Midfield,AS Roma,Loan fee:£540k,in,0.54,1 Bundesliga,2007,2007/2008
Bayer 04 Leverkusen,Hans Sarpei,31,Left-Back,VfL Wolfsburg,Free Transfer,in,0,1 Bundesliga,2007,2007/2008
Bayer 04 Leverkusen,Vratislav Gresko,29,Left-Back,1.FC Nuremberg,Free Transfer,in,0,1 Bundesliga,2007,2007/2008
Bayer 04 Leverkusen,Dmitri Bulykin,27,Centre-Forward,Dinamo Moscow,Free Transfer,in,0,1 Bundesliga,2007,2007/2008
Bayer 04 Leverkusen,Erik Domaschke,21,Goalkeeper,Leverkusen II,-,in,0,1 Bundesliga,2007,2007/2008
Bayer 04 Leverkusen,Sascha Dum,20,Left Midfield,Alem. Aachen,"End of loanJun 30, 2007",in,0,1 Bundesliga,2007,2007/2008
Bayer 04 Leverkusen,Juan,28,Centre-Back,AS Roma,£5.67m,out,5.67,1 Bundesliga,2007,2007/2008
Bayer 04 Leverkusen,Fredrik Stenman,24,Centre-Back,FC Groningen,£720k,out,0.72,1 Bundesliga,2007,2007/2008
Bayer 04 Leverkusen,Michal Papadopulos,22,Centre-Forward,Energie Cottbus,Loan fee:£153k,out,0.153,1 Bundesliga,2007,2007/2008
Bayer 04 Leverkusen,Alexander Meyer,23,Left-Back,MSV Duisburg,£135k,out,0.135,1 Bundesliga,2007,2007/2008
Bayer 04 Leverkusen,Marko Babic,26,Left Midfield,Real Betis,Free Transfer,out,0,1 Bundesliga,2007,2007/2008
Bayer 04 Leverkusen,Pierre De Wit,19,Central Midfield,VfL Osnabrück,Loan,out,0,1 Bundesliga,2007,2007/2008
Bayer 04 Leverkusen,Assimiou Touré,19,Centre-Back,VfL Osnabrück,Loan,out,0,1 Bundesliga,2007,2007/2008
Bayer 04 Leverkusen,Andrii Voronin,27,Second Striker,Liverpool,Free Transfer,out,0,1 Bundesliga,2007,2007/2008
Bayer 04 Leverkusen,Hans Jörg Butt,33,Goalkeeper,Benfica,Free Transfer,out,0,1 Bundesliga,2007,2007/2008
Bayer 04 Leverkusen,Athirson,30,Left Midfield,Botafogo,Free Transfer,out,0,1 Bundesliga,2007,2007/2008
Bayer 04 Leverkusen,Ahmed Madouni,26,Centre-Back,Al Gharafa,Free Transfer,out,0,1 Bundesliga,2007,2007/2008
Bayer 04 Leverkusen,Ricardo Faty,21,Defensive Midfield,AS Roma,"End of loanJan 24, 2008",out,0,1 Bundesliga,2007,2007/2008
Bayer 04 Leverkusen,Roque Júnior,30,Centre-Back,Without Club,-,out,0,1 Bundesliga,2007,2007/2008
Bayern Munich,Franck Ribéry,24,Left Winger,Marseille,£27.00m,in,27,1 Bundesliga,2007,2007/2008
Bayern Munich,Miroslav Klose,29,Centre-Forward,Werder Bremen,£13.50m,in,13.5,1 Bundesliga,2007,2007/2008
Bayern Munich,Marcell Jansen,21,Left-Back,Bor. M'gladbach,£12.60m,in,12.6,1 Bundesliga,2007,2007/2008
Bayern Munich,Breno,18,Centre-Back,São Paulo,£10.80m,in,10.8,1 Bundesliga,2007,2007/2008
Bayern Munich,Luca Toni,30,Centre-Forward,Fiorentina,£9.90m,in,9.9,1 Bundesliga,2007,2007/2008
Bayern Munich,José Sosa,22,Central Midfield,Estudiantes,£8.10m,in,8.1,1 Bundesliga,2007,2007/2008
Bayern Munich,Jan Schlaudraff,23,Second Striker,Alem. Aachen,£1.08m,in,1.08,1 Bundesliga,2007,2007/2008
Bayern Munich,Zé Roberto,32,Left Midfield,Nacional,Loan fee:£900k,in,0.9,1 Bundesliga,2007,2007/2008
Bayern Munich,Hamit Altintop,24,Right Midfield,FC Schalke 04,Free Transfer,in,0,1 Bundesliga,2007,2007/2008
Bayern Munich,Sandro Wagner,19,Centre-Forward,FC Bayern II,-,in,0,1 Bundesliga,2007,2007/2008
Bayern Munich,Julio dos Santos,24,Central Midfield,UD Almería,"End of loanDec 1, 2007",in,0,1 Bundesliga,2007,2007/2008
Bayern Munich,Toni Kroos,17,Central Midfield,FC Bayern U19,-,in,0,1 Bundesliga,2007,2007/2008
Bayern Munich,Julio dos Santos,24,Central Midfield,VfL Wolfsburg,"End of loanJun 30, 2007",in,0,1 Bundesliga,2007,2007/2008
Bayern Munich,Owen Hargreaves,26,Defensive Midfield,Man Utd,£22.50m,out,22.5,1 Bundesliga,2007,2007/2008
Bayern Munich,Roy Makaay,32,Centre-Forward,Feyenoord,£4.50m,out,4.5,1 Bundesliga,2007,2007/2008
Bayern Munich,Roque Santa Cruz,25,Centre-Forward,Blackburn,£4.50m,out,4.5,1 Bundesliga,2007,2007/2008
Bayern Munich,Julio dos Santos,24,Central Midfield,UD Almería,Loan fee:£855k,out,0.855,1 Bundesliga,2007,2007/2008
Bayern Munich,Valérien Ismaël,32,Centre-Back,Hannover 96,£180k,out,0.18,1 Bundesliga,2007,2007/2008
Bayern Munich,Ali Karimi,28,Attacking Midfield,Qatar SC,Free Transfer,out,0,1 Bundesliga,2007,2007/2008
Bayern Munich,Claudio Pizarro,28,Centre-Forward,Chelsea,Free Transfer,out,0,1 Bundesliga,2007,2007/2008
Bayern Munich,Andreas Görlitz,25,Right-Back,Karlsruher SC,Loan,out,0,1 Bundesliga,2007,2007/2008
Bayern Munich,Mats Hummels,19,Centre-Back,Bor. Dortmund,Loan,out,0,1 Bundesliga,2007,2007/2008
Bayern Munich,Hasan Salihamidzic,30,Right Midfield,Juventus,Free Transfer,out,0,1 Bundesliga,2007,2007/2008
Bayern Munich,Julio dos Santos,24,Central Midfield,Grêmio,Loan,out,0,1 Bundesliga,2007,2007/2008
Bayern Munich,Mehmet Scholl,36,Attacking Midfield,Retired,-,out,0,1 Bundesliga,2007,2007/2008
Hannover 96,Mike Hanke,23,Centre-Forward,VfL Wolfsburg,£4.05m,in,4.05,1 Bundesliga,2007,2007/2008
Hannover 96,Christian Schulz,24,Centre-Back,Werder Bremen,£2.25m,in,2.25,1 Bundesliga,2007,2007/2008
Hannover 96,Chavdar Yankov,23,Central Midfield,Slavia Sofia,£990k,in,0.99,1 Bundesliga,2007,2007/2008
Hannover 96,Benjamin Lauth,25,Centre-Forward,Hamburger SV,£720k,in,0.72,1 Bundesliga,2007,2007/2008
Hannover 96,Gaetan Krebs,21,Central Midfield,R. Strasbourg,£450k,in,0.45,1 Bundesliga,2007,2007/2008
Hannover 96,Valérien Ismaël,32,Centre-Back,Bayern Munich,£180k,in,0.18,1 Bundesliga,2007,2007/2008
Hannover 96,Thomas Kleine,29,Centre-Back,Greuther Fürth,Free Transfer,in,0,1 Bundesliga,2007,2007/2008
Hannover 96,Sérgio da Silva Pinto,26,Central Midfield,Alem. Aachen,Free Transfer,in,0,1 Bundesliga,2007,2007/2008
Hannover 96,Sal Zizzo,20,Right-Back,UCLA Bruins,Free Transfer,in,0,1 Bundesliga,2007,2007/2008
Hannover 96,Timo Nagy,24,Left-Back,W. Burghausen,"End of loanJun 30, 2007",in,0,1 Bundesliga,2007,2007/2008
Hannover 96,Ricardo Sousa,28,Attacking Midfield,Boavista,"End of loanJun 30, 2007",in,0,1 Bundesliga,2007,2007/2008
Hannover 96,Daniel Haas,23,Goalkeeper,TSG Hoffenheim,"End of loanJun 30, 2007",in,0,1 Bundesliga,2007,2007/2008
Hannover 96,Thomas Kleine,30,Centre-Back,Bor. M'gladbach,£630k,out,0.63,1 Bundesliga,2007,2007/2008
Hannover 96,Gunnar Heidar Thorvaldsson,25,Centre-Forward,Vålerenga,Loan fee:£135k,out,0.135,1 Bundesliga,2007,2007/2008
Hannover 96,Christoffer Andersson,28,Right-Back,Helsingborg,£72k,out,0.072,1 Bundesliga,2007,2007/2008
Hannover 96,Daniel Haas,23,Goalkeeper,TSG Hoffenheim,£45k,out,0.045,1 Bundesliga,2007,2007/2008
Hannover 96,Ricardo Sousa,28,Attacking Midfield,Omonia Nikosia,Free Transfer,out,0,1 Bundesliga,2007,2007/2008
Hannover 96,Tobias Willers,20,Centre-Back,Hessen Kassel,Free Transfer,out,0,1 Bundesliga,2007,2007/2008
Hannover 96,Timo Nagy,24,Left-Back,Unterhaching,Free Transfer,out,0,1 Bundesliga,2007,2007/2008
Hannover 96,Silvio Schröter,28,Right Midfield,MSV Duisburg,Free Transfer,out,0,1 Bundesliga,2007,2007/2008
Hannover 96,Johannes Dietwald,22,Defensive Midfield,TSV Mühlenfeld,Free Transfer,out,0,1 Bundesliga,2007,2007/2008
Hannover 96,Sören Halfar,20,Left-Back,SC Paderborn,Loan fee:£23k,out,0.023,1 Bundesliga,2007,2007/2008
Hannover 96,Fabian Montabell,22,Centre-Forward,Hannover 96 II,-,out,0,1 Bundesliga,2007,2007/2008
Hannover 96,Erik Jendrisek,20,Centre-Forward,Ruzomberok,"End of loanJun 30, 2007",out,0,1 Bundesliga,2007,2007/2008
Hannover 96,Chavdar Yankov,23,Central Midfield,Slavia Sofia,"End of loanJun 30, 2007",out,0,1 Bundesliga,2007,2007/2008
1.FC Nuremberg,Angelos Charisteas,27,Centre-Forward,Feyenoord,£2.25m,in,2.25,1 Bundesliga,2007,2007/2008
1.FC Nuremberg,Javier Pinola,24,Centre-Back,Atlético Madrid,£1.08m,in,1.08,1 Bundesliga,2007,2007/2008
1.FC Nuremberg,Jan Koller,34,Centre-Forward,Monaco,£900k,in,0.9,1 Bundesliga,2007,2007/2008
1.FC Nuremberg,Jaromír Blazek,34,Goalkeeper,Sparta Praha,£450k,in,0.45,1 Bundesliga,2007,2007/2008
1.FC Nuremberg,Jacques Abardonado,29,Centre-Back,OGC Nice,£180k,in,0.18,1 Bundesliga,2007,2007/2008
1.FC Nuremberg,Peer Kluge,26,Defensive Midfield,Bor. M'gladbach,Free Transfer,in,0,1 Bundesliga,2007,2007/2008
1.FC Nuremberg,Dario Vidosic,20,Attacking Midfield,Brisbane Roar,Free Transfer,in,0,1 Bundesliga,2007,2007/2008
1.FC Nuremberg,Lars Jacobsen,27,Right-Back,FC Copenhagen,Free Transfer,in,0,1 Bundesliga,2007,2007/2008
1.FC Nuremberg,Nicky Adler,22,Centre-Forward,1860 Munich,Free Transfer,in,0,1 Bundesliga,2007,2007/2008
1.FC Nuremberg,Michael Beauchamp,26,Centre-Back,Central Coast,Free Transfer,in,0,1 Bundesliga,2007,2007/2008
1.FC Nuremberg,Zvjezdan Misimovic,25,Attacking Midfield,VfL Bochum,Free Transfer,in,0,1 Bundesliga,2007,2007/2008
1.FC Nuremberg,Ralf Schmidt,21,Left-Back,Carl Zeiss Jena,"End of loanJun 30, 2007",in,0,1 Bundesliga,2007,2007/2008
1.FC Nuremberg,Jan Polak,26,Defensive Midfield,RSC Anderlecht,£3.15m,out,3.15,1 Bundesliga,2007,2007/2008
1.FC Nuremberg,Raphael Schäfer,28,Goalkeeper,VfB Stuttgart,£1.80m,out,1.8,1 Bundesliga,2007,2007/2008
1.FC Nuremberg,Joshua Kennedy,25,Centre-Forward,Karlsruher SC,£405k,out,0.405,1 Bundesliga,2007,2007/2008
1.FC Nuremberg,Chhunly Pagenburg,21,Centre-Forward,1860 Munich,Loan fee:£135k,out,0.135,1 Bundesliga,2007,2007/2008
1.FC Nuremberg,Thomas Paulus,25,Centre-Back,Erzgebirge Aue,£135k,out,0.135,1 Bundesliga,2007,2007/2008
1.FC Nuremberg,Petar Jelic,20,Centre-Forward,OFK Beograd,£90k,out,0.09,1 Bundesliga,2007,2007/2008
1.FC Nuremberg,Vratislav Gresko,29,Left-Back,Bay. Leverkusen,Free Transfer,out,0,1 Bundesliga,2007,2007/2008
1.FC Nuremberg,Markus Schroth,32,Centre-Forward,1860 Munich,Free Transfer,out,0,1 Bundesliga,2007,2007/2008
1.FC Nuremberg,Gerald Sibon,33,Centre-Forward,Heerenveen,Free Transfer,out,0,1 Bundesliga,2007,2007/2008
1.FC Nuremberg,Ivica Banovic,26,Defensive Midfield,SC Freiburg,Free Transfer,out,0,1 Bundesliga,2007,2007/2008
1.FC Nuremberg,Sebastian Huber,24,Right Winger,Retired,-,out,0,1 Bundesliga,2007,2007/2008
1.FC Nuremberg,Marek Nikl,31,Centre-Back,Nuremberg II,-,out,0,1 Bundesliga,2007,2007/2008
1.FC Nuremberg,Javier Pinola,24,Centre-Back,Atlético Madrid,"End of loanJun 30, 2007",out,0,1 Bundesliga,2007,2007/2008
1.FC Nuremberg,Dean Heffernan,27,Left-Back,Central Coast,"End of loanJun 30, 2007",out,0,1 Bundesliga,2007,2007/2008
1.FC Nuremberg,Michael Beauchamp,26,Centre-Back,Central Coast,"End of loanJun 30, 2007",out,0,1 Bundesliga,2007,2007/2008
Hamburger SV,Mohamed Zidan,25,Second Striker,1.FSV Mainz 05,£5.85m,in,5.85,1 Bundesliga,2007,2007/2008
Hamburger SV,Romeo Castelen,24,Right Winger,Feyenoord,£2.25m,in,2.25,1 Bundesliga,2007,2007/2008
Hamburger SV,Jérôme Boateng,18,Centre-Back,Hertha BSC,£990k,in,0.99,1 Bundesliga,2007,2007/2008
Hamburger SV,Macauley Chrisantus,17,Centre-Forward,Hearts of Abuja,£900k,in,0.9,1 Bundesliga,2007,2007/2008
Hamburger SV,Anton Putsila,20,Attacking Midfield,Dinamo Minsk,Loan fee:£540k,in,0.54,1 Bundesliga,2007,2007/2008
Hamburger SV,Vadis Odjidja-Ofoe,18,Central Midfield,RSC Anderlecht,£360k,in,0.36,1 Bundesliga,2007,2007/2008
Hamburger SV,Timo Kunert,20,Right-Back,FC Schalke 04,£135k,in,0.135,1 Bundesliga,2007,2007/2008
Hamburger SV,Sebastian Langkamp,19,Centre-Back,FC Bayern U19,Free Transfer,in,0,1 Bundesliga,2007,2007/2008
Hamburger SV,Raphael Wolf,19,Goalkeeper,Hamburg U19,-,in,0,1 Bundesliga,2007,2007/2008
Hamburger SV,Sidney Sam,19,Right Winger,Hamburger SV II,-,in,0,1 Bundesliga,2007,2007/2008
Hamburger SV,Eric Maxim Choupo-Moting,18,Centre-Forward,Hamburg U19,-,in,0,1 Bundesliga,2007,2007/2008
Hamburger SV,Benjamin Lauth,25,Centre-Forward,VfB Stuttgart,"End of loanJun 30, 2007",in,0,1 Bundesliga,2007,2007/2008
Hamburger SV,Mustafa Kucukovic,20,Centre-Forward,Greuther Fürth,"End of loanJun 30, 2007",in,0,1 Bundesliga,2007,2007/2008
Hamburger SV,Miso Brecko,23,Right-Back,Erzgebirge Aue,"End of loanJun 30, 2007",in,0,1 Bundesliga,2007,2007/2008
Hamburger SV,Boubacar Sanogo,24,Centre-Forward,Werder Bremen,£4.05m,out,4.05,1 Bundesliga,2007,2007/2008
Hamburger SV,Alexander Laas,23,Left Midfield,VfL Wolfsburg,£1.35m,out,1.35,1 Bundesliga,2007,2007/2008
Hamburger SV,Benny Feilhaber,22,Central Midfield,Derby,£1.35m,out,1.35,1 Bundesliga,2007,2007/2008
Hamburger SV,Benjamin Lauth,25,Centre-Forward,Hannover 96,£720k,out,0.72,1 Bundesliga,2007,2007/2008
Hamburger SV,Besart Berisha,21,Centre-Forward,Burnley,£450k,out,0.45,1 Bundesliga,2007,2007/2008
Hamburger SV,Mustafa Kucukovic,20,Centre-Forward,1860 Munich,£63k,out,0.063,1 Bundesliga,2007,2007/2008
Hamburger SV,Stefan Wächter,29,Goalkeeper,Hansa Rostock,Free Transfer,out,0,1 Bundesliga,2007,2007/2008
Hamburger SV,René Klingbeil,26,Centre-Back,Viking FK,Free Transfer,out,0,1 Bundesliga,2007,2007/2008
Hamburger SV,Sebastian Langkamp,20,Centre-Back,Karlsruher SC,Free Transfer,out,0,1 Bundesliga,2007,2007/2008
Hamburger SV,Raphael Wicky,30,Defensive Midfield,FC Sion,Free Transfer,out,0,1 Bundesliga,2007,2007/2008
Hamburger SV,Mehdi Mahdavikia,29,Right Midfield,E. Frankfurt,Free Transfer,out,0,1 Bundesliga,2007,2007/2008
Hamburger SV,Rouwen Hennings,19,Centre-Forward,VfL Osnabrück,Loan fee:£36k,out,0.036,1 Bundesliga,2007,2007/2008
Hamburger SV,Sascha Kirschstein,27,Goalkeeper,Greuther Fürth,Loan,out,0,1 Bundesliga,2007,2007/2008
Hamburger SV,Mathias Abel,26,Centre-Back,FC Schalke 04,"End of loanJun 30, 2007",out,0,1 Bundesliga,2007,2007/2008
Hamburger SV,Danijel Ljuboja,28,Centre-Forward,VfB Stuttgart,"End of loanJun 30, 2007",out,0,1 Bundesliga,2007,2007/2008
VfL Bochum,Anthar Yahia,25,Centre-Back,OGC Nice,£720k,in,0.72,1 Bundesliga,2007,2007/2008
VfL Bochum,Stanislav Sestak,24,Centre-Forward,MSK Zilina,£675k,in,0.675,1 Bundesliga,2007,2007/2008
VfL Bochum,Theofanis Gekas,27,Centre-Forward,Panathinaikos,£630k,in,0.63,1 Bundesliga,2007,2007/2008
VfL Bochum,Shinji Ono,28,Attacking Midfield,Urawa Reds,£450k,in,0.45,1 Bundesliga,2007,2007/2008
VfL Bochum,Marc Pfertzel,26,Right-Back,AS Livorno,£450k,in,0.45,1 Bundesliga,2007,2007/2008
VfL Bochum,Mërgim Mavraj,21,Centre-Back,SV Darmstadt 98,£315k,in,0.315,1 Bundesliga,2007,2007/2008
VfL Bochum,Mimoun Azaouagh,25,Attacking Midfield,FC Schalke 04,Loan fee:£270k,in,0.27,1 Bundesliga,2007,2007/2008
VfL Bochum,Jan Lastuvka,24,Goalkeeper,Shakhtar D.,Loan fee:£270k,in,0.27,1 Bundesliga,2007,2007/2008
VfL Bochum,Marcin Mieciel,31,Centre-Forward,PAOK Salonika,£225k,in,0.225,1 Bundesliga,2007,2007/2008
VfL Bochum,Marc Sand,19,Centre-Forward,FC Kärnten,£180k,in,0.18,1 Bundesliga,2007,2007/2008
VfL Bochum,Matías Concha,27,Right-Back,Djurgarden,£135k,in,0.135,1 Bundesliga,2007,2007/2008
VfL Bochum,Philipp Heerwagen,24,Goalkeeper,Unterhaching,Free Transfer,in,0,1 Bundesliga,2007,2007/2008
VfL Bochum,Danny Fuchs,31,Left Midfield,Greuther Fürth,Free Transfer,in,0,1 Bundesliga,2007,2007/2008
VfL Bochum,Heinrich Schmidtgal,21,Left-Back,SC Verl,Free Transfer,in,0,1 Bundesliga,2007,2007/2008
VfL Bochum,Oleksii Belik,26,Centre-Forward,Shakhtar D.,Loan,in,0,1 Bundesliga,2007,2007/2008
VfL Bochum,Patrick Fabian,19,Centre-Back,VfL Bochum II,-,in,0,1 Bundesliga,2007,2007/2008
VfL Bochum,Benjamin Auer,26,Centre-Forward,1.FC K'lautern,"End of loanJun 30, 2007",in,0,1 Bundesliga,2007,2007/2008
VfL Bochum,Theofanis Gekas,27,Centre-Forward,Bay. Leverkusen,£4.23m,out,4.23,1 Bundesliga,2007,2007/2008
VfL Bochum,Heiko Butscher,26,Centre-Back,SC Freiburg,Free Transfer,out,0,1 Bundesliga,2007,2007/2008
VfL Bochum,Joris Van Hout,30,Centre-Back,KVC Westerlo,Free Transfer,out,0,1 Bundesliga,2007,2007/2008
VfL Bochum,Fábio Júnior,29,Centre-Forward,Hapoel Tel Aviv,Free Transfer,out,0,1 Bundesliga,2007,2007/2008
VfL Bochum,Ivo Ilicevic,21,Left Winger,Greuther Fürth,Loan,out,0,1 Bundesliga,2007,2007/2008
VfL Bochum,Jaroslav Drobny,27,Goalkeeper,Hertha BSC,Free Transfer,out,0,1 Bundesliga,2007,2007/2008
VfL Bochum,Sebastian Hille,26,Right Midfield,B. Dortmund II,Free Transfer,out,0,1 Bundesliga,2007,2007/2008
VfL Bochum,Benjamin Lense,28,Right-Back,Hansa Rostock,Free Transfer,out,0,1 Bundesliga,2007,2007/2008
VfL Bochum,Peter Skov-Jensen,36,Goalkeeper,Sandefjord,Free Transfer,out,0,1 Bundesliga,2007,2007/2008
VfL Bochum,Lucas Oppermann,20,Attacking Midfield,Wuppertaler SV,Free Transfer,out,0,1 Bundesliga,2007,2007/2008
VfL Bochum,Filip Trojan,24,Left Winger,FC St. Pauli,Free Transfer,out,0,1 Bundesliga,2007,2007/2008
VfL Bochum,Dariusz Wosz,38,Attacking Midfield,Union Bergen,Free Transfer,out,0,1 Bundesliga,2007,2007/2008
VfL Bochum,Zvjezdan Misimovic,25,Attacking Midfield,1.FC Nuremberg,Free Transfer,out,0,1 Bundesliga,2007,2007/2008
VfL Bochum,Alexander Bade,36,Goalkeeper,SC Paderborn,Free Transfer,out,0,1 Bundesliga,2007,2007/2008
VfL Bochum,David Pallas,26,Centre-Back,Without Club,-,out,0,1 Bundesliga,2007,2007/2008
VfL Bochum,Theofanis Gekas,27,Centre-Forward,Panathinaikos,"End of loanJun 30, 2007",out,0,1 Bundesliga,2007,2007/2008
VfL Bochum,Anthar Yahia,25,Centre-Back,OGC Nice,"End of loanJun 30, 2007",out,0,1 Bundesliga,2007,2007/2008
Eintracht Frankfurt,Caio,21,Attacking Midfield,Barueri,£3.42m,in,3.42,1 Bundesliga,2007,2007/2008
Eintracht Frankfurt,Martin Fenin,20,Centre-Forward,FK Teplice,£3.15m,in,3.15,1 Bundesliga,2007,2007/2008
Eintracht Frankfurt,Vangelis Mantzios,24,Centre-Forward,Panathinaikos,Loan fee:£270k,in,0.27,1 Bundesliga,2007,2007/2008
Eintracht Frankfurt,Junichi Inamoto,27,Defensive Midfield,Galatasaray,Free Transfer,in,0,1 Bundesliga,2007,2007/2008
Eintracht Frankfurt,Mehdi Mahdavikia,29,Right Midfield,Hamburger SV,Free Transfer,in,0,1 Bundesliga,2007,2007/2008
Eintracht Frankfurt,Aarón Galindo,25,Centre-Back,Grasshoppers,Free Transfer,in,0,1 Bundesliga,2007,2007/2008
Eintracht Frankfurt,Kreso Ljubicic,18,Central Midfield,Frankfurt U19,-,in,0,1 Bundesliga,2007,2007/2008
Eintracht Frankfurt,Daniyel Cimen,22,Centre-Back,E. Braunschweig,"End of loanJun 30, 2007",in,0,1 Bundesliga,2007,2007/2008
Eintracht Frankfurt,Albert Streit,27,Attacking Midfield,FC Schalke 04,£2.25m,out,2.25,1 Bundesliga,2007,2007/2008
Eintracht Frankfurt,Naohiro Takahara,28,Centre-Forward,Urawa Reds,£1.35m,out,1.35,1 Bundesliga,2007,2007/2008
Eintracht Frankfurt,Benjamin Huggel,29,Defensive Midfield,FC Basel,£450k,out,0.45,1 Bundesliga,2007,2007/2008
Eintracht Frankfurt,Michael Thurk,31,Centre-Forward,FC Augsburg,£225k,out,0.225,1 Bundesliga,2007,2007/2008
Eintracht Frankfurt,Christopher Reinhard,22,Attacking Midfield,Karlsruher SC,Free Transfer,out,0,1 Bundesliga,2007,2007/2008
Eintracht Frankfurt,Daniyel Cimen,22,Centre-Back,K. Offenbach,Free Transfer,out,0,1 Bundesliga,2007,2007/2008
Eintracht Frankfurt,Jermaine Jones,25,Defensive Midfield,FC Schalke 04,Free Transfer,out,0,1 Bundesliga,2007,2007/2008
Eintracht Frankfurt,Marko Rehmer,35,Right-Back,Retired,-,out,0,1 Bundesliga,2007,2007/2008
Arminia Bielefeld,Daniel Halfar,19,Attacking Midfield,1.FC K'lautern,£720k,in,0.72,1 Bundesliga,2007,2007/2008
Arminia Bielefeld,Andre Mijatovic,27,Centre-Back,Greuther Fürth,£630k,in,0.63,1 Bundesliga,2007,2007/2008
Arminia Bielefeld,Siyabonga Nkosi,25,Attacking Midfield,Kaizer Chiefs,£315k,in,0.315,1 Bundesliga,2007,2007/2008
Arminia Bielefeld,Oliver Kirch,24,Defensive Midfield,Bor. M'gladbach,Free Transfer,in,0,1 Bundesliga,2007,2007/2008
Arminia Bielefeld,Rowen Fernández,29,Goalkeeper,Kaizer Chiefs,Free Transfer,in,0,1 Bundesliga,2007,2007/2008
Arminia Bielefeld,Leonidas Kampantais,25,Centre-Forward,AEK Athens,Free Transfer,in,0,1 Bundesliga,2007,2007/2008
Arminia Bielefeld,Matthias Langkamp,23,Centre-Back,VfL Wolfsburg,Free Transfer,in,0,1 Bundesliga,2007,2007/2008
Arminia Bielefeld,Thilo Versick,22,Midfielder,A. Bielefeld II,-,in,0,1 Bundesliga,2007,2007/2008
Arminia Bielefeld,Robert Tesche,20,Central Midfield,A. Bielefeld II,-,in,0,1 Bundesliga,2007,2007/2008
Arminia Bielefeld,Dirk Heinen,37,Goalkeeper,Retired,-,in,0,1 Bundesliga,2007,2007/2008
Arminia Bielefeld,Finn Holsing,23,Right-Back,E. Braunschweig,"End of loanJun 30, 2007",in,0,1 Bundesliga,2007,2007/2008
Arminia Bielefeld,Heiko Westermann,23,Centre-Back,FC Schalke 04,£2.52m,out,2.52,1 Bundesliga,2007,2007/2008
Arminia Bielefeld,Marcel Ndjeng,25,Right Midfield,Bor. M'gladbach,£608k,out,0.608,1 Bundesliga,2007,2007/2008
Arminia Bielefeld,Abdelaziz Ahanfouf,29,Centre-Forward,Wehen Wiesbaden,Free Transfer,out,0,1 Bundesliga,2007,2007/2008
Arminia Bielefeld,Fatmir Vata,35,Attacking Midfield,TuS Koblenz,Free Transfer,out,0,1 Bundesliga,2007,2007/2008
Arminia Bielefeld,Tim Danneberg,21,Central Midfield,E. Braunschweig,Loan,out,0,1 Bundesliga,2007,2007/2008
Arminia Bielefeld,Pascal Formann,24,Goalkeeper,Saarbrücken,Free Transfer,out,0,1 Bundesliga,2007,2007/2008
Arminia Bielefeld,Finn Holsing,23,Right-Back,W. Bremen II,£45k,out,0.045,1 Bundesliga,2007,2007/2008
Arminia Bielefeld,Márcio Borges,34,Centre-Back,Retired,-,out,0,1 Bundesliga,2007,2007/2008
Arminia Bielefeld,Marc Ziegler,31,Goalkeeper,Saarbrücken,"End of loanJun 30, 2007",out,0,1 Bundesliga,2007,2007/2008
Arminia Bielefeld,Kamil Vacek,20,Central Midfield,Sigma Olomouc,"End of loanJun 30, 2007",out,0,1 Bundesliga,2007,2007/2008
VfB Stuttgart,Ciprian Marica,21,Centre-Forward,Shakhtar D.,£6.30m,in,6.3,1 Bundesliga,2007,2007/2008
VfB Stuttgart,Raphael Schäfer,28,Goalkeeper,1.FC Nuremberg,£1.80m,in,1.8,1 Bundesliga,2007,2007/2008
VfB Stuttgart,Ewerthon,26,Centre-Forward,Real Zaragoza,Loan fee:£1.08m,in,1.08,1 Bundesliga,2007,2007/2008
VfB Stuttgart,Sergiu Radu,30,Centre-Forward,VfL Wolfsburg,Loan fee:£270k,in,0.27,1 Bundesliga,2007,2007/2008
VfB Stuttgart,Georges Mandjeck,18,Defensive Midfield,Kadji Sports,£180k,in,0.18,1 Bundesliga,2007,2007/2008
VfB Stuttgart,Gledson,27,Centre-Back,Hansa Rostock,Free Transfer,in,0,1 Bundesliga,2007,2007/2008
VfB Stuttgart,Yildiray Bastürk,28,Attacking Midfield,Hertha BSC,Free Transfer,in,0,1 Bundesliga,2007,2007/2008
VfB Stuttgart,David Pisot,20,Centre-Back,Stuttgart II,-,in,0,1 Bundesliga,2007,2007/2008
VfB Stuttgart,Sven Ulreich,19,Goalkeeper,Stuttgart II,-,in,0,1 Bundesliga,2007,2007/2008
VfB Stuttgart,Élson,26,Attacking Midfield,Goiás EC,"End of loanDec 31, 2007",in,0,1 Bundesliga,2007,2007/2008
VfB Stuttgart,Julian Schuster,22,Defensive Midfield,Stuttgart II,-,in,0,1 Bundesliga,2007,2007/2008
VfB Stuttgart,Alexander Stolz,23,Goalkeeper,Stuttgart II,-,in,0,1 Bundesliga,2007,2007/2008
VfB Stuttgart,Marco Pischorn,22,Centre-Back,Stuttgart II,-,in,0,1 Bundesliga,2007,2007/2008
VfB Stuttgart,Peter Perchtold,23,Defensive Midfield,Stuttgart II,-,in,0,1 Bundesliga,2007,2007/2008
VfB Stuttgart,Danijel Ljuboja,28,Centre-Forward,Hamburger SV,"End of loanJun 30, 2007",in,0,1 Bundesliga,2007,2007/2008
VfB Stuttgart,Jon Dahl Tomasson,30,Centre-Forward,Villarreal,"End of loanJun 30, 2007",in,0,1 Bundesliga,2007,2007/2008
VfB Stuttgart,Marco Caligiuri,23,Centre-Back,MSV Duisburg,"End of loanJun 30, 2007",in,0,1 Bundesliga,2007,2007/2008
VfB Stuttgart,Bernd Nehrig,20,Central Midfield,Unterhaching,"End of loanJun 30, 2007",in,0,1 Bundesliga,2007,2007/2008
VfB Stuttgart,Silvio Meißner,34,Defensive Midfield,1.FC K'lautern,"End of loanJun 30, 2007",in,0,1 Bundesliga,2007,2007/2008
VfB Stuttgart,Mario Carevic,25,Left Midfield,Hajduk Split,"End of loanJun 30, 2007",in,0,1 Bundesliga,2007,2007/2008
VfB Stuttgart,Marco Streller,26,Centre-Forward,FC Basel,£1.35m,out,1.35,1 Bundesliga,2007,2007/2008
VfB Stuttgart,Jon Dahl Tomasson,30,Centre-Forward,Villarreal,£450k,out,0.45,1 Bundesliga,2007,2007/2008
VfB Stuttgart,Daniel Bierofka,28,Left Midfield,1860 Munich,£405k,out,0.405,1 Bundesliga,2007,2007/2008
VfB Stuttgart,Christian Gentner,21,Central Midfield,VfL Wolfsburg,Loan fee:£360k,out,0.36,1 Bundesliga,2007,2007/2008
VfB Stuttgart,Michael Langer,22,Goalkeeper,SC Freiburg,£270k,out,0.27,1 Bundesliga,2007,2007/2008
VfB Stuttgart,Gledson,28,Centre-Back,Hansa Rostock,£180k,out,0.18,1 Bundesliga,2007,2007/2008
VfB Stuttgart,Tobias Weis,21,Central Midfield,TSG Hoffenheim,£135k,out,0.135,1 Bundesliga,2007,2007/2008
VfB Stuttgart,Marco Caligiuri,23,Centre-Back,Greuther Fürth,£135k,out,0.135,1 Bundesliga,2007,2007/2008
VfB Stuttgart,Bernd Nehrig,20,Central Midfield,Greuther Fürth,£45k,out,0.045,1 Bundesliga,2007,2007/2008
VfB Stuttgart,Heiko Gerber,34,Left-Back,FC Ingolstadt,Free Transfer,out,0,1 Bundesliga,2007,2007/2008
VfB Stuttgart,Mario Carevic,25,Left Midfield,KSC Lokeren,Free Transfer,out,0,1 Bundesliga,2007,2007/2008
VfB Stuttgart,Danijel Ljuboja,29,Centre-Forward,VfL Wolfsburg,Loan,out,0,1 Bundesliga,2007,2007/2008
VfB Stuttgart,Timo Hildebrand,28,Goalkeeper,Valencia,Free Transfer,out,0,1 Bundesliga,2007,2007/2008
VfB Stuttgart,Georges Mandjeck,19,Defensive Midfield,1.FC K'lautern,Loan,out,0,1 Bundesliga,2007,2007/2008
VfB Stuttgart,David Pisot,20,Centre-Back,SC Paderborn,Loan,out,0,1 Bundesliga,2007,2007/2008
VfB Stuttgart,Markus Babbel,34,Centre-Back,Retired,-,out,0,1 Bundesliga,2007,2007/2008
VfB Stuttgart,Ewerthon,26,Centre-Forward,Real Zaragoza,"End of loanDec 1, 2007",out,0,1 Bundesliga,2007,2007/2008
VfB Stuttgart,Dirk Heinen,36,Goalkeeper,Retired,-,out,0,1 Bundesliga,2007,2007/2008
VfB Stuttgart,Benjamin Lauth,25,Centre-Forward,Hamburger SV,"End of loanJun 30, 2007",out,0,1 Bundesliga,2007,2007/2008
FC Energie Cottbus,Dennis Sörensen,26,Centre-Forward,FC Midtjylland,£990k,in,0.99,1 Bundesliga,2007,2007/2008
FC Energie Cottbus,Kristian Ipsa,21,Centre-Back,Varteks,£450k,in,0.45,1 Bundesliga,2007,2007/2008
FC Energie Cottbus,Ivan Radeljic,27,Centre-Back,Slaven Belupo,£360k,in,0.36,1 Bundesliga,2007,2007/2008
FC Energie Cottbus,Dusan Vasiljevic,25,Attacking Midfield,Kaposvár,£225k,in,0.225,1 Bundesliga,2007,2007/2008
FC Energie Cottbus,Christian Bassila,29,Centre-Back,AE Larisa,£225k,in,0.225,1 Bundesliga,2007,2007/2008
FC Energie Cottbus,Dimitar Rangelov,24,Centre-Forward,R. Strasbourg,Loan fee:£180k,in,0.18,1 Bundesliga,2007,2007/2008
FC Energie Cottbus,Ovidiu Burca,27,Centre-Back,Prog. Bukarest,£180k,in,0.18,1 Bundesliga,2007,2007/2008
FC Energie Cottbus,Stanislav Angelov,29,Defensive Midfield,Levski Sofia,£162k,in,0.162,1 Bundesliga,2007,2007/2008
FC Energie Cottbus,Michal Papadopulos,22,Centre-Forward,Bay. Leverkusen,Loan fee:£153k,in,0.153,1 Bundesliga,2007,2007/2008
FC Energie Cottbus,Christian Müller,23,Attacking Midfield,Hertha BSC,Free Transfer,in,0,1 Bundesliga,2007,2007/2008
FC Energie Cottbus,Michael Lerchl,20,Right Midfield,Dynamo Dresden,Free Transfer,in,0,1 Bundesliga,2007,2007/2008
FC Energie Cottbus,Efstathios Aloneftis,24,Left Winger,AE Larisa,Free Transfer,in,0,1 Bundesliga,2007,2007/2008
FC Energie Cottbus,Branko Jelic,30,Centre-Forward,Xiamen Lanshi,Free Transfer,in,0,1 Bundesliga,2007,2007/2008
FC Energie Cottbus,Toni Wachsmuth,20,Centre-Back,Carl Zeiss Jena,Free Transfer,in,0,1 Bundesliga,2007,2007/2008
FC Energie Cottbus,Silvio Bankert,22,Centre-Back,E. Cottbus II,-,in,0,1 Bundesliga,2007,2007/2008
FC Energie Cottbus,Martin Männel,19,Goalkeeper,E. Cottbus II,-,in,0,1 Bundesliga,2007,2007/2008
FC Energie Cottbus,Thomas Franke,19,Centre-Back,E. Cottbus II,-,in,0,1 Bundesliga,2007,2007/2008
FC Energie Cottbus,Vlad Munteanu,26,Left Midfield,VfL Wolfsburg,£2.03m,out,2.03,1 Bundesliga,2007,2007/2008
FC Energie Cottbus,Sergiu Radu,29,Centre-Forward,VfL Wolfsburg,£2.03m,out,2.03,1 Bundesliga,2007,2007/2008
FC Energie Cottbus,Kevin McKenna,27,Centre-Back,1. FC Köln,£450k,out,0.45,1 Bundesliga,2007,2007/2008
FC Energie Cottbus,Zoltán Szélesi,25,Right-Back,R. Strasbourg,£405k,out,0.405,1 Bundesliga,2007,2007/2008
FC Energie Cottbus,Daniel Gunkel,27,Defensive Midfield,1.FSV Mainz 05,£360k,out,0.36,1 Bundesliga,2007,2007/2008
FC Energie Cottbus,Tomasz Bandrowski,23,Central Midfield,Lech Poznan,Loan fee:£68k,out,0.068,1 Bundesliga,2007,2007/2008
FC Energie Cottbus,Marco Küntzel,31,Centre-Forward,FC Augsburg,Free Transfer,out,0,1 Bundesliga,2007,2007/2008
FC Energie Cottbus,Francis Kioyo,28,Centre-Forward,Maccabi Netanya,Free Transfer,out,0,1 Bundesliga,2007,2007/2008
FC Energie Cottbus,Lars Jungnickel,25,Defensive Midfield,Dynamo Dresden,Free Transfer,out,0,1 Bundesliga,2007,2007/2008
FC Energie Cottbus,Christof Neumann,19,Left Midfield,Rot-Weiß Erfurt,Free Transfer,out,0,1 Bundesliga,2007,2007/2008
FC Energie Cottbus,Benjamin Schöckel,26,Right-Back,Wehen Wiesbaden,Free Transfer,out,0,1 Bundesliga,2007,2007/2008
FC Energie Cottbus,Steffen Baumgart,35,Centre-Forward,1.FC Magdeburg,Free Transfer,out,0,1 Bundesliga,2007,2007/2008
FC Energie Cottbus,Sidney,27,Left-Back,K. Offenbach,Free Transfer,out,0,1 Bundesliga,2007,2007/2008
FC Energie Cottbus,Lawrence Aidoo,25,Centre-Forward,Without Club,-,out,0,1 Bundesliga,2007,2007/2008
FC Energie Cottbus,André Thoms,25,Goalkeeper,Without Club,-,out,0,1 Bundesliga,2007,2007/2008
SV Werder Bremen,Carlos Alberto,22,Attacking Midfield,Fluminense,£7.02m,in,7.02,1 Bundesliga,2007,2007/2008
SV Werder Bremen,Mesut Özil,19,Attacking Midfield,FC Schalke 04,£4.50m,in,4.5,1 Bundesliga,2007,2007/2008
SV Werder Bremen,Boubacar Sanogo,24,Centre-Forward,Hamburger SV,£4.05m,in,4.05,1 Bundesliga,2007,2007/2008
SV Werder Bremen,Hugo Almeida,23,Centre-Forward,FC Porto,£3.15m,in,3.15,1 Bundesliga,2007,2007/2008
SV Werder Bremen,Sebastian Boenisch,20,Left-Back,FC Schalke 04,£3.15m,in,3.15,1 Bundesliga,2007,2007/2008
SV Werder Bremen,Dusko Tosic,22,Centre-Back,FC Sochaux,£1.62m,in,1.62,1 Bundesliga,2007,2007/2008
SV Werder Bremen,Nico Pellatz,20,Goalkeeper,Hertha BSC,Free Transfer,in,0,1 Bundesliga,2007,2007/2008
SV Werder Bremen,Carlos Alberto,23,Attacking Midfield,São Paulo,"End of loanApr 30, 2008",in,0,1 Bundesliga,2007,2007/2008
SV Werder Bremen,Martin Harnik,20,Centre-Forward,W. Bremen II,-,in,0,1 Bundesliga,2007,2007/2008
SV Werder Bremen,Kevin Schindler,19,Defensive Midfield,W. Bremen II,-,in,0,1 Bundesliga,2007,2007/2008
SV Werder Bremen,Kevin Artmann,21,Attacking Midfield,W. Bremen II,-,in,0,1 Bundesliga,2007,2007/2008
SV Werder Bremen,Max Kruse,19,Centre-Forward,W. Bremen U19,-,in,0,1 Bundesliga,2007,2007/2008
SV Werder Bremen,John Jairo Mosquera,19,Centre-Forward,W. Burghausen,"End of loanJun 30, 2007",in,0,1 Bundesliga,2007,2007/2008
SV Werder Bremen,Francis Banecki,21,Centre-Back,E. Braunschweig,"End of loanJun 30, 2007",in,0,1 Bundesliga,2007,2007/2008
SV Werder Bremen,Leon Andreasen,24,Central Midfield,1.FSV Mainz 05,"End of loanJun 30, 2007",in,0,1 Bundesliga,2007,2007/2008
SV Werder Bremen,Miroslav Klose,29,Centre-Forward,Bayern Munich,£13.50m,out,13.5,1 Bundesliga,2007,2007/2008
SV Werder Bremen,Leon Andreasen,24,Central Midfield,Fulham,£3.87m,out,3.87,1 Bundesliga,2007,2007/2008
SV Werder Bremen,Christian Schulz,24,Centre-Back,Hannover 96,£2.25m,out,2.25,1 Bundesliga,2007,2007/2008
SV Werder Bremen,Carlos Alberto,23,Attacking Midfield,Botafogo,Loan fee:£900k,out,0.9,1 Bundesliga,2007,2007/2008
SV Werder Bremen,Jérôme Polenz,20,Right-Back,Alem. Aachen,£180k,out,0.18,1 Bundesliga,2007,2007/2008
SV Werder Bremen,Carlos Alberto,23,Attacking Midfield,São Paulo,Loan,out,0,1 Bundesliga,2007,2007/2008
SV Werder Bremen,John Jairo Mosquera,20,Centre-Forward,Alem. Aachen,Loan,out,0,1 Bundesliga,2007,2007/2008
SV Werder Bremen,Kasper Jensen,24,Goalkeeper,Carl Zeiss Jena,£9k,out,0.009,1 Bundesliga,2007,2007/2008
SV Werder Bremen,Andreas Reinke,38,Goalkeeper,Retired,-,out,0,1 Bundesliga,2007,2007/2008
SV Werder Bremen,Francis Banecki,21,Centre-Back,W. Bremen II,-,out,0,1 Bundesliga,2007,2007/2008
SV Werder Bremen,Hugo Almeida,23,Centre-Forward,FC Porto,"End of loanJun 30, 2007",out,0,1 Bundesliga,2007,2007/2008
FC Schalke 04,Ivan Rakitic,19,Central Midfield,FC Basel,£4.50m,in,4.5,1 Bundesliga,2007,2007/2008
FC Schalke 04,Carlos Grossmüller,24,Central Midfield,Danubio FC,£3.15m,in,3.15,1 Bundesliga,2007,2007/2008
FC Schalke 04,Zé Roberto,27,Attacking Midfield,Botafogo,£2.70m,in,2.7,1 Bundesliga,2007,2007/2008
FC Schalke 04,Heiko Westermann,23,Centre-Back,Arm. Bielefeld,£2.52m,in,2.52,1 Bundesliga,2007,2007/2008
FC Schalke 04,Albert Streit,27,Attacking Midfield,E. Frankfurt,£2.25m,in,2.25,1 Bundesliga,2007,2007/2008
FC Schalke 04,Vicente Sánchez,28,Left Winger,Toluca,£900k,in,0.9,1 Bundesliga,2007,2007/2008
FC Schalke 04,Jermaine Jones,25,Defensive Midfield,E. Frankfurt,Free Transfer,in,0,1 Bundesliga,2007,2007/2008
FC Schalke 04,Mathias Schober,31,Goalkeeper,Hansa Rostock,Free Transfer,in,0,1 Bundesliga,2007,2007/2008
FC Schalke 04,Benedikt Höwedes,19,Centre-Back,Schalke 04 U19,-,in,0,1 Bundesliga,2007,2007/2008
FC Schalke 04,Michael Delura,21,Right Winger,Bor. M'gladbach,"End of loanJun 30, 2007",in,0,1 Bundesliga,2007,2007/2008
FC Schalke 04,Mimoun Azaouagh,24,Attacking Midfield,1.FSV Mainz 05,"End of loanJun 30, 2007",in,0,1 Bundesliga,2007,2007/2008
FC Schalke 04,Mathias Abel,26,Centre-Back,Hamburger SV,"End of loanJun 30, 2007",in,0,1 Bundesliga,2007,2007/2008
FC Schalke 04,Niko Bungert,20,Centre-Back,K. Offenbach,"End of loanJun 30, 2007",in,0,1 Bundesliga,2007,2007/2008
FC Schalke 04,Mesut Özil,19,Attacking Midfield,Werder Bremen,£4.50m,out,4.5,1 Bundesliga,2007,2007/2008
FC Schalke 04,Lincoln,28,Attacking Midfield,Galatasaray,£4.50m,out,4.5,1 Bundesliga,2007,2007/2008
FC Schalke 04,Sebastian Boenisch,20,Left-Back,Werder Bremen,£3.15m,out,3.15,1 Bundesliga,2007,2007/2008
FC Schalke 04,Mimoun Azaouagh,25,Attacking Midfield,VfL Bochum,Loan fee:£270k,out,0.27,1 Bundesliga,2007,2007/2008
FC Schalke 04,Tim Hoogland,22,Centre-Back,1.FSV Mainz 05,£252k,out,0.252,1 Bundesliga,2007,2007/2008
FC Schalke 04,Michael Delura,22,Right Winger,Panionios,£225k,out,0.225,1 Bundesliga,2007,2007/2008
FC Schalke 04,Timo Kunert,20,Right-Back,Hamburger SV,£135k,out,0.135,1 Bundesliga,2007,2007/2008
FC Schalke 04,Hamit Altintop,24,Right Midfield,Bayern Munich,Free Transfer,out,0,1 Bundesliga,2007,2007/2008
FC Schalke 04,Darío Rodríguez,33,Left-Back,Peñarol,Free Transfer,out,0,1 Bundesliga,2007,2007/2008
FC Schalke 04,Dennis Lamczyk,20,Goalkeeper,Hessen Kassel,Free Transfer,out,0,1 Bundesliga,2007,2007/2008
FC Schalke 04,Niko Bungert,20,Centre-Back,K. Offenbach,£23k,out,0.023,1 Bundesliga,2007,2007/2008
FC Schalke 04,Willi Landgraf,38,Right-Back,Schalke 04 II,-,out,0,1 Bundesliga,2007,2007/2008
VfL Wolfsburg,Grafite,28,Centre-Forward,Le Mans UC 72,£6.75m,in,6.75,1 Bundesliga,2007,2007/2008
VfL Wolfsburg,Edin Dzeko,21,Centre-Forward,FK Teplice,£3.60m,in,3.6,1 Bundesliga,2007,2007/2008
VfL Wolfsburg,Ricardo Costa,26,Centre-Back,FC Porto,£3.60m,in,3.6,1 Bundesliga,2007,2007/2008
VfL Wolfsburg,Jan Simunek,20,Centre-Back,Sparta Praha,£3.15m,in,3.15,1 Bundesliga,2007,2007/2008
VfL Wolfsburg,Vlad Munteanu,26,Left Midfield,Energie Cottbus,£2.03m,in,2.03,1 Bundesliga,2007,2007/2008
VfL Wolfsburg,Sergiu Radu,29,Centre-Forward,Energie Cottbus,£2.03m,in,2.03,1 Bundesliga,2007,2007/2008
VfL Wolfsburg,Diego Benaglio,24,Goalkeeper,Nacional,£1.35m,in,1.35,1 Bundesliga,2007,2007/2008
VfL Wolfsburg,Alexander Laas,23,Left Midfield,Hamburger SV,£1.35m,in,1.35,1 Bundesliga,2007,2007/2008
VfL Wolfsburg,Josué,28,Defensive Midfield,São Paulo,£1.31m,in,1.31,1 Bundesliga,2007,2007/2008
VfL Wolfsburg,Marcel Schäfer,23,Left-Back,1860 Munich,£1.08m,in,1.08,1 Bundesliga,2007,2007/2008
VfL Wolfsburg,Sascha Riether,24,Right-Back,SC Freiburg,£450k,in,0.45,1 Bundesliga,2007,2007/2008
VfL Wolfsburg,Daniel Baier,23,Defensive Midfield,1860 Munich,£405k,in,0.405,1 Bundesliga,2007,2007/2008
VfL Wolfsburg,Christian Gentner,21,Central Midfield,VfB Stuttgart,Loan fee:£360k,in,0.36,1 Bundesliga,2007,2007/2008
VfL Wolfsburg,Mame Niang,23,Centre-Forward,M. Swallows,£180k,in,0.18,1 Bundesliga,2007,2007/2008
VfL Wolfsburg,Danijel Ljuboja,29,Centre-Forward,VfB Stuttgart,Loan,in,0,1 Bundesliga,2007,2007/2008
VfL Wolfsburg,Makoto Hasebe,23,Defensive Midfield,Urawa Reds,Free Transfer,in,0,1 Bundesliga,2007,2007/2008
VfL Wolfsburg,Ashkan Dejagah,20,Right Winger,Hertha BSC,Free Transfer,in,0,1 Bundesliga,2007,2007/2008
VfL Wolfsburg,Andrés D'Alessandro,26,Attacking Midfield,Real Zaragoza,"End of loanJun 30, 2007",in,0,1 Bundesliga,2007,2007/2008
VfL Wolfsburg,Abuda,21,Centre-Forward,Germinal Beersch,"End of loanJun 30, 2007",in,0,1 Bundesliga,2007,2007/2008
VfL Wolfsburg,Matthias Langkamp,23,Centre-Back,Grasshoppers,"End of loanJun 1, 2007",in,0,1 Bundesliga,2007,2007/2008
VfL Wolfsburg,Mike Hanke,23,Centre-Forward,Hannover 96,£4.05m,out,4.05,1 Bundesliga,2007,2007/2008
VfL Wolfsburg,Andrés D'Alessandro,26,Attacking Midfield,Real Zaragoza,£3.15m,out,3.15,1 Bundesliga,2007,2007/2008
VfL Wolfsburg,Kevin Hofland,28,Centre-Back,Feyenoord,£2.34m,out,2.34,1 Bundesliga,2007,2007/2008
VfL Wolfsburg,Diego Klimowicz,32,Centre-Forward,Bor. Dortmund,£1.35m,out,1.35,1 Bundesliga,2007,2007/2008
VfL Wolfsburg,Juan Carlos Menseguez,23,Second Striker,San Lorenzo,£990k,out,0.99,1 Bundesliga,2007,2007/2008
VfL Wolfsburg,Tom van der Leegte,30,Defensive Midfield,PSV Eindhoven,£450k,out,0.45,1 Bundesliga,2007,2007/2008
VfL Wolfsburg,Sergiu Radu,30,Centre-Forward,VfB Stuttgart,Loan fee:£270k,out,0.27,1 Bundesliga,2007,2007/2008
VfL Wolfsburg,Vlad Munteanu,26,Left Midfield,AJ Auxerre,Loan fee:£135k,out,0.135,1 Bundesliga,2007,2007/2008
VfL Wolfsburg,Uwe Möhrle,27,Centre-Back,FC Augsburg,Loan fee:£90k,out,0.09,1 Bundesliga,2007,2007/2008
VfL Wolfsburg,Isaac Boakye,26,Centre-Forward,1.FSV Mainz 05,Loan fee:£90k,out,0.09,1 Bundesliga,2007,2007/2008
VfL Wolfsburg,Christopher Lamprecht,22,Right-Back,1.FC K'lautern,Loan,out,0,1 Bundesliga,2007,2007/2008
VfL Wolfsburg,Miroslav Karhan,31,Central Midfield,1.FSV Mainz 05,Free Transfer,out,0,1 Bundesliga,2007,2007/2008
VfL Wolfsburg,Matthias Langkamp,23,Centre-Back,Arm. Bielefeld,Free Transfer,out,0,1 Bundesliga,2007,2007/2008
VfL Wolfsburg,Hans Sarpei,31,Left-Back,Bay. Leverkusen,Free Transfer,out,0,1 Bundesliga,2007,2007/2008
VfL Wolfsburg,Steve Müller,22,Centre-Back,VfB Lübeck,Free Transfer,out,0,1 Bundesliga,2007,2007/2008
VfL Wolfsburg,Abuda,21,Centre-Forward,Vasco da Gama,Free Transfer,out,0,1 Bundesliga,2007,2007/2008
VfL Wolfsburg,Michael Stegmayer,22,Left-Back,Carl Zeiss Jena,£45k,out,0.045,1 Bundesliga,2007,2007/2008
VfL Wolfsburg,Patrick Platins,24,Goalkeeper,FC Augsburg,Loan fee:£9k,out,0.009,1 Bundesliga,2007,2007/2008
VfL Wolfsburg,Marian Hristov,33,Defensive Midfield,Without Club,-,out,0,1 Bundesliga,2007,2007/2008
VfL Wolfsburg,Julio dos Santos,24,Central Midfield,Bayern Munich,"End of loanJun 30, 2007",out,0,1 Bundesliga,2007,2007/2008
Karlsruher SC,Joshua Kennedy,25,Centre-Forward,1.FC Nuremberg,£405k,in,0.405,1 Bundesliga,2007,2007/2008
Karlsruher SC,Tamás Hajnal,26,Attacking Midfield,1.FC K'lautern,£405k,in,0.405,1 Bundesliga,2007,2007/2008
Karlsruher SC,Christopher Reinhard,22,Attacking Midfield,E. Frankfurt,Free Transfer,in,0,1 Bundesliga,2007,2007/2008
Karlsruher SC,Stefan Buck,26,Centre-Back,Unterhaching,Free Transfer,in,0,1 Bundesliga,2007,2007/2008
Karlsruher SC,Alexander Iashvili,29,Second Striker,SC Freiburg,Free Transfer,in,0,1 Bundesliga,2007,2007/2008
Karlsruher SC,Sebastian Langkamp,20,Centre-Back,Hamburger SV,Free Transfer,in,0,1 Bundesliga,2007,2007/2008
Karlsruher SC,Christian Timm,28,Right Winger,Greuther Fürth,Free Transfer,in,0,1 Bundesliga,2007,2007/2008
Karlsruher SC,Andreas Görlitz,25,Right-Back,Bayern Munich,Loan,in,0,1 Bundesliga,2007,2007/2008
Karlsruher SC,Lars Stindl,18,Second Striker,Karlsruhe U19,-,in,0,1 Bundesliga,2007,2007/2008
Karlsruher SC,Sanibal Orahovac,29,Centre-Forward,Erzgebirge Aue,Free Transfer,out,0,1 Bundesliga,2007,2007/2008
Karlsruher SC,Jan Männer,24,Attacking Midfield,SC Paderborn,Free Transfer,out,0,1 Bundesliga,2007,2007/2008
Karlsruher SC,Sascha Traut,22,Right-Back,TuS Koblenz,Free Transfer,out,0,1 Bundesliga,2007,2007/2008
Karlsruher SC,Giovanni Federico,26,Attacking Midfield,Bor. Dortmund,Free Transfer,out,0,1 Bundesliga,2007,2007/2008
Karlsruher SC,Jiri Kaufman,27,Centre-Forward,Erzgebirge Aue,Free Transfer,out,0,1 Bundesliga,2007,2007/2008
Karlsruher SC,Thomas Kies,31,Right-Back,Durlach-Aue,Free Transfer,out,0,1 Bundesliga,2007,2007/2008
Karlsruher SC,Benjamin Barg,22,Defensive Midfield,Karlsruhe II,-,out,0,1 Bundesliga,2007,2007/2008
Karlsruher SC,Marco Manske,24,Left-Back,Without Club,-,out,0,1 Bundesliga,2007,2007/2008
FC Hansa Rostock,Addy-Waku Menga,23,Centre-Forward,VfL Osnabrück,£225k,in,0.225,1 Bundesliga,2007,2007/2008
FC Hansa Rostock,Orestes,26,Centre-Back,Naval,£225k,in,0.225,1 Bundesliga,2007,2007/2008
FC Hansa Rostock,Gledson,28,Centre-Back,VfB Stuttgart,£180k,in,0.18,1 Bundesliga,2007,2007/2008
FC Hansa Rostock,Heath Pearce,22,Left-Back,Nordsjaelland,Free Transfer,in,0,1 Bundesliga,2007,2007/2008
FC Hansa Rostock,Stefan Wächter,29,Goalkeeper,Hamburger SV,Free Transfer,in,0,1 Bundesliga,2007,2007/2008
FC Hansa Rostock,Fin Bartels,20,Second Striker,Holstein Kiel,Free Transfer,in,0,1 Bundesliga,2007,2007/2008
FC Hansa Rostock,Benjamin Lense,28,Right-Back,VfL Bochum,Free Transfer,in,0,1 Bundesliga,2007,2007/2008
FC Hansa Rostock,Ryan Gyaki,21,Attacking Midfield,Sheff Utd U23,Free Transfer,in,0,1 Bundesliga,2007,2007/2008
FC Hansa Rostock,Kenneth Kronholm,22,Goalkeeper,FSV Frankfurt,Free Transfer,in,0,1 Bundesliga,2007,2007/2008
FC Hansa Rostock,Simon Tüting,20,Central Midfield,VfL Osnabrück,Free Transfer,in,0,1 Bundesliga,2007,2007/2008
FC Hansa Rostock,Sebastian Albert,20,Right-Back,H. Rostock II,-,in,0,1 Bundesliga,2007,2007/2008
FC Hansa Rostock,Victor Agali,28,Centre-Forward,Without Club,-,in,0,1 Bundesliga,2007,2007/2008
FC Hansa Rostock,Marcel von Walsleben-Schied,24,Second Striker,Carl Zeiss Jena,Free Transfer,out,0,1 Bundesliga,2007,2007/2008
FC Hansa Rostock,Kim Madsen,29,Centre-Back,Aarhus GF,Free Transfer,out,0,1 Bundesliga,2007,2007/2008
FC Hansa Rostock,Martin Pohl,26,Centre-Back,Rot-Weiß Erfurt,Free Transfer,out,0,1 Bundesliga,2007,2007/2008
FC Hansa Rostock,Maik Wagefeld,26,Defensive Midfield,Dynamo Dresden,Free Transfer,out,0,1 Bundesliga,2007,2007/2008
FC Hansa Rostock,Kevin Hansen,27,Central Midfield,Erzgebirge Aue,Free Transfer,out,0,1 Bundesliga,2007,2007/2008
FC Hansa Rostock,Gledson,27,Centre-Back,VfB Stuttgart,Free Transfer,out,0,1 Bundesliga,2007,2007/2008
FC Hansa Rostock,Patric Klandt,24,Goalkeeper,FSV Frankfurt,Free Transfer,out,0,1 Bundesliga,2007,2007/2008
FC Hansa Rostock,Mathias Schober,31,Goalkeeper,FC Schalke 04,Free Transfer,out,0,1 Bundesliga,2007,2007/2008
FC Hansa Rostock,Anton Müller,23,Central Midfield,Chemnitzer FC,Free Transfer,out,0,1 Bundesliga,2007,2007/2008
FC Hansa Rostock,Michael Hartmann,32,Left Midfield,H. Rostock II,-,out,0,1 Bundesliga,2007,2007/2008
FC Hansa Rostock,Diego Morais,24,Centre-Back,Villa Rio,"End of loanJun 30, 2007",out,0,1 Bundesliga,2007,2007/2008
Hertha BSC,Raffael,22,Second Striker,FC Zürich,£3.87m,in,3.87,1 Bundesliga,2007,2007/2008
Hertha BSC,André Lima,22,Centre-Forward,Botafogo,£3.15m,in,3.15,1 Bundesliga,2007,2007/2008
Hertha BSC,Gojko Kacar,20,Defensive Midfield,Vojvodina,£2.70m,in,2.7,1 Bundesliga,2007,2007/2008
Hertha BSC,Lúcio,28,Left-Back,Palmeiras,£1.58m,in,1.58,1 Bundesliga,2007,2007/2008
Hertha BSC,Steve von Bergen,24,Centre-Back,FC Zürich,£1.35m,in,1.35,1 Bundesliga,2007,2007/2008
Hertha BSC,Fabian Lustenberger,19,Defensive Midfield,FC Luzern,£1.35m,in,1.35,1 Bundesliga,2007,2007/2008
Hertha BSC,Christian Giménez,32,Centre-Forward,Marseille,£900k,in,0.9,1 Bundesliga,2007,2007/2008
Hertha BSC,Bryan Arguez,19,Defensive Midfield,D.C. United,£180k,in,0.18,1 Bundesliga,2007,2007/2008
Hertha BSC,Rudi Skacel,28,Left-Back,Southampton,Loan fee:£180k,in,0.18,1 Bundesliga,2007,2007/2008
Hertha BSC,Valeri Domovchiyski,21,Centre-Forward,Levski Sofia,Loan fee:£135k,in,0.135,1 Bundesliga,2007,2007/2008
Hertha BSC,Tobias Grahn,27,Central Midfield,Gimnàstic,Loan fee:£135k,in,0.135,1 Bundesliga,2007,2007/2008
Hertha BSC,Christopher Gäng,19,Goalkeeper,Waldh. Mannheim,£90k,in,0.09,1 Bundesliga,2007,2007/2008
Hertha BSC,Jaroslav Drobny,27,Goalkeeper,VfL Bochum,Free Transfer,in,0,1 Bundesliga,2007,2007/2008
Hertha BSC,Ibrahima Traoré,19,Right Winger,Hertha BSC II,-,in,0,1 Bundesliga,2007,2007/2008
Hertha BSC,Bilal Cubukcu,20,Attacking Midfield,Hertha BSC II,-,in,0,1 Bundesliga,2007,2007/2008
Hertha BSC,Pascal Bieler,21,Left-Back,RW Essen,"End of loanJun 30, 2007",in,0,1 Bundesliga,2007,2007/2008
Hertha BSC,Lukasz Piszczek,22,Right-Back,Zaglebie Lubin,"End of loanJun 30, 2007",in,0,1 Bundesliga,2007,2007/2008
Hertha BSC,Solomon Okoronkwo,20,Centre-Forward,RW Essen,"End of loanJun 30, 2007",in,0,1 Bundesliga,2007,2007/2008
Hertha BSC,Kevin-Prince Boateng,20,Centre-Forward,Spurs,£7.11m,out,7.11,1 Bundesliga,2007,2007/2008
Hertha BSC,Malik Fathi,24,Central Midfield,Spartak Moscow,£3.60m,out,3.6,1 Bundesliga,2007,2007/2008
Hertha BSC,Gilberto,31,Central Midfield,Spurs,£2.52m,out,2.52,1 Bundesliga,2007,2007/2008
Hertha BSC,Christian Giménez,32,Centre-Forward,Toluca,£1.98m,out,1.98,1 Bundesliga,2007,2007/2008
Hertha BSC,Jérôme Boateng,18,Centre-Back,Hamburger SV,£990k,out,0.99,1 Bundesliga,2007,2007/2008
Hertha BSC,Christopher Schorch,18,Centre-Back,RM Castilla,£720k,out,0.72,1 Bundesliga,2007,2007/2008
Hertha BSC,Andreas Neuendorf,32,Central Midfield,FC Ingolstadt,Free Transfer,out,0,1 Bundesliga,2007,2007/2008
Hertha BSC,Nico Pellatz,20,Goalkeeper,Werder Bremen,Free Transfer,out,0,1 Bundesliga,2007,2007/2008
Hertha BSC,Christian Müller,23,Attacking Midfield,Energie Cottbus,Free Transfer,out,0,1 Bundesliga,2007,2007/2008
Hertha BSC,Srdjan Lakic,23,Centre-Forward,Heracles Almelo,Loan,out,0,1 Bundesliga,2007,2007/2008
Hertha BSC,Ashkan Dejagah,20,Right Winger,VfL Wolfsburg,Free Transfer,out,0,1 Bundesliga,2007,2007/2008
Hertha BSC,Ellery Cairo,28,Right Winger,Coventry,Free Transfer,out,0,1 Bundesliga,2007,2007/2008
Hertha BSC,Kevin Stuhr Ellegaard,24,Goalkeeper,Randers FC,Free Transfer,out,0,1 Bundesliga,2007,2007/2008
Hertha BSC,Dennis Cagara,22,Left-Back,Nordsjaelland,Loan,out,0,1 Bundesliga,2007,2007/2008
Hertha BSC,Yildiray Bastürk,28,Attacking Midfield,VfB Stuttgart,Free Transfer,out,0,1 Bundesliga,2007,2007/2008
Hertha BSC,Robert Müller,20,Centre-Back,Carl Zeiss Jena,Free Transfer,out,0,1 Bundesliga,2007,2007/2008
Hertha BSC,Dick van Burik,33,Centre-Back,Retired,-,out,0,1 Bundesliga,2007,2007/2008
Hertha BSC,Christian Giménez,32,Centre-Forward,Marseille,"End of loanJun 30, 2007",out,0,1 Bundesliga,2007,2007/2008
MSV Duisburg,Manasseh Ishiaku,24,Centre-Forward,Club Brugge,£900k,in,0.9,1 Bundesliga,2007,2007/2008
MSV Duisburg,Maicon,21,Central Midfield,Madureira Esporte Clube (RJ),£540k,in,0.54,1 Bundesliga,2007,2007/2008
MSV Duisburg,Christian Tiffert,25,Defensive Midfield,RB Salzburg,£540k,in,0.54,1 Bundesliga,2007,2007/2008
MSV Duisburg,Tom Starke,26,Goalkeeper,SC Paderborn,£405k,in,0.405,1 Bundesliga,2007,2007/2008
MSV Duisburg,Bojan Vrucina,23,Centre-Forward,Slaven Belupo,Loan fee:£315k,in,0.315,1 Bundesliga,2007,2007/2008
MSV Duisburg,Claudiu Niculescu,31,Centre-Forward,Dinamo Bukarest,£270k,in,0.27,1 Bundesliga,2007,2007/2008
MSV Duisburg,Blagoy Georgiev,25,Central Midfield,Red Star,Loan fee:£225k,in,0.225,1 Bundesliga,2007,2007/2008
MSV Duisburg,Ávalos,29,Centre-Back,Nacional,£180k,in,0.18,1 Bundesliga,2007,2007/2008
MSV Duisburg,Alexander Meyer,23,Left-Back,Bay. Leverkusen,£135k,in,0.135,1 Bundesliga,2007,2007/2008
MSV Duisburg,Aílton,33,Centre-Forward,Red Star,£90k,in,0.09,1 Bundesliga,2007,2007/2008
MSV Duisburg,Silvio Schröter,28,Right Midfield,Hannover 96,Free Transfer,in,0,1 Bundesliga,2007,2007/2008
MSV Duisburg,Marcel Herzog,27,Goalkeeper,FC Schaffhausen,Free Transfer,in,0,1 Bundesliga,2007,2007/2008
MSV Duisburg,Michael Lamey,27,Right-Back,PSV Eindhoven,Free Transfer,in,0,1 Bundesliga,2007,2007/2008
MSV Duisburg,Olivier Veigneau,22,Left-Back,Monaco,Free Transfer,in,0,1 Bundesliga,2007,2007/2008
MSV Duisburg,Simon Terodde,19,Centre-Forward,Duisburg U19,-,in,0,1 Bundesliga,2007,2007/2008
MSV Duisburg,Sascha Mölders,22,Centre-Forward,MSV Duisburg II,-,in,0,1 Bundesliga,2007,2007/2008
MSV Duisburg,Fernando,27,Centre-Back,Without Club,-,in,0,1 Bundesliga,2007,2007/2008
MSV Duisburg,Roque Júnior,31,Centre-Back,Without Club,-,in,0,1 Bundesliga,2007,2007/2008
MSV Duisburg,Youssef Mokhtari,28,Attacking Midfield,Al Rayyan,£315k,out,0.315,1 Bundesliga,2007,2007/2008
MSV Duisburg,Mohamadou Idrissou,27,Centre-Forward,SC Freiburg,£180k,out,0.18,1 Bundesliga,2007,2007/2008
MSV Duisburg,Markus Kurth,34,Centre-Forward,RW Essen,£158k,out,0.158,1 Bundesliga,2007,2007/2008
MSV Duisburg,Aílton,34,Centre-Forward,Metalurh D.,Free Transfer,out,0,1 Bundesliga,2007,2007/2008
MSV Duisburg,Quido Lanzaat,27,Centre-Back,CSKA Sofia,Free Transfer,out,0,1 Bundesliga,2007,2007/2008
MSV Duisburg,Alexander Bugera,28,Left-Back,1.FC K'lautern,Free Transfer,out,0,1 Bundesliga,2007,2007/2008
MSV Duisburg,Georg Koch,35,Goalkeeper,Dinamo Zagreb,Free Transfer,out,0,1 Bundesliga,2007,2007/2008
MSV Duisburg,Kai Koitka,25,Second Striker,E. Braunschweig,Free Transfer,out,0,1 Bundesliga,2007,2007/2008
MSV Duisburg,Roque Júnior,31,Centre-Back,Al Rayyan,£23k,out,0.023,1 Bundesliga,2007,2007/2008
MSV Duisburg,Necat Aygün,27,Centre-Back,FC Ingolstadt,Loan,out,0,1 Bundesliga,2007,2007/2008
MSV Duisburg,Carsten Wolters,37,Right-Back,MSV Duisburg II,-,out,0,1 Bundesliga,2007,2007/2008
MSV Duisburg,Markus Hausweiler,31,Defensive Midfield,Retired,-,out,0,1 Bundesliga,2007,2007/2008
MSV Duisburg,Marco Caligiuri,23,Centre-Back,VfB Stuttgart,"End of loanJun 30, 2007",out,0,1 Bundesliga,2007,2007/2008
