club_name,player_name,age,position,club_involved_name,fee,transfer_movement,fee_cleaned,league_name,year,season
Manchester United,Dimitar Berbatov,27,Centre-Forward,Spurs,£34.20m,in,34.2,Premier League,2008,2008/2009
Manchester United,Zoran Tosic,21,Right Winger,Partizan,£6.30m,in,6.3,Premier League,2008,2008/2009
Manchester United,Ritchie De Laet,20,Right-Back,Stoke City,£225k,in,0.225,Premier League,2008,2008/2009
Manchester United,Tom Cleverley,18,Central Midfield,Man Utd U18,-,in,0,Premier League,2008,2008/2009
Manchester United,James Chester,20,Centre-Back,Peterborough,"End of loanMar 1, 2009",in,0,Premier League,2008,2008/2009
Manchester United,Lee Martin,21,Attacking Midfield,Nottm Forest,"End of loanNov 1, 2008",in,0,Premier League,2008,2008/2009
Manchester United,Sam Hewson,20,Central Midfield,Hereford Utd.,"End of loanMay 1, 2009",in,0,Premier League,2008,2008/2009
Manchester United,Tom Cleverley,19,Central Midfield,Leicester,"End of loanMay 25, 2009",in,0,Premier League,2008,2008/2009
Manchester United,Danny Welbeck,17,Centre-Forward,Man Utd U18,-,in,0,Premier League,2008,2008/2009
Manchester United,Danny Drinkwater,18,Central Midfield,Man Utd U18,-,in,0,Premier League,2008,2008/2009
Manchester United,Federico Macheda,17,Centre-Forward,Man Utd U18,-,in,0,Premier League,2008,2008/2009
Manchester United,Manucho,26,Centre-Forward,Hull City,"End of loanMay 1, 2009",in,0,Premier League,2008,2008/2009
Manchester United,Tom Heaton,23,Goalkeeper,Cardiff,"End of loanMay 1, 2009",in,0,Premier League,2008,2008/2009
Manchester United,Rafael,17,Right-Back,Man Utd U18,-,in,0,Premier League,2008,2008/2009
Manchester United,Ben Amos,18,Goalkeeper,Man Utd U18,-,in,0,Premier League,2008,2008/2009
Manchester United,Darron Gibson,20,Central Midfield,Man Utd U23,-,in,0,Premier League,2008,2008/2009
Manchester United,Danny Simpson,22,Right-Back,Blackburn,"End of loanMay 8, 2009",in,0,Premier League,2008,2008/2009
Manchester United,David Gray,20,Right-Back,Plymouth,"End of loanMay 1, 2009",in,0,Premier League,2008,2008/2009
Manchester United,Fábio,17,Right-Back,Man Utd U18,-,in,0,Premier League,2008,2008/2009
Manchester United,James Chester,19,Centre-Back,Man Utd U18,-,in,0,Premier League,2008,2008/2009
Manchester United,Manucho,25,Centre-Forward,Panathinaikos,"End of loanJun 30, 2008",in,0,Premier League,2008,2008/2009
Manchester United,Gerard Piqué,21,Centre-Back,FC Barcelona,£4.50m,out,4.5,Premier League,2008,2008/2009
Manchester United,Chris Eagles,22,Right Winger,Burnley,£1.35m,out,1.35,Premier League,2008,2008/2009
Manchester United,Mikaël Silvestre,31,Centre-Back,Arsenal,£855k,out,0.855,Premier League,2008,2008/2009
Manchester United,Danny Simpson,21,Right-Back,Blackburn,Loan,out,0,Premier League,2008,2008/2009
Manchester United,Fangzhuo Dong,23,Centre-Forward,DL Shide,Free Transfer,out,0,Premier League,2008,2008/2009
Manchester United,Sam Hewson,20,Central Midfield,Hereford Utd.,Loan,out,0,Premier League,2008,2008/2009
Manchester United,Fraizer Campbell,20,Centre-Forward,Spurs,Loan,out,0,Premier League,2008,2008/2009
Manchester United,James Chester,20,Centre-Back,Peterborough,Loan,out,0,Premier League,2008,2008/2009
Manchester United,Michael Lea,20,Left-Back,Scunthorpe Utd.,Free Transfer,out,0,Premier League,2008,2008/2009
Manchester United,Tom Heaton,22,Goalkeeper,Cardiff,Loan,out,0,Premier League,2008,2008/2009
Manchester United,David Gray,20,Right-Back,Plymouth,Loan,out,0,Premier League,2008,2008/2009
Manchester United,Louis Saha,30,Centre-Forward,Everton,Free Transfer,out,0,Premier League,2008,2008/2009
Manchester United,Tom Cleverley,19,Central Midfield,Leicester,Loan,out,0,Premier League,2008,2008/2009
Manchester United,Ritchie Jones,21,Central Midfield,Hartlepool Utd.,Free Transfer,out,0,Premier League,2008,2008/2009
Manchester United,Lee Martin,21,Attacking Midfield,Nottm Forest,Loan,out,0,Premier League,2008,2008/2009
Manchester United,Michael Barnes,20,Left Midfield,Northwich Victoria,Free Transfer,out,0,Premier League,2008,2008/2009
Manchester United,Manucho,25,Centre-Forward,Hull City,Loan,out,0,Premier League,2008,2008/2009
Manchester United,Carlos Tévez,25,Second Striker,West Ham,"End of loanJun 30, 2009",out,0,Premier League,2008,2008/2009
Chelsea FC,Bosingwa,25,Right-Back,FC Porto,£18.45m,in,18.45,Premier League,2008,2008/2009
Chelsea FC,Deco,30,Attacking Midfield,FC Barcelona,£9.00m,in,9,Premier League,2008,2008/2009
Chelsea FC,Ricardo Quaresma,25,Right Winger,Inter,Loan,in,0,Premier League,2008,2008/2009
Chelsea FC,Fábio Paim,20,Right Midfield,Sporting CP,Loan,in,0,Premier League,2008,2008/2009
Chelsea FC,Jacob Mellis,17,Central Midfield,Chelsea U18,-,in,0,Premier League,2008,2008/2009
Chelsea FC,Mineiro,33,Defensive Midfield,Without Club,-,in,0,Premier League,2008,2008/2009
Chelsea FC,Lee Sawyer,19,Central Midfield,Coventry,"End of loanFeb 1, 2009",in,0,Premier League,2008,2008/2009
Chelsea FC,Jack Cork,19,Defensive Midfield,Southampton,"End of loanDec 1, 2008",in,0,Premier League,2008,2008/2009
Chelsea FC,Scott Sinclair,20,Left Midfield,Birmingham,"End of loanMay 25, 2009",in,0,Premier League,2008,2008/2009
Chelsea FC,Jimmy Smith,21,Central Midfield,Sheff Wed,"End of loanDec 31, 2008",in,0,Premier League,2008,2008/2009
Chelsea FC,Jack Cork,19,Defensive Midfield,Watford,"End of loanMay 1, 2009",in,0,Premier League,2008,2008/2009
Chelsea FC,Lee Sawyer,19,Central Midfield,Southend United,"End of loanNov 1, 2008",in,0,Premier League,2008,2008/2009
Chelsea FC,Carl Magnay,20,Right-Back,Northampt. Town,"End of loanApr 9, 2009",in,0,Premier League,2008,2008/2009
Chelsea FC,Ben Sahar,19,Centre-Forward,Portsmouth,"End of loanDec 1, 2008",in,0,Premier League,2008,2008/2009
Chelsea FC,Lee Sawyer,19,Central Midfield,Wycombe,"End of loanMay 1, 2009",in,0,Premier League,2008,2008/2009
Chelsea FC,Gaël Kakuta,17,Left Winger,Chelsea U18,-,in,0,Premier League,2008,2008/2009
Chelsea FC,Conor Clifford,17,Central Midfield,Chelsea U18,-,in,0,Premier League,2008,2008/2009
Chelsea FC,Carl Magnay,20,Right-Back,MK Dons,"End of loanMar 2, 2009",in,0,Premier League,2008,2008/2009
Chelsea FC,Michael Mancienne,20,Centre-Back,Wolves,"End of loanDec 29, 2008",in,0,Premier League,2008,2008/2009
Chelsea FC,Ryan Bertrand,19,Left-Back,Norwich,"End of loanMay 25, 2009",in,0,Premier League,2008,2008/2009
Chelsea FC,Carl Magnay,19,Right-Back,Chelsea U18,-,in,0,Premier League,2008,2008/2009
Chelsea FC,Alcides,23,Centre-Back,PSV Eindhoven,"End of loanJun 30, 2008",in,0,Premier League,2008,2008/2009
Chelsea FC,Hernán Crespo,32,Centre-Forward,Inter,"End of loanJun 30, 2008",in,0,Premier League,2008,2008/2009
Chelsea FC,Khalid Boulahrouz,26,Centre-Back,Sevilla FC,"End of loanJun 30, 2008",in,0,Premier League,2008,2008/2009
Chelsea FC,Slobodan Rajkovic,19,Centre-Back,PSV Eindhoven,"End of loanJun 30, 2008",in,0,Premier League,2008,2008/2009
Chelsea FC,Wayne Bridge,28,Left-Back,Man City,£11.70m,out,11.7,Premier League,2008,2008/2009
Chelsea FC,Shaun Wright-Phillips,26,Right Winger,Man City,£10.13m,out,10.13,Premier League,2008,2008/2009
Chelsea FC,Tal Ben Haim,26,Centre-Back,Man City,£5.76m,out,5.76,Premier League,2008,2008/2009
Chelsea FC,Steve Sidwell,25,Central Midfield,Aston Villa,£5.67m,out,5.67,Premier League,2008,2008/2009
Chelsea FC,Khalid Boulahrouz,26,Centre-Back,VfB Stuttgart,£4.50m,out,4.5,Premier League,2008,2008/2009
Chelsea FC,Claudio Pizarro,29,Centre-Forward,Werder Bremen,Loan fee:£1.80m,out,1.8,Premier League,2008,2008/2009
Chelsea FC,Alcides,23,Centre-Back,Dnipro,£540k,out,0.54,Premier League,2008,2008/2009
Chelsea FC,Claude Makélélé,35,Defensive Midfield,Paris SG,Free Transfer,out,0,Premier League,2008,2008/2009
Chelsea FC,Hernán Crespo,32,Centre-Forward,Inter,Free Transfer,out,0,Premier League,2008,2008/2009
Chelsea FC,Carlo Cudicini,35,Goalkeeper,Spurs,Free Transfer,out,0,Premier League,2008,2008/2009
Chelsea FC,Jimmy Smith,22,Central Midfield,Leyton Orient,Loan,out,0,Premier League,2008,2008/2009
Chelsea FC,Andrii Shevchenko,31,Centre-Forward,AC Milan,Loan,out,0,Premier League,2008,2008/2009
Chelsea FC,Jimmy Smith,21,Central Midfield,Sheff Wed,Loan,out,0,Premier League,2008,2008/2009
Chelsea FC,Jack Cork,19,Defensive Midfield,Watford,Loan,out,0,Premier League,2008,2008/2009
Chelsea FC,Scott Sinclair,19,Left Midfield,Birmingham,Loan,out,0,Premier League,2008,2008/2009
Chelsea FC,Jack Cork,19,Defensive Midfield,Southampton,Loan,out,0,Premier League,2008,2008/2009
Chelsea FC,Carl Magnay,20,Right-Back,Northampt. Town,Loan,out,0,Premier League,2008,2008/2009
Chelsea FC,Michael Mancienne,20,Centre-Back,Wolves,Loan,out,0,Premier League,2008,2008/2009
Chelsea FC,Slobodan Rajkovic,19,Centre-Back,FC Twente,Loan,out,0,Premier League,2008,2008/2009
Chelsea FC,Ben Sahar,19,Centre-Forward,De Graafschap,Loan,out,0,Premier League,2008,2008/2009
Chelsea FC,Lee Sawyer,19,Central Midfield,Coventry,Loan,out,0,Premier League,2008,2008/2009
Chelsea FC,Lee Sawyer,18,Central Midfield,Southend United,Loan,out,0,Premier League,2008,2008/2009
Chelsea FC,Lee Sawyer,19,Central Midfield,Wycombe,Loan,out,0,Premier League,2008,2008/2009
Chelsea FC,Ben Sahar,18,Centre-Forward,Portsmouth,Loan,out,0,Premier League,2008,2008/2009
Chelsea FC,Carl Magnay,20,Right-Back,MK Dons,Loan,out,0,Premier League,2008,2008/2009
Chelsea FC,Fábio Paim,20,Right Midfield,Sporting CP,"End of loanDec 1, 2008",out,0,Premier League,2008,2008/2009
Chelsea FC,Adrian Pettigrew,21,Centre-Back,Without Club,-,out,0,Premier League,2008,2008/2009
Arsenal FC,Andrey Arshavin,27,Second Striker,Zenit S-Pb,£14.85m,in,14.85,Premier League,2008,2008/2009
Arsenal FC,Samir Nasri,21,Attacking Midfield,Marseille,£14.40m,in,14.4,Premier League,2008,2008/2009
Arsenal FC,Aaron Ramsey,17,Central Midfield,Cardiff,£5.76m,in,5.76,Premier League,2008,2008/2009
Arsenal FC,Mikaël Silvestre,31,Centre-Back,Man Utd,£855k,in,0.855,Premier League,2008,2008/2009
Arsenal FC,Amaury Bischoff,21,Central Midfield,W. Bremen II,£270k,in,0.27,Premier League,2008,2008/2009
Arsenal FC,Wojciech Szczesny,18,Goalkeeper,Arsenal U18,-,in,0,Premier League,2008,2008/2009
Arsenal FC,Henri Lansbury,17,Central Midfield,Arsenal U18,-,in,0,Premier League,2008,2008/2009
Arsenal FC,Kerrea Gilbert,22,Right-Back,Leicester,"End of loanMay 1, 2009",in,0,Premier League,2008,2008/2009
Arsenal FC,Nacer Barazite,18,Attacking Midfield,Derby,"End of loanMay 25, 2009",in,0,Premier League,2008,2008/2009
Arsenal FC,Nacer Barazite,18,Attacking Midfield,Arsenal U18,-,in,0,Premier League,2008,2008/2009
Arsenal FC,Armand Traoré,19,Left-Back,Portsmouth,"End of loanMay 1, 2009",in,0,Premier League,2008,2008/2009
Arsenal FC,Henri Lansbury,18,Central Midfield,Scunthorpe Utd.,"End of loanMay 25, 2009",in,0,Premier League,2008,2008/2009
Arsenal FC,Jack Wilshere,16,Central Midfield,Arsenal U18,-,in,0,Premier League,2008,2008/2009
Arsenal FC,Rene Steer,19,Left-Back,Gillingham FC,"End of loanMay 1, 2009",in,0,Premier League,2008,2008/2009
Arsenal FC,Carlos Vela,19,Right Winger,CA Osasuna,"End of loanJun 30, 2008",in,0,Premier League,2008,2008/2009
Arsenal FC,Fran Mérida,18,Central Midfield,Real Sociedad,"End of loanJun 30, 2008",in,0,Premier League,2008,2008/2009
Arsenal FC,Aleksandr Hleb,27,Attacking Midfield,FC Barcelona,£15.30m,out,15.3,Premier League,2008,2008/2009
Arsenal FC,Justin Hoyte,23,Right-Back,Middlesbrough,£3.42m,out,3.42,Premier League,2008,2008/2009
Arsenal FC,Philippe Senderos,23,Centre-Back,AC Milan,Loan fee:£2.25m,out,2.25,Premier League,2008,2008/2009
Arsenal FC,Gilberto Silva,31,Defensive Midfield,Panathinaikos,£2.25m,out,2.25,Premier League,2008,2008/2009
Arsenal FC,Gavin Hoyte,18,Right-Back,Watford,Loan,out,0,Premier League,2008,2008/2009
Arsenal FC,Jens Lehmann,38,Goalkeeper,VfB Stuttgart,Free Transfer,out,0,Premier League,2008,2008/2009
Arsenal FC,Henri Lansbury,18,Central Midfield,Scunthorpe Utd.,Loan,out,0,Premier League,2008,2008/2009
Arsenal FC,Kerrea Gilbert,21,Right-Back,Leicester,Loan,out,0,Premier League,2008,2008/2009
Arsenal FC,Rene Steer,18,Left-Back,Gillingham FC,Loan,out,0,Premier League,2008,2008/2009
Arsenal FC,Mathieu Flamini,24,Defensive Midfield,AC Milan,Free Transfer,out,0,Premier League,2008,2008/2009
Arsenal FC,Nacer Barazite,18,Attacking Midfield,Derby,Loan,out,0,Premier League,2008,2008/2009
Arsenal FC,Armand Traoré,18,Left-Back,Portsmouth,Loan,out,0,Premier League,2008,2008/2009
Liverpool FC,Robbie Keane,28,Centre-Forward,Spurs,£21.60m,in,21.6,Premier League,2008,2008/2009
Liverpool FC,Javier Mascherano,24,Defensive Midfield,West Ham,£20.25m,in,20.25,Premier League,2008,2008/2009
Liverpool FC,Albert Riera,26,Left Winger,Espanyol,£8.82m,in,8.82,Premier League,2008,2008/2009
Liverpool FC,Andrea Dossena,26,Left Midfield,Udinese,£8.10m,in,8.1,Premier League,2008,2008/2009
Liverpool FC,Diego Cavalieri,25,Goalkeeper,Palmeiras,£3.96m,in,3.96,Premier League,2008,2008/2009
Liverpool FC,David N'Gog,19,Centre-Forward,Paris SG,£1.35m,in,1.35,Premier League,2008,2008/2009
Liverpool FC,Péter Gulácsi,18,Goalkeeper,MTK U19,£225k,in,0.225,Premier League,2008,2008/2009
Liverpool FC,Philipp Degen,25,Right-Back,Bor. Dortmund,Free Transfer,in,0,Premier League,2008,2008/2009
Liverpool FC,David Martin,23,Goalkeeper,Leicester,"End of loanMay 1, 2009",in,0,Premier League,2008,2008/2009
Liverpool FC,Astrit Ajdarevic,19,Central Midfield,Leicester,"End of loanMay 31, 2009",in,0,Premier League,2008,2008/2009
Liverpool FC,Godwin Antwi,20,Centre-Back,Tranmere Rovers,"End of loanDec 1, 2008",in,0,Premier League,2008,2008/2009
Liverpool FC,Martin Kelly,18,Right-Back,Liverpool U18,-,in,0,Premier League,2008,2008/2009
Liverpool FC,Jermaine Pennant,26,Right Winger,Portsmouth,"End of loanMay 31, 2009",in,0,Premier League,2008,2008/2009
Liverpool FC,Daniel Ayala,17,Centre-Back,Liverpool U18,-,in,0,Premier League,2008,2008/2009
Liverpool FC,Craig Lindfield,20,Right Midfield,Accrington,"End of loanMay 31, 2009",in,0,Premier League,2008,2008/2009
Liverpool FC,Robbie Threlfall,20,Left-Back,Stockport,"End of loanMay 1, 2009",in,0,Premier League,2008,2008/2009
Liverpool FC,Robbie Threlfall,20,Left-Back,Hereford Utd.,"End of loanDec 1, 2008",in,0,Premier League,2008,2008/2009
Liverpool FC,Krisztián Németh,20,Centre-Forward,Blackpool,"End of loanFeb 1, 2009",in,0,Premier League,2008,2008/2009
Liverpool FC,Nathan Eccleston,17,Centre-Forward,Liverpool U18,-,in,0,Premier League,2008,2008/2009
Liverpool FC,Péter Gulácsi,19,Goalkeeper,Hereford Utd.,"End of loanMay 10, 2009",in,0,Premier League,2008,2008/2009
Liverpool FC,Stephen Darby,19,Right-Back,Liverpool U23,-,in,0,Premier League,2008,2008/2009
Liverpool FC,Godwin Antwi,20,Centre-Back,Hereford Utd.,"End of loanMay 1, 2009",in,0,Premier League,2008,2008/2009
Liverpool FC,Craig Lindfield,20,Right Midfield,Bournemouth,"End of loanDec 31, 2008",in,0,Premier League,2008,2008/2009
Liverpool FC,Josh Mimms,19,Goalkeeper,York City,"End of loanDec 1, 2008",in,0,Premier League,2008,2008/2009
Liverpool FC,Steven Irwin,17,Midfielder,Liverpool U18,-,in,0,Premier League,2008,2008/2009
Liverpool FC,Martin Kelly,19,Right-Back,Huddersfield,"End of loanMay 31, 2009",in,0,Premier League,2008,2008/2009
Liverpool FC,Miki Roqué,19,Centre-Back,Xerez CD,"End of loanJun 30, 2008",in,0,Premier League,2008,2008/2009
Liverpool FC,Anthony Le Tallec,23,Centre-Forward,Le Mans UC 72,"End of loanJun 30, 2008",in,0,Premier League,2008,2008/2009
Liverpool FC,Besian Idrizaj,20,Centre-Forward,FC Wacker,"End of loanJun 30, 2008",in,0,Premier League,2008,2008/2009
Liverpool FC,Scott Carson,22,Goalkeeper,Aston Villa,"End of loanJun 30, 2008",in,0,Premier League,2008,2008/2009
Liverpool FC,Robbie Keane,28,Centre-Forward,Spurs,£15.03m,out,15.03,Premier League,2008,2008/2009
Liverpool FC,Peter Crouch,27,Centre-Forward,Portsmouth,£12.33m,out,12.33,Premier League,2008,2008/2009
Liverpool FC,John Arne Riise,27,Left-Back,AS Roma,£4.50m,out,4.5,Premier League,2008,2008/2009
Liverpool FC,Danny Guthrie,21,Central Midfield,Newcastle,£3.87m,out,3.87,Premier League,2008,2008/2009
Liverpool FC,Scott Carson,22,Goalkeeper,West Brom,£3.60m,out,3.6,Premier League,2008,2008/2009
Liverpool FC,Anthony Le Tallec,23,Centre-Forward,Le Mans UC 72,£1.35m,out,1.35,Premier League,2008,2008/2009
Liverpool FC,Sebastián Leto,21,Left Winger,Olympiacos,Loan fee:£675k,out,0.675,Premier League,2008,2008/2009
Liverpool FC,Godwin Antwi,20,Centre-Back,Hereford Utd.,Loan,out,0,Premier League,2008,2008/2009
Liverpool FC,Craig Lindfield,19,Right Midfield,Bournemouth,Loan,out,0,Premier League,2008,2008/2009
Liverpool FC,Harry Kewell,29,Left Winger,Galatasaray,Free Transfer,out,0,Premier League,2008,2008/2009
Liverpool FC,Robbie Threlfall,20,Left-Back,Stockport,Loan,out,0,Premier League,2008,2008/2009
Liverpool FC,Craig Lindfield,20,Right Midfield,Accrington,Loan,out,0,Premier League,2008,2008/2009
Liverpool FC,Péter Gulácsi,18,Goalkeeper,Hereford Utd.,Loan,out,0,Premier League,2008,2008/2009
Liverpool FC,David Martin,22,Goalkeeper,Leicester,Loan,out,0,Premier League,2008,2008/2009
Liverpool FC,Andrii Voronin,29,Second Striker,Hertha BSC,Loan,out,0,Premier League,2008,2008/2009
Liverpool FC,Krisztián Németh,19,Centre-Forward,Blackpool,Loan,out,0,Premier League,2008,2008/2009
Liverpool FC,Godwin Antwi,20,Centre-Back,Tranmere Rovers,Loan,out,0,Premier League,2008,2008/2009
Liverpool FC,Martin Kelly,18,Right-Back,Huddersfield,Loan,out,0,Premier League,2008,2008/2009
Liverpool FC,Josh Mimms,19,Goalkeeper,York City,Loan,out,0,Premier League,2008,2008/2009
Liverpool FC,Jermaine Pennant,26,Right Winger,Portsmouth,Loan,out,0,Premier League,2008,2008/2009
Liverpool FC,Jack Hobbs,19,Centre-Back,Leicester,Loan,out,0,Premier League,2008,2008/2009
Liverpool FC,Josh Mimms,19,Goalkeeper,York City,Free Transfer,out,0,Premier League,2008,2008/2009
Liverpool FC,Robbie Threlfall,19,Left-Back,Hereford Utd.,Loan,out,0,Premier League,2008,2008/2009
Liverpool FC,Steve Finnan,32,Right-Back,Espanyol,?,out,NA,Premier League,2008,2008/2009
Liverpool FC,Miki Roqué,19,Centre-Back,FC Cartagena,Loan,out,0,Premier League,2008,2008/2009
Liverpool FC,Astrit Ajdarevic,18,Central Midfield,Leicester,Loan,out,0,Premier League,2008,2008/2009
Liverpool FC,Besian Idrizaj,20,Centre-Forward,Without Club,-,out,0,Premier League,2008,2008/2009
Everton FC,Marouane Fellaini,20,Central Midfield,Standard Liège,£19.58m,in,19.58,Premier League,2008,2008/2009
Everton FC,Steven Pienaar,26,Left Winger,Bor. Dortmund,£2.48m,in,2.48,Premier League,2008,2008/2009
Everton FC,Segundo Castillo,26,Defensive Midfield,Red Star,Loan fee:£450k,in,0.45,Premier League,2008,2008/2009
Everton FC,Seamus Coleman,20,Right-Back,Sligo Rovers,£63k,in,0.063,Premier League,2008,2008/2009
Everton FC,Lars Jacobsen,28,Right-Back,1.FC Nuremberg,Free Transfer,in,0,Premier League,2008,2008/2009
Everton FC,Louis Saha,30,Centre-Forward,Man Utd,Free Transfer,in,0,Premier League,2008,2008/2009
Everton FC,Jô,21,Centre-Forward,Man City,Loan,in,0,Premier League,2008,2008/2009
Everton FC,Carlo Nash,34,Goalkeeper,Wigan,?,in,NA,Premier League,2008,2008/2009
Everton FC,John Irving,19,Centre-Back,Everton U18,-,in,0,Premier League,2008,2008/2009
Everton FC,Lukas Jutkiewicz,20,Centre-Forward,Huddersfield,"End of loanMay 1, 2009",in,0,Premier League,2008,2008/2009
Everton FC,Jack Rodwell,17,Defensive Midfield,Everton U18,-,in,0,Premier League,2008,2008/2009
Everton FC,Iain Turner,25,Goalkeeper,Nottm Forest,"End of loanMay 1, 2009",in,0,Premier League,2008,2008/2009
Everton FC,John Paul Kissock,18,Left Midfield,Everton U18,-,in,0,Premier League,2008,2008/2009
Everton FC,Aidan Downes,19,Centre-Forward,Yeovil Town,"End of loanJun 30, 2008",in,0,Premier League,2008,2008/2009
Everton FC,Andy Johnson,27,Centre-Forward,Fulham,£11.97m,out,11.97,Premier League,2008,2008/2009
Everton FC,John Paul Kissock,19,Left Midfield,Accrington,Loan,out,0,Premier League,2008,2008/2009
Everton FC,Iain Turner,25,Goalkeeper,Nottm Forest,Loan,out,0,Premier League,2008,2008/2009
Everton FC,Lukas Jutkiewicz,19,Centre-Forward,Huddersfield,Loan,out,0,Premier League,2008,2008/2009
Everton FC,Lee Carsley,34,Defensive Midfield,Birmingham,Free Transfer,out,0,Premier League,2008,2008/2009
Everton FC,John Ruddy,22,Goalkeeper,Crewe Alexandra,Loan,out,0,Premier League,2008,2008/2009
Everton FC,Stefan Wessels,29,Goalkeeper,VfL Osnabrück,Free Transfer,out,0,Premier League,2008,2008/2009
Everton FC,Paddy Boyle,21,Left-Back,Without Club,-,out,0,Premier League,2008,2008/2009
Everton FC,Steven Pienaar,26,Left Winger,Bor. Dortmund,"End of loanJun 30, 2008",out,0,Premier League,2008,2008/2009
Everton FC,Manuel Fernandes,22,Attacking Midfield,Valencia,"End of loanJun 30, 2008",out,0,Premier League,2008,2008/2009
Aston Villa,James Milner,22,Central Midfield,Newcastle,£13.50m,in,13.5,Premier League,2008,2008/2009
Aston Villa,Carlos Cuéllar,26,Centre-Back,Rangers,£9.00m,in,9,Premier League,2008,2008/2009
Aston Villa,Curtis Davies,23,Centre-Back,West Brom,£9.00m,in,9,Premier League,2008,2008/2009
Aston Villa,Steve Sidwell,25,Central Midfield,Chelsea,£5.67m,in,5.67,Premier League,2008,2008/2009
Aston Villa,Nicky Shorey,27,Left-Back,Reading,£3.96m,in,3.96,Premier League,2008,2008/2009
Aston Villa,Emile Heskey,31,Centre-Forward,Wigan,£3.33m,in,3.33,Premier League,2008,2008/2009
Aston Villa,Luke Young,29,Right-Back,Middlesbrough,£2.70m,in,2.7,Premier League,2008,2008/2009
Aston Villa,Brad Friedel,37,Goalkeeper,Blackburn,£2.25m,in,2.25,Premier League,2008,2008/2009
Aston Villa,Brad Guzan,23,Goalkeeper,Chivas USA,£900k,in,0.9,Premier League,2008,2008/2009
Aston Villa,Stuart Taylor,28,Goalkeeper,Cardiff,"End of loanMay 1, 2009",in,0,Premier League,2008,2008/2009
Aston Villa,Sam Williams,21,Centre-Forward,Brentford,"End of loanMay 1, 2009",in,0,Premier League,2008,2008/2009
Aston Villa,Barry Bannan,18,Central Midfield,Aston Villa U18,-,in,0,Premier League,2008,2008/2009
Aston Villa,Wayne Routledge,23,Left Winger,Cardiff,"End of loanJan 2, 2009",in,0,Premier League,2008,2008/2009
Aston Villa,Sam Williams,21,Centre-Forward,Walsall,"End of loanFeb 1, 2009",in,0,Premier League,2008,2008/2009
Aston Villa,Sam Williams,21,Centre-Forward,Colchester Utd.,"End of loanDec 1, 2008",in,0,Premier League,2008,2008/2009
Aston Villa,Barry Bannan,19,Central Midfield,Derby,"End of loanMay 1, 2009",in,0,Premier League,2008,2008/2009
Aston Villa,Nathan Delfouneso,17,Centre-Forward,Aston Villa U18,-,in,0,Premier League,2008,2008/2009
Aston Villa,Stephen O'Halloran,21,Left-Back,Swansea,"End of loanFeb 5, 2009",in,0,Premier League,2008,2008/2009
Aston Villa,Marlon Harewood,29,Centre-Forward,Wolves,"End of loanMay 1, 2009",in,0,Premier League,2008,2008/2009
Aston Villa,Isaiah Osbourne,21,Defensive Midfield,Nottm Forest,"End of loanMay 31, 2009",in,0,Premier League,2008,2008/2009
Aston Villa,Luke Moore,22,Centre-Forward,West Brom,"End of loanJun 30, 2008",in,0,Premier League,2008,2008/2009
Aston Villa,Luke Moore,22,Centre-Forward,West Brom,£3.38m,out,3.38,Premier League,2008,2008/2009
Aston Villa,Shaun Maloney,25,Attacking Midfield,Celtic,£2.79m,out,2.79,Premier League,2008,2008/2009
Aston Villa,Wayne Routledge,23,Left Winger,QPR,£603k,out,0.603,Premier League,2008,2008/2009
Aston Villa,Sam Williams,21,Centre-Forward,Brentford,Loan,out,0,Premier League,2008,2008/2009
Aston Villa,Marlon Harewood,29,Centre-Forward,Wolves,Loan,out,0,Premier League,2008,2008/2009
Aston Villa,Patrik Berger,34,Attacking Midfield,Sparta Praha,Free Transfer,out,0,Premier League,2008,2008/2009
Aston Villa,Sam Williams,21,Centre-Forward,Colchester Utd.,Loan,out,0,Premier League,2008,2008/2009
Aston Villa,Isaiah Osbourne,21,Defensive Midfield,Nottm Forest,Loan,out,0,Premier League,2008,2008/2009
Aston Villa,Barry Bannan,19,Central Midfield,Derby,Loan,out,0,Premier League,2008,2008/2009
Aston Villa,Wayne Routledge,23,Left Winger,Cardiff,Loan,out,0,Premier League,2008,2008/2009
Aston Villa,Sam Williams,21,Centre-Forward,Walsall,Loan,out,0,Premier League,2008,2008/2009
Aston Villa,Stuart Taylor,27,Goalkeeper,Cardiff,Loan,out,0,Premier League,2008,2008/2009
Aston Villa,Olof Mellberg,30,Centre-Back,Juventus,Free Transfer,out,0,Premier League,2008,2008/2009
Aston Villa,Thomas Sörensen,32,Goalkeeper,Stoke City,Free Transfer,out,0,Premier League,2008,2008/2009
Aston Villa,Stephen O'Halloran,20,Left-Back,Swansea,Loan,out,0,Premier League,2008,2008/2009
Aston Villa,Scott Carson,22,Goalkeeper,Liverpool,"End of loanJun 30, 2008",out,0,Premier League,2008,2008/2009
Blackburn Rovers,Paul Robinson,28,Goalkeeper,Spurs,£3.96m,in,3.96,Premier League,2008,2008/2009
Blackburn Rovers,Vince Grella,28,Central Midfield,Torino,£3.60m,in,3.6,Premier League,2008,2008/2009
Blackburn Rovers,El-Hadji Diouf,28,Centre-Forward,Sunderland,£1.98m,in,1.98,Premier League,2008,2008/2009
Blackburn Rovers,Keith Andrews,27,Central Midfield,MK Dons,£837k,in,0.837,Premier League,2008,2008/2009
Blackburn Rovers,Mark Bunn,23,Goalkeeper,Northampt. Town,£135k,in,0.135,Premier League,2008,2008/2009
Blackburn Rovers,Danny Simpson,21,Right-Back,Man Utd,Loan,in,0,Premier League,2008,2008/2009
Blackburn Rovers,Nick Blackman,19,Right Winger,Macclesfield,?,in,NA,Premier League,2008,2008/2009
Blackburn Rovers,Carlos Villanueva,22,Attacking Midfield,Audax Italiano,Loan,in,0,Premier League,2008,2008/2009
Blackburn Rovers,Gaël Givet,27,Centre-Back,Marseille,Loan,in,0,Premier League,2008,2008/2009
Blackburn Rovers,Mark Bunn,24,Goalkeeper,Leicester,"End of loanMar 1, 2009",in,0,Premier League,2008,2008/2009
Blackburn Rovers,Tony Kane,21,Right-Back,Stockport,"End of loanNov 1, 2008",in,0,Premier League,2008,2008/2009
Blackburn Rovers,Maceo Rigters,25,Centre-Forward,Barnsley FC,"End of loanMay 1, 2009",in,0,Premier League,2008,2008/2009
Blackburn Rovers,Jamie Clarke,20,Centre-Forward,Accrington,"End of loanDec 1, 2008",in,0,Premier League,2008,2008/2009
Blackburn Rovers,Andreas Arestidou,18,Goalkeeper,Blackburn U18,-,in,0,Premier League,2008,2008/2009
Blackburn Rovers,Robbie Fowler,33,Centre-Forward,Without Club,-,in,0,Premier League,2008,2008/2009
Blackburn Rovers,Frank Fielding,21,Goalkeeper,Rochdale,"End of loanMay 1, 2009",in,0,Premier League,2008,2008/2009
Blackburn Rovers,Gunnar Nielsen,22,Goalkeeper,Motherwell FC,"End of loanDec 30, 2008",in,0,Premier League,2008,2008/2009
Blackburn Rovers,Jon Bateson,19,Right-Back,Buxton FC,"End of loanDec 31, 2008",in,0,Premier League,2008,2008/2009
Blackburn Rovers,Johnny Flynn,18,Centre-Back,Blackburn U18,-,in,0,Premier League,2008,2008/2009
Blackburn Rovers,Nick Blackman,19,Right Winger,Blackpool,"End of loanMay 1, 2009",in,0,Premier League,2008,2008/2009
Blackburn Rovers,Frank Fielding,20,Goalkeeper,Northampt. Town,"End of loanNov 1, 2008",in,0,Premier League,2008,2008/2009
Blackburn Rovers,Paul Gallagher,24,Central Midfield,Plymouth,"End of loanMay 1, 2009",in,0,Premier League,2008,2008/2009
Blackburn Rovers,Rostyn Griffiths,20,Defensive Midfield,Accrington,"End of loanDec 31, 2008",in,0,Premier League,2008,2008/2009
Blackburn Rovers,Alex Marrow,18,Central Midfield,Blackburn U18,-,in,0,Premier League,2008,2008/2009
Blackburn Rovers,Alan Judge,19,Left Midfield,Blackburn U21,-,in,0,Premier League,2008,2008/2009
Blackburn Rovers,David Bentley,23,Right Midfield,Spurs,£19.80m,out,19.8,Premier League,2008,2008/2009
Blackburn Rovers,Brad Friedel,37,Goalkeeper,Aston Villa,£2.25m,out,2.25,Premier League,2008,2008/2009
Blackburn Rovers,Eddie Nolan,20,Centre-Back,Preston NE,£810k,out,0.81,Premier League,2008,2008/2009
Blackburn Rovers,Sergio Peter,22,Left Midfield,Sparta Praha,£540k,out,0.54,Premier League,2008,2008/2009
Blackburn Rovers,Matt Derbyshire,22,Centre-Forward,Olympiacos,Loan fee:£450k,out,0.45,Premier League,2008,2008/2009
Blackburn Rovers,Tony Kane,21,Right-Back,Carlisle United,Free Transfer,out,0,Premier League,2008,2008/2009
Blackburn Rovers,Jon Bateson,19,Right-Back,Buxton FC,Loan,out,0,Premier League,2008,2008/2009
Blackburn Rovers,Bruno Berner,30,Left-Back,Leicester,Free Transfer,out,0,Premier League,2008,2008/2009
Blackburn Rovers,Alan Judge,20,Left Midfield,Plymouth,Loan,out,0,Premier League,2008,2008/2009
Blackburn Rovers,Gunnar Nielsen,21,Goalkeeper,Motherwell FC,Loan,out,0,Premier League,2008,2008/2009
Blackburn Rovers,Rostyn Griffiths,20,Defensive Midfield,Adelaide United,Loan,out,0,Premier League,2008,2008/2009
Blackburn Rovers,Rostyn Griffiths,20,Defensive Midfield,Accrington,Loan,out,0,Premier League,2008,2008/2009
Blackburn Rovers,Nick Blackman,19,Right Winger,Blackpool,Loan,out,0,Premier League,2008,2008/2009
Blackburn Rovers,Maceo Rigters,24,Centre-Forward,Barnsley FC,Loan,out,0,Premier League,2008,2008/2009
Blackburn Rovers,Gunnar Nielsen,22,Goalkeeper,Man City,Free Transfer,out,0,Premier League,2008,2008/2009
Blackburn Rovers,Frank Fielding,20,Goalkeeper,Northampt. Town,Loan,out,0,Premier League,2008,2008/2009
Blackburn Rovers,Mark Bunn,24,Goalkeeper,Leicester,Loan,out,0,Premier League,2008,2008/2009
Blackburn Rovers,Tony Kane,21,Right-Back,Stockport,Loan,out,0,Premier League,2008,2008/2009
Blackburn Rovers,Rafa De Vita,20,Left Winger,Livingston FC,Free Transfer,out,0,Premier League,2008,2008/2009
Blackburn Rovers,Frank Fielding,20,Goalkeeper,Rochdale,Loan,out,0,Premier League,2008,2008/2009
Blackburn Rovers,Jamie Clarke,19,Centre-Forward,Accrington,Loan,out,0,Premier League,2008,2008/2009
Blackburn Rovers,Jamie Clarke,20,Centre-Forward,Rotherham,Free Transfer,out,0,Premier League,2008,2008/2009
Blackburn Rovers,Paul Gallagher,24,Central Midfield,Plymouth,Loan,out,0,Premier League,2008,2008/2009
Blackburn Rovers,Johann Vogel,32,Defensive Midfield,Without Club,-,out,0,Premier League,2008,2008/2009
Blackburn Rovers,Robbie Fowler,33,Centre-Forward,Without Club,-,out,0,Premier League,2008,2008/2009
Blackburn Rovers,Stéphane Henchoz,33,Centre-Back,Retired,-,out,0,Premier League,2008,2008/2009
Blackburn Rovers,Danny Simpson,22,Right-Back,Man Utd,"End of loanMay 8, 2009",out,0,Premier League,2008,2008/2009
Portsmouth FC,Peter Crouch,27,Centre-Forward,Liverpool,£12.33m,in,12.33,Premier League,2008,2008/2009
Portsmouth FC,Younès Kaboul,22,Centre-Back,Spurs,£5.63m,in,5.63,Premier League,2008,2008/2009
Portsmouth FC,Nadir Belhadj,26,Left-Back,Lens,£4.05m,in,4.05,Premier League,2008,2008/2009
Portsmouth FC,Hayden Mullins,29,Defensive Midfield,West Ham,£2.07m,in,2.07,Premier League,2008,2008/2009
Portsmouth FC,Theofanis Gekas,28,Centre-Forward,Bay. Leverkusen,Loan fee:£720k,in,0.72,Premier League,2008,2008/2009
Portsmouth FC,Pelé,21,Central Midfield,FC Porto,Loan fee:£585k,in,0.585,Premier League,2008,2008/2009
Portsmouth FC,Jerome Thomas,25,Left Winger,Charlton,Free Transfer,in,0,Premier League,2008,2008/2009
Portsmouth FC,Angelos Basinas,33,Defensive Midfield,AEK Athens,Free Transfer,in,0,Premier League,2008,2008/2009
Portsmouth FC,Ben Sahar,18,Centre-Forward,Chelsea,Loan,in,0,Premier League,2008,2008/2009
Portsmouth FC,Jermaine Pennant,26,Right Winger,Liverpool,Loan,in,0,Premier League,2008,2008/2009
Portsmouth FC,Jon Stewart,19,Goalkeeper,Weymouth FC,Free Transfer,in,0,Premier League,2008,2008/2009
Portsmouth FC,Glen Little,32,Right Winger,Reading,Free Transfer,in,0,Premier League,2008,2008/2009
Portsmouth FC,Omar Alieu Koroma,18,Centre-Forward,Hawks FC,Free Transfer,in,0,Premier League,2008,2008/2009
Portsmouth FC,Armand Traoré,18,Left-Back,Arsenal,Loan,in,0,Premier League,2008,2008/2009
Portsmouth FC,Nadir Belhadj,26,Left-Back,Lens,Loan,in,0,Premier League,2008,2008/2009
Portsmouth FC,Torric Jebrin,17,Attacking Midfield,Hearts of Oak,?,in,NA,Premier League,2008,2008/2009
Portsmouth FC,Callum Reynolds,18,Centre-Back,Portsmouth U18,-,in,0,Premier League,2008,2008/2009
Portsmouth FC,Danijel Subotic,20,Centre-Forward,Southend United,"End of loanMay 1, 2009",in,0,Premier League,2008,2008/2009
Portsmouth FC,Asmir Begovic,21,Goalkeeper,Yeovil Town,"End of loanNov 6, 2008",in,0,Premier League,2008,2008/2009
Portsmouth FC,Matt Ritchie,19,Right Midfield,Dag & Red FC,"End of loanMay 1, 2009",in,0,Premier League,2008,2008/2009
Portsmouth FC,Linvoy Primus,35,Centre-Back,Charlton,"End of loanDec 1, 2008",in,0,Premier League,2008,2008/2009
Portsmouth FC,Matt Ritchie,18,Right Midfield,Portsmouth U18,-,in,0,Premier League,2008,2008/2009
Portsmouth FC,Joel Ward,19,Right-Back,Bournemouth,"End of loanMay 31, 2009",in,0,Premier League,2008,2008/2009
Portsmouth FC,Martin Cranie,22,Centre-Back,Charlton,"End of loanDec 1, 2008",in,0,Premier League,2008,2008/2009
Portsmouth FC,Omar Alieu Koroma,19,Centre-Forward,Norwich,"End of loanDec 31, 2008",in,0,Premier League,2008,2008/2009
Portsmouth FC,Joel Ward,18,Right-Back,Portsmouth U18,-,in,0,Premier League,2008,2008/2009
Portsmouth FC,Glen Little,33,Right Winger,Reading,"End of loanMay 31, 2009",in,0,Premier League,2008,2008/2009
Portsmouth FC,Danijel Subotic,19,Centre-Forward,Zulte Waregem,"End of loanDec 1, 2008",in,0,Premier League,2008,2008/2009
Portsmouth FC,Djimi Traoré,28,Centre-Back,Stade Rennais,"End of loanJun 30, 2008",in,0,Premier League,2008,2008/2009
Portsmouth FC,Lassana Diarra,23,Defensive Midfield,Real Madrid,£18.00m,out,18,Premier League,2008,2008/2009
Portsmouth FC,Jermain Defoe,26,Centre-Forward,Spurs,£14.76m,out,14.76,Premier League,2008,2008/2009
Portsmouth FC,Sulley Muntari,23,Central Midfield,Inter,£12.60m,out,12.6,Premier League,2008,2008/2009
Portsmouth FC,Pedro Mendes,29,Defensive Midfield,Rangers,£3.38m,out,3.38,Premier League,2008,2008/2009
Portsmouth FC,Nick Jordan,18,Goalkeeper,Exeter City,Free Transfer,out,0,Premier League,2008,2008/2009
Portsmouth FC,Richard Duffy,23,Centre-Back,Millwall,Free Transfer,out,0,Premier League,2008,2008/2009
Portsmouth FC,Jean-François Christophe,20,Defensive Midfield,Southend United,Free Transfer,out,0,Premier League,2008,2008/2009
Portsmouth FC,Danijel Subotic,19,Centre-Forward,Zulte Waregem,Loan,out,0,Premier League,2008,2008/2009
Portsmouth FC,Joel Ward,18,Right-Back,Bournemouth,Loan,out,0,Premier League,2008,2008/2009
Portsmouth FC,Djimi Traoré,28,Centre-Back,Birmingham,Loan,out,0,Premier League,2008,2008/2009
Portsmouth FC,Martin Cranie,21,Centre-Back,Charlton,Loan,out,0,Premier League,2008,2008/2009
Portsmouth FC,Franck Songo'o,21,Right Winger,Real Zaragoza,Free Transfer,out,0,Premier League,2008,2008/2009
Portsmouth FC,Asmir Begovic,21,Goalkeeper,Yeovil Town,Loan,out,0,Premier League,2008,2008/2009
Portsmouth FC,Linvoy Primus,34,Centre-Back,Charlton,Loan,out,0,Premier League,2008,2008/2009
Portsmouth FC,Danijel Subotic,19,Centre-Forward,Southend United,Loan,out,0,Premier League,2008,2008/2009
Portsmouth FC,Adda Djeziri,20,Second Striker,Vendsyssel FF,Free Transfer,out,0,Premier League,2008,2008/2009
Portsmouth FC,Glen Little,33,Right Winger,Reading,Loan,out,0,Premier League,2008,2008/2009
Portsmouth FC,Matt Ritchie,18,Right Midfield,Dag & Red FC,Loan,out,0,Premier League,2008,2008/2009
Portsmouth FC,Omar Alieu Koroma,18,Centre-Forward,Norwich,Loan,out,0,Premier League,2008,2008/2009
Portsmouth FC,Camilo Muñoz,17,Defender,Hayes & Yeading,?,out,NA,Premier League,2008,2008/2009
Portsmouth FC,Jermaine Pennant,26,Right Winger,Liverpool,"End of loanMay 31, 2009",out,0,Premier League,2008,2008/2009
Portsmouth FC,Ben Sahar,19,Centre-Forward,Chelsea,"End of loanDec 1, 2008",out,0,Premier League,2008,2008/2009
Portsmouth FC,Armand Traoré,19,Left-Back,Arsenal,"End of loanMay 1, 2009",out,0,Premier League,2008,2008/2009
Portsmouth FC,Nadir Belhadj,26,Left-Back,Lens,"End of loanDec 31, 2008",out,0,Premier League,2008,2008/2009
Manchester City,Robinho,24,Second Striker,Real Madrid,£38.70m,in,38.7,Premier League,2008,2008/2009
Manchester City,Jô,21,Centre-Forward,CSKA Moscow,£21.60m,in,21.6,Premier League,2008,2008/2009
Manchester City,Nigel de Jong,24,Defensive Midfield,Hamburger SV,£16.20m,in,16.2,Premier League,2008,2008/2009
Manchester City,Craig Bellamy,29,Left Winger,West Ham,£13.95m,in,13.95,Premier League,2008,2008/2009
Manchester City,Wayne Bridge,28,Left-Back,Chelsea,£11.70m,in,11.7,Premier League,2008,2008/2009
Manchester City,Shaun Wright-Phillips,26,Right Winger,Chelsea,£10.13m,in,10.13,Premier League,2008,2008/2009
Manchester City,Shay Given,32,Goalkeeper,Newcastle,£8.10m,in,8.1,Premier League,2008,2008/2009
Manchester City,Pablo Zabaleta,23,Right-Back,Espanyol,£7.83m,in,7.83,Premier League,2008,2008/2009
Manchester City,Vincent Kompany,22,Centre-Back,Hamburger SV,£7.65m,in,7.65,Premier League,2008,2008/2009
Manchester City,Tal Ben Haim,26,Centre-Back,Chelsea,£5.76m,in,5.76,Premier League,2008,2008/2009
Manchester City,Gunnar Nielsen,22,Goalkeeper,Blackburn,Free Transfer,in,0,Premier League,2008,2008/2009
Manchester City,Gláuber,25,Centre-Back,1.FC Nuremberg,Free Transfer,in,0,Premier League,2008,2008/2009
Manchester City,John Guidetti,16,Centre-Forward,Man City U18,-,in,0,Premier League,2008,2008/2009
Manchester City,Tal Ben Haim,27,Centre-Back,Sunderland,"End of loanMay 25, 2009",in,0,Premier League,2008,2008/2009
Manchester City,Donal McDermott,18,Attacking Midfield,MK Dons,"End of loanOct 12, 2008",in,0,Premier League,2008,2008/2009
Manchester City,Daniel Sturridge,18,Centre-Forward,Man City U18,-,in,0,Premier League,2008,2008/2009
Manchester City,Donal McDermott,18,Attacking Midfield,Man City U18,-,in,0,Premier League,2008,2008/2009
Manchester City,Scott Kay,18,Central Midfield,Man City U18,-,in,0,Premier League,2008,2008/2009
Manchester City,Gunnar Nielsen,22,Goalkeeper,Wrexham,"End of loanMay 1, 2009",in,0,Premier League,2008,2008/2009
Manchester City,Ryan McGivern,18,Left-Back,Morecambe FC,"End of loanDec 1, 2008",in,0,Premier League,2008,2008/2009
Manchester City,Ryan McGivern,18,Left-Back,Man City U18,-,in,0,Premier League,2008,2008/2009
Manchester City,Vladimir Weiss,19,Left Winger,Man City Res.,-,in,0,Premier League,2008,2008/2009
Manchester City,Richard Martin,21,Goalkeeper,Burton Albion,"End of loanMay 1, 2009",in,0,Premier League,2008,2008/2009
Manchester City,Karl Moore,20,Attacking Midfield,Millwall,"End of loanDec 31, 2008",in,0,Premier League,2008,2008/2009
Manchester City,James Poole,18,Left Winger,Man City U18,-,in,0,Premier League,2008,2008/2009
Manchester City,Bernardo Corradi,32,Centre-Forward,Parma,"End of loanJun 30, 2008",in,0,Premier League,2008,2008/2009
Manchester City,Georgios Samaras,23,Left Winger,Celtic,"End of loanJun 30, 2008",in,0,Premier League,2008,2008/2009
Manchester City,Vedran Corluka,22,Centre-Back,Spurs,£12.38m,out,12.38,Premier League,2008,2008/2009
Manchester City,Rolando Bianchi,25,Centre-Forward,Torino,£6.30m,out,6.3,Premier League,2008,2008/2009
Manchester City,Andreas Isaksson,26,Goalkeeper,PSV Eindhoven,£2.52m,out,2.52,Premier League,2008,2008/2009
Manchester City,Georgios Samaras,23,Left Winger,Celtic,£2.25m,out,2.25,Premier League,2008,2008/2009
Manchester City,Matt Mills,22,Centre-Back,Doncaster,£405k,out,0.405,Premier League,2008,2008/2009
Manchester City,Geovanni,28,Attacking Midfield,Hull City,Free Transfer,out,0,Premier League,2008,2008/2009
Manchester City,Bernardo Corradi,32,Centre-Forward,Reggina,Free Transfer,out,0,Premier League,2008,2008/2009
Manchester City,Jô,21,Centre-Forward,Everton,Loan,out,0,Premier League,2008,2008/2009
Manchester City,Jihai Sun,30,Centre-Back,Sheffield Utd.,Free Transfer,out,0,Premier League,2008,2008/2009
Manchester City,Emile Mpenza,30,Centre-Forward,Plymouth,Free Transfer,out,0,Premier League,2008,2008/2009
Manchester City,Karl Moore,19,Attacking Midfield,Millwall,Loan,out,0,Premier League,2008,2008/2009
Manchester City,Tal Ben Haim,26,Centre-Back,Sunderland,Loan,out,0,Premier League,2008,2008/2009
Manchester City,Ryan McGivern,18,Left-Back,Morecambe FC,Loan,out,0,Premier League,2008,2008/2009
Manchester City,Richard Martin,21,Goalkeeper,Burton Albion,Loan,out,0,Premier League,2008,2008/2009
Manchester City,Paul Dickov,35,Centre-Forward,Leicester,Free Transfer,out,0,Premier League,2008,2008/2009
Manchester City,Donal McDermott,18,Attacking Midfield,MK Dons,Loan,out,0,Premier League,2008,2008/2009
Manchester City,Gunnar Nielsen,22,Goalkeeper,Wrexham,Loan,out,0,Premier League,2008,2008/2009
Manchester City,Nery Castillo,24,Right Winger,Shakhtar D.,"End of loanDec 31, 2008",out,0,Premier League,2008,2008/2009
West Ham United,Savio Nsereko,19,Right Winger,Brescia,£7.65m,in,7.65,Premier League,2008,2008/2009
West Ham United,Valon Behrami,23,Defensive Midfield,Lazio,£5.67m,in,5.67,Premier League,2008,2008/2009
West Ham United,David Di Michele,32,Centre-Forward,Torino,Loan fee:£630k,in,0.63,Premier League,2008,2008/2009
West Ham United,Radoslav Kovac,29,Centre-Back,Spartak Moscow,Loan fee:£450k,in,0.45,Premier League,2008,2008/2009
West Ham United,Jan Lastuvka,26,Goalkeeper,Shakhtar D.,Loan,in,0,Premier League,2008,2008/2009
West Ham United,Wálter López,22,Left-Back,River Plate,Free Transfer,in,0,Premier League,2008,2008/2009
West Ham United,Péter Kurucz,20,Goalkeeper,Újpest FC,Loan,in,0,Premier League,2008,2008/2009
West Ham United,Hérita Ilunga,26,Left-Back,Toulouse,Loan,in,0,Premier League,2008,2008/2009
West Ham United,Calum Davenport,26,Centre-Back,Sunderland,"End of loanMay 1, 2009",in,0,Premier League,2008,2008/2009
West Ham United,Jack Jeffery,19,Midfielder,Leyton Orient,"End of loanNov 1, 2008",in,0,Premier League,2008,2008/2009
West Ham United,Marek Stech,19,Goalkeeper,Wycombe,"End of loanMay 31, 2009",in,0,Premier League,2008,2008/2009
West Ham United,Kyel Reid,21,Left Winger,Blackpool,"End of loanDec 1, 2008",in,0,Premier League,2008,2008/2009
West Ham United,Junior Stanislas,18,Left Winger,West Ham U18,-,in,0,Premier League,2008,2008/2009
West Ham United,Terry Dixon,19,Centre-Forward,Without Club,-,in,0,Premier League,2008,2008/2009
West Ham United,Kyel Reid,21,Left Winger,Wolves,"End of loanMay 1, 2009",in,0,Premier League,2008,2008/2009
West Ham United,Diego Tristán,32,Centre-Forward,Without Club,-,in,0,Premier League,2008,2008/2009
West Ham United,Jordan Spence,19,Right-Back,Leyton Orient,"End of loanMay 31, 2009",in,0,Premier League,2008,2008/2009
West Ham United,Nigel Quashie,30,Central Midfield,Birmingham,"End of loanDec 1, 2008",in,0,Premier League,2008,2008/2009
West Ham United,Carlos Tévez,25,Second Striker,Man Utd,"End of loanJun 30, 2009",in,0,Premier League,2008,2008/2009
West Ham United,Jordan Spence,18,Right-Back,West Ham U18,-,in,0,Premier League,2008,2008/2009
West Ham United,Junior Stanislas,19,Left Winger,Southend United,"End of loanJan 18, 2009",in,0,Premier League,2008,2008/2009
West Ham United,Jimmy Walker,35,Goalkeeper,Colchester Utd.,"End of loanMar 1, 2009",in,0,Premier League,2008,2008/2009
West Ham United,Nigel Quashie,30,Central Midfield,Wolves,"End of loanMay 1, 2009",in,0,Premier League,2008,2008/2009
West Ham United,James Tomkins,19,Centre-Back,Derby,"End of loanDec 31, 2008",in,0,Premier League,2008,2008/2009
West Ham United,Lee Bowyer,32,Central Midfield,Birmingham,"End of loanMay 1, 2009",in,0,Premier League,2008,2008/2009
West Ham United,Marek Stech,18,Goalkeeper,West Ham U18,-,in,0,Premier League,2008,2008/2009
West Ham United,Lorcan Fitzgerald,19,Left-Back,West Ham U18,-,in,0,Premier League,2008,2008/2009
West Ham United,Javier Mascherano,24,Defensive Midfield,Liverpool,£20.25m,out,20.25,Premier League,2008,2008/2009
West Ham United,Craig Bellamy,29,Left Winger,Man City,£13.95m,out,13.95,Premier League,2008,2008/2009
West Ham United,Anton Ferdinand,23,Centre-Back,Sunderland,£9.00m,out,9,Premier League,2008,2008/2009
West Ham United,George McCartney,27,Left-Back,Sunderland,£4.95m,out,4.95,Premier League,2008,2008/2009
West Ham United,Bobby Zamora,27,Centre-Forward,Fulham,£3.69m,out,3.69,Premier League,2008,2008/2009
West Ham United,John Paintsil,27,Right-Back,Fulham,£3.42m,out,3.42,Premier League,2008,2008/2009
West Ham United,Matthew Etherington,27,Left Midfield,Stoke City,£2.70m,out,2.7,Premier League,2008,2008/2009
West Ham United,Hayden Mullins,29,Defensive Midfield,Portsmouth,£2.07m,out,2.07,Premier League,2008,2008/2009
West Ham United,Julien Faubert,25,Defensive Midfield,Real Madrid,Loan fee:£1.35m,out,1.35,Premier League,2008,2008/2009
West Ham United,Richard Wright,30,Goalkeeper,Ipswich,£567k,out,0.567,Premier League,2008,2008/2009
West Ham United,Jack Jeffery,19,Midfielder,Leyton Orient,Loan,out,0,Premier League,2008,2008/2009
West Ham United,Kyel Reid,20,Left Winger,Blackpool,Loan,out,0,Premier League,2008,2008/2009
West Ham United,Tony Stokes,22,Central Midfield,Újpest FC,Free Transfer,out,0,Premier League,2008,2008/2009
West Ham United,Junior Stanislas,19,Left Winger,Southend United,Loan,out,0,Premier League,2008,2008/2009
West Ham United,Kyel Reid,21,Left Winger,Wolves,Loan,out,0,Premier League,2008,2008/2009
West Ham United,Jordan Spence,18,Right-Back,Leyton Orient,Loan,out,0,Premier League,2008,2008/2009
West Ham United,Calum Davenport,26,Centre-Back,Sunderland,Loan,out,0,Premier League,2008,2008/2009
West Ham United,Jimmy Walker,35,Goalkeeper,Colchester Utd.,Loan,out,0,Premier League,2008,2008/2009
West Ham United,Nolberto Solano,33,Right Midfield,AE Larisa,Free Transfer,out,0,Premier League,2008,2008/2009
West Ham United,Lee Bowyer,31,Central Midfield,Birmingham,Loan,out,0,Premier League,2008,2008/2009
West Ham United,Nigel Quashie,30,Central Midfield,Wolves,Loan,out,0,Premier League,2008,2008/2009
West Ham United,Nigel Quashie,30,Central Midfield,Birmingham,Loan,out,0,Premier League,2008,2008/2009
West Ham United,Lorcan Fitzgerald,19,Left-Back,Sporting Fingal,Free Transfer,out,0,Premier League,2008,2008/2009
West Ham United,James Tomkins,19,Centre-Back,Derby,Loan,out,0,Premier League,2008,2008/2009
West Ham United,Marek Stech,19,Goalkeeper,Wycombe,Loan,out,0,Premier League,2008,2008/2009
West Ham United,Freddie Ljungberg,31,Attacking Midfield,Without Club,-,out,0,Premier League,2008,2008/2009
Tottenham Hotspur,David Bentley,23,Right Midfield,Blackburn,£19.80m,in,19.8,Premier League,2008,2008/2009
Tottenham Hotspur,Luka Modric,22,Central Midfield,Dinamo Zagreb,£18.90m,in,18.9,Premier League,2008,2008/2009
Tottenham Hotspur,Roman Pavlyuchenko,26,Centre-Forward,Spartak Moscow,£15.66m,in,15.66,Premier League,2008,2008/2009
Tottenham Hotspur,Robbie Keane,28,Centre-Forward,Liverpool,£15.03m,in,15.03,Premier League,2008,2008/2009
Tottenham Hotspur,Jermain Defoe,26,Centre-Forward,Portsmouth,£14.76m,in,14.76,Premier League,2008,2008/2009
Tottenham Hotspur,Wilson Palacios,24,Defensive Midfield,Wigan,£13.50m,in,13.5,Premier League,2008,2008/2009
Tottenham Hotspur,Vedran Corluka,22,Centre-Back,Man City,£12.38m,in,12.38,Premier League,2008,2008/2009
Tottenham Hotspur,Heurelho Gomes,27,Goalkeeper,PSV Eindhoven,£8.10m,in,8.1,Premier League,2008,2008/2009
Tottenham Hotspur,Giovani dos Santos,19,Second Striker,FC Barcelona,£5.40m,in,5.4,Premier League,2008,2008/2009
Tottenham Hotspur,Pascal Chimbonda,29,Right-Back,Sunderland,£2.88m,in,2.88,Premier League,2008,2008/2009
Tottenham Hotspur,John Bostock,16,Central Midfield,Crystal Palace,£1.80m,in,1.8,Premier League,2008,2008/2009
Tottenham Hotspur,Carlo Cudicini,35,Goalkeeper,Chelsea,Free Transfer,in,0,Premier League,2008,2008/2009
Tottenham Hotspur,César Sánchez,36,Goalkeeper,Real Zaragoza,Free Transfer,in,0,Premier League,2008,2008/2009
Tottenham Hotspur,Fraizer Campbell,20,Centre-Forward,Man Utd,Loan,in,0,Premier League,2008,2008/2009
Tottenham Hotspur,Ben Alnwick,21,Goalkeeper,Carlisle United,"End of loanNov 1, 2008",in,0,Premier League,2008,2008/2009
Tottenham Hotspur,Simon Dawkins,21,Left Winger,Leyton Orient,"End of loanDec 31, 2008",in,0,Premier League,2008,2008/2009
Tottenham Hotspur,David Button,19,Goalkeeper,Bournemouth,"End of loanFeb 16, 2009",in,0,Premier League,2008,2008/2009
Tottenham Hotspur,David Hutton,18,Midfielder,Tottenham U18,-,in,0,Premier League,2008,2008/2009
Tottenham Hotspur,Chris Gunter,19,Right-Back,Nottm Forest,"End of loanMay 31, 2009",in,0,Premier League,2008,2008/2009
Tottenham Hotspur,Adam Smith,17,Right-Back,Tottenham U18,-,in,0,Premier League,2008,2008/2009
Tottenham Hotspur,Adel Taarabt,20,Attacking Midfield,QPR,"End of loanMay 31, 2009",in,0,Premier League,2008,2008/2009
Tottenham Hotspur,Tomas Pekhart,19,Centre-Forward,Tottenham U21,-,in,0,Premier League,2008,2008/2009
Tottenham Hotspur,Charlie Daniels,21,Left-Back,Gillingham FC,"End of loanSep 1, 2008",in,0,Premier League,2008,2008/2009
Tottenham Hotspur,Tomas Pekhart,19,Centre-Forward,Southampton,"End of loanDec 1, 2008",in,0,Premier League,2008,2008/2009
Tottenham Hotspur,Danny Hutchins,18,Right-Back,Tottenham U18,-,in,0,Premier League,2008,2008/2009
Tottenham Hotspur,Lee Butcher,20,Goalkeeper,St. Albans City,"End of loanApr 10, 2009",in,0,Premier League,2008,2008/2009
Tottenham Hotspur,Jonathan Obika,17,Centre-Forward,Tottenham U18,-,in,0,Premier League,2008,2008/2009
Tottenham Hotspur,Dorian Dervite,20,Centre-Back,Southend United,"End of loanMay 1, 2009",in,0,Premier League,2008,2008/2009
Tottenham Hotspur,Jonathan Obika,18,Centre-Forward,Yeovil Town,"End of loanMay 31, 2009",in,0,Premier League,2008,2008/2009
Tottenham Hotspur,David Button,19,Goalkeeper,Grays Athletic FC,"End of loanDec 21, 2008",in,0,Premier League,2008,2008/2009
Tottenham Hotspur,Andy Barcham,22,Left Winger,Gillingham FC,"End of loanJan 1, 2009",in,0,Premier League,2008,2008/2009
Tottenham Hotspur,Leigh Mills,20,Centre-Back,Gillingham FC,"End of loanDec 31, 2008",in,0,Premier League,2008,2008/2009
Tottenham Hotspur,David Button,20,Goalkeeper,Luton Town,"End of loanApr 6, 2009",in,0,Premier League,2008,2008/2009
Tottenham Hotspur,Cian Hughton,19,Right-Back,Tottenham U18,-,in,0,Premier League,2008,2008/2009
Tottenham Hotspur,Danny Rose,18,Left-Back,Watford,"End of loanMay 31, 2009",in,0,Premier League,2008,2008/2009
Tottenham Hotspur,Andros Townsend,16,Right Winger,Tottenham U18,-,in,0,Premier League,2008,2008/2009
Tottenham Hotspur,Andros Townsend,17,Right Winger,Yeovil Town,"End of loanMay 1, 2009",in,0,Premier League,2008,2008/2009
Tottenham Hotspur,Hossam Ghaly,26,Central Midfield,Derby,"End of loanJun 30, 2008",in,0,Premier League,2008,2008/2009
Tottenham Hotspur,Dimitar Berbatov,27,Centre-Forward,Man Utd,£34.20m,out,34.2,Premier League,2008,2008/2009
Tottenham Hotspur,Robbie Keane,28,Centre-Forward,Liverpool,£21.60m,out,21.6,Premier League,2008,2008/2009
Tottenham Hotspur,Younès Kaboul,22,Centre-Back,Portsmouth,£5.63m,out,5.63,Premier League,2008,2008/2009
Tottenham Hotspur,Steed Malbranque,28,Central Midfield,Sunderland,£4.50m,out,4.5,Premier League,2008,2008/2009
Tottenham Hotspur,Paul Robinson,28,Goalkeeper,Blackburn,£3.96m,out,3.96,Premier League,2008,2008/2009
Tottenham Hotspur,Anthony Gardner,26,Centre-Back,Hull City,£2.88m,out,2.88,Premier League,2008,2008/2009
Tottenham Hotspur,Pascal Chimbonda,29,Right-Back,Sunderland,£2.88m,out,2.88,Premier League,2008,2008/2009
Tottenham Hotspur,Teemu Tainio,28,Defensive Midfield,Sunderland,£2.70m,out,2.7,Premier League,2008,2008/2009
Tottenham Hotspur,Yeong-pyo Lee,31,Left-Back,Bor. Dortmund,£450k,out,0.45,Premier League,2008,2008/2009
Tottenham Hotspur,Tommy Forecast,21,Goalkeeper,Southampton,£360k,out,0.36,Premier League,2008,2008/2009
Tottenham Hotspur,Kevin-Prince Boateng,21,Centre-Forward,Bor. Dortmund,Loan fee:£90k,out,0.09,Premier League,2008,2008/2009
Tottenham Hotspur,Paul Stalteri,31,Right-Back,Bor. M'gladbach,Free Transfer,out,0,Premier League,2008,2008/2009
Tottenham Hotspur,Jonathan Obika,18,Centre-Forward,Yeovil Town,Loan,out,0,Premier League,2008,2008/2009
Tottenham Hotspur,David Button,19,Goalkeeper,Bournemouth,Loan,out,0,Premier League,2008,2008/2009
Tottenham Hotspur,Lee Butcher,20,Goalkeeper,Grays Athletic FC,Loan,out,0,Premier League,2008,2008/2009
Tottenham Hotspur,Andy Barcham,22,Left Winger,Gillingham FC,Free Transfer,out,0,Premier League,2008,2008/2009
Tottenham Hotspur,Ben Alnwick,21,Goalkeeper,Carlisle United,Loan,out,0,Premier League,2008,2008/2009
Tottenham Hotspur,Chris Gunter,19,Right-Back,Nottm Forest,Loan,out,0,Premier League,2008,2008/2009
Tottenham Hotspur,Danny Rose,18,Left-Back,Watford,Loan,out,0,Premier League,2008,2008/2009
Tottenham Hotspur,Andros Townsend,17,Right Winger,Yeovil Town,Loan,out,0,Premier League,2008,2008/2009
Tottenham Hotspur,Tomas Pekhart,19,Centre-Forward,Southampton,Loan,out,0,Premier League,2008,2008/2009
Tottenham Hotspur,Dorian Dervite,20,Centre-Back,Southend United,Loan,out,0,Premier League,2008,2008/2009
Tottenham Hotspur,Radek Cerny,34,Goalkeeper,QPR,Free Transfer,out,0,Premier League,2008,2008/2009
Tottenham Hotspur,Andy Barcham,21,Left Winger,Gillingham FC,Loan,out,0,Premier League,2008,2008/2009
Tottenham Hotspur,David Button,20,Goalkeeper,Luton Town,Loan,out,0,Premier League,2008,2008/2009
Tottenham Hotspur,Giovani dos Santos,19,Second Striker,Ipswich,Loan,out,0,Premier League,2008,2008/2009
Tottenham Hotspur,Leigh Mills,20,Centre-Back,Gillingham FC,Loan,out,0,Premier League,2008,2008/2009
Tottenham Hotspur,Charlie Daniels,22,Left-Back,Leyton Orient,Free Transfer,out,0,Premier League,2008,2008/2009
Tottenham Hotspur,David Hutton,19,Midfielder,Cheltenham Town,Loan,out,0,Premier League,2008,2008/2009
Tottenham Hotspur,Charlie Daniels,21,Left-Back,Gillingham FC,Loan,out,0,Premier League,2008,2008/2009
Tottenham Hotspur,César Sánchez,37,Goalkeeper,Valencia,Free Transfer,out,0,Premier League,2008,2008/2009
Tottenham Hotspur,David Button,20,Goalkeeper,Dag & Red FC,Loan,out,0,Premier League,2008,2008/2009
Tottenham Hotspur,David Button,19,Goalkeeper,Grays Athletic FC,Loan,out,0,Premier League,2008,2008/2009
Tottenham Hotspur,Hossam Ghaly,27,Central Midfield,Al-Nassr,Free Transfer,out,0,Premier League,2008,2008/2009
Tottenham Hotspur,Danny Hutchins,19,Right-Back,Yeovil Town,Free Transfer,out,0,Premier League,2008,2008/2009
Tottenham Hotspur,Adel Taarabt,19,Attacking Midfield,QPR,Loan,out,0,Premier League,2008,2008/2009
Tottenham Hotspur,Tomas Pekhart,19,Centre-Forward,Slavia Prag,Loan,out,0,Premier League,2008,2008/2009
Tottenham Hotspur,Simon Dawkins,20,Left Winger,Leyton Orient,Loan,out,0,Premier League,2008,2008/2009
Tottenham Hotspur,Leigh Mills,20,Centre-Back,Without Club,-,out,0,Premier League,2008,2008/2009
Newcastle United,Fabricio Coloccini,26,Centre-Back,Dep. La Coruña,£11.70m,in,11.7,Premier League,2008,2008/2009
Newcastle United,Jonás Gutiérrez,24,Central Midfield,RCD Mallorca,£5.22m,in,5.22,Premier League,2008,2008/2009
Newcastle United,Xisco,22,Centre-Forward,Dep. La Coruña,£5.11m,in,5.11,Premier League,2008,2008/2009
Newcastle United,Kevin Nolan,26,Attacking Midfield,Bolton,£4.05m,in,4.05,Premier League,2008,2008/2009
Newcastle United,Danny Guthrie,21,Central Midfield,Liverpool,£3.87m,in,3.87,Premier League,2008,2008/2009
Newcastle United,Sébastien Bassong,21,Centre-Back,FC Metz,£1.62m,in,1.62,Premier League,2008,2008/2009
Newcastle United,Haris Vuckic,16,Attacking Midfield,NK Domzale,£90k,in,0.09,Premier League,2008,2008/2009
Newcastle United,Ignacio González,26,Attacking Midfield,Valencia,Loan,in,0,Premier League,2008,2008/2009
Newcastle United,Peter Lövenkrands,28,Centre-Forward,FC Schalke 04,Free Transfer,in,0,Premier League,2008,2008/2009
Newcastle United,Ryan Taylor,24,Right-Back,Wigan,?,in,NA,Premier League,2008,2008/2009
Newcastle United,Kazenga LuaLua,18,Left Winger,Doncaster,"End of loanMay 31, 2009",in,0,Premier League,2008,2008/2009
Newcastle United,Wesley Ngo Baheng,18,Centre-Forward,Newcastle U18,-,in,0,Premier League,2008,2008/2009
Newcastle United,Kazenga LuaLua,18,Left Winger,Newcastle U18,-,in,0,Premier League,2008,2008/2009
Newcastle United,Mark Doninger,18,Attacking Midfield,Newcastle U18,-,in,0,Premier League,2008,2008/2009
Newcastle United,Fraser Forster,20,Goalkeeper,Stockport,"End of loanDec 31, 2008",in,0,Premier League,2008,2008/2009
Newcastle United,Conor Newton,16,Central Midfield,Newcastle U18,-,in,0,Premier League,2008,2008/2009
Newcastle United,Ole Söderberg,17,Goalkeeper,Newcastle U18,-,in,0,Premier League,2008,2008/2009
Newcastle United,Jonny Godsmark,18,Midfielder,Newcastle U18,-,in,0,Premier League,2008,2008/2009
Newcastle United,Jeff Henderson,16,Centre-Back,Newcastle U18,-,in,0,Premier League,2008,2008/2009
Newcastle United,Tim Krul,20,Goalkeeper,Carlisle United,"End of loanJan 21, 2009",in,0,Premier League,2008,2008/2009
Newcastle United,Tim Krul,20,Goalkeeper,Newcastle U23,-,in,0,Premier League,2008,2008/2009
Newcastle United,Ryan Donaldson,17,Attacking Midfield,Newcastle U18,-,in,0,Premier League,2008,2008/2009
Newcastle United,Phil Airey,17,Centre-Forward,Newcastle U18,-,in,0,Premier League,2008,2008/2009
Newcastle United,David Rozehnal,27,Centre-Back,Lazio,"End of loanJun 30, 2008",in,0,Premier League,2008,2008/2009
Newcastle United,James Milner,22,Central Midfield,Aston Villa,£13.50m,out,13.5,Premier League,2008,2008/2009
Newcastle United,Shay Given,32,Goalkeeper,Man City,£8.10m,out,8.1,Premier League,2008,2008/2009
Newcastle United,Charles N'Zogbia,22,Right Winger,Wigan,£5.76m,out,5.76,Premier League,2008,2008/2009
Newcastle United,Emre Belözoglu,27,Central Midfield,Fenerbahce,£4.05m,out,4.05,Premier League,2008,2008/2009
Newcastle United,David Rozehnal,27,Centre-Back,Lazio,£3.24m,out,3.24,Premier League,2008,2008/2009
Newcastle United,Abdoulaye Fayé,30,Centre-Back,Stoke City,£2.61m,out,2.61,Premier League,2008,2008/2009
Newcastle United,Tim Krul,20,Goalkeeper,Carlisle United,Loan,out,0,Premier League,2008,2008/2009
Newcastle United,Fabio Zamblera,18,Centre-Forward,Sampdoria U19,Loan,out,0,Premier League,2008,2008/2009
Newcastle United,Peter Ramage,24,Centre-Back,QPR,Free Transfer,out,0,Premier League,2008,2008/2009
Newcastle United,Fraser Forster,20,Goalkeeper,Stockport,Loan,out,0,Premier League,2008,2008/2009
Newcastle United,Kazenga LuaLua,18,Left Winger,Doncaster,Loan,out,0,Premier League,2008,2008/2009
Newcastle United,Mark Cook,19,Goalkeeper,Hartlepool Utd.,Free Transfer,out,0,Premier League,2008,2008/2009
Newcastle United,James Troisi,20,Attacking Midfield,Genclerbirligi,Free Transfer,out,0,Premier League,2008,2008/2009
Newcastle United,Stephen Carr,31,Right-Back,Career break,-,out,0,Premier League,2008,2008/2009
Newcastle United,Lamine Diatta,32,Centre-Back,Without Club,-,out,0,Premier League,2008,2008/2009
Middlesbrough FC,Didier Digard,21,Defensive Midfield,Paris SG,£4.50m,in,4.5,Premier League,2008,2008/2009
Middlesbrough FC,Marvin Emnes,20,Centre-Forward,Sparta R.,£3.60m,in,3.6,Premier League,2008,2008/2009
Middlesbrough FC,Justin Hoyte,23,Right-Back,Arsenal,£3.42m,in,3.42,Premier League,2008,2008/2009
Middlesbrough FC,Marlon King,28,Centre-Forward,Wigan,Loan,in,0,Premier League,2008,2008/2009
Middlesbrough FC,Jonathan Grounds,21,Left-Back,Norwich,"End of loanMar 1, 2009",in,0,Premier League,2008,2008/2009
Middlesbrough FC,Seb Hines,20,Centre-Back,Derby,"End of loanDec 31, 2008",in,0,Premier League,2008,2008/2009
Middlesbrough FC,Graeme Owens,21,Right Winger,Blackpool,"End of loanMay 1, 2009",in,0,Premier League,2008,2008/2009
Middlesbrough FC,Jason Steele,17,Goalkeeper,Boro U18,-,in,0,Premier League,2008,2008/2009
Middlesbrough FC,John Johnson,20,Centre-Back,Boro U21,-,in,0,Premier League,2008,2008/2009
Middlesbrough FC,Jonathan Franks,18,Left Winger,Boro U18,-,in,0,Premier League,2008,2008/2009
Middlesbrough FC,John Johnson,20,Centre-Back,Tranmere Rovers,"End of loanJan 1, 2009",in,0,Premier League,2008,2008/2009
Middlesbrough FC,Tony McMahon,22,Right-Back,Sheff Wed,"End of loanDec 1, 2008",in,0,Premier League,2008,2008/2009
Middlesbrough FC,Rhys Williams,20,Centre-Back,Burnley,"End of loanMay 4, 2009",in,0,Premier League,2008,2008/2009
Middlesbrough FC,Rhys Williams,19,Centre-Back,Boro U21,-,in,0,Premier League,2008,2008/2009
Middlesbrough FC,Joe Bennett,18,Left-Back,Boro U18,-,in,0,Premier League,2008,2008/2009
Middlesbrough FC,Jonathan Grounds,20,Left-Back,Norwich,"End of loanOct 1, 2008",in,0,Premier League,2008,2008/2009
Middlesbrough FC,Seb Hines,20,Centre-Back,Oldham Athletic,"End of loanMar 1, 2009",in,0,Premier League,2008,2008/2009
Middlesbrough FC,Mido,26,Centre-Forward,Wigan,"End of loanMay 1, 2009",in,0,Premier League,2008,2008/2009
Middlesbrough FC,Nathan Porritt,18,Midfielder,Boro U18,-,in,0,Premier League,2008,2008/2009
Middlesbrough FC,Lee Cattermole,20,Defensive Midfield,Wigan,£3.96m,out,3.96,Premier League,2008,2008/2009
Middlesbrough FC,Luke Young,29,Right-Back,Aston Villa,£2.70m,out,2.7,Premier League,2008,2008/2009
Middlesbrough FC,George Boateng,32,Defensive Midfield,Hull City,£1.08m,out,1.08,Premier League,2008,2008/2009
Middlesbrough FC,Tom Craddock,21,Centre-Forward,Luton Town,£108k,out,0.108,Premier League,2008,2008/2009
Middlesbrough FC,John Johnson,20,Centre-Back,Tranmere Rovers,Loan,out,0,Premier League,2008,2008/2009
Middlesbrough FC,Mido,25,Centre-Forward,Wigan,Loan,out,0,Premier League,2008,2008/2009
Middlesbrough FC,Mark Schwarzer,35,Goalkeeper,Fulham,Free Transfer,out,0,Premier League,2008,2008/2009
Middlesbrough FC,Graeme Owens,20,Right Winger,Blackpool,Loan,out,0,Premier League,2008,2008/2009
Middlesbrough FC,Seb Hines,20,Centre-Back,Oldham Athletic,Loan,out,0,Premier League,2008,2008/2009
Middlesbrough FC,Dong-guk Lee,29,Centre-Forward,Seongnam Ilhwa,Free Transfer,out,0,Premier League,2008,2008/2009
Middlesbrough FC,Jonathan Grounds,20,Left-Back,Norwich,Loan,out,0,Premier League,2008,2008/2009
Middlesbrough FC,Jonathan Grounds,20,Left-Back,Norwich,Loan,out,0,Premier League,2008,2008/2009
Middlesbrough FC,Seb Hines,20,Centre-Back,Derby,Loan,out,0,Premier League,2008,2008/2009
Middlesbrough FC,Rhys Williams,20,Centre-Back,Burnley,Loan,out,0,Premier League,2008,2008/2009
Middlesbrough FC,Fábio Rochemback,26,Central Midfield,Sporting CP,Free Transfer,out,0,Premier League,2008,2008/2009
Middlesbrough FC,Tony McMahon,22,Right-Back,Sheff Wed,Loan,out,0,Premier League,2008,2008/2009
Middlesbrough FC,Gaizka Mendieta,34,Right Midfield,Retired,-,out,0,Premier League,2008,2008/2009
Wigan Athletic,Charles N'Zogbia,22,Right Winger,Newcastle,£5.76m,in,5.76,Premier League,2008,2008/2009
Wigan Athletic,Hugo Rodallega,23,Centre-Forward,Necaxa,£4.32m,in,4.32,Premier League,2008,2008/2009
Wigan Athletic,Olivier Kapo,27,Attacking Midfield,Birmingham,£3.96m,in,3.96,Premier League,2008,2008/2009
Wigan Athletic,Lee Cattermole,20,Defensive Midfield,Middlesbrough,£3.96m,in,3.96,Premier League,2008,2008/2009
Wigan Athletic,Ben Watson,23,Central Midfield,Crystal Palace,£1.89m,in,1.89,Premier League,2008,2008/2009
Wigan Athletic,Amr Zaki,25,Centre-Forward,Zamalek,Loan fee:£1.80m,in,1.8,Premier League,2008,2008/2009
Wigan Athletic,Mido,25,Centre-Forward,Middlesbrough,Loan,in,0,Premier League,2008,2008/2009
Wigan Athletic,Daniël de Ridder,24,Left Winger,Birmingham,Free Transfer,in,0,Premier League,2008,2008/2009
Wigan Athletic,Richard Kingson,30,Goalkeeper,Birmingham,Free Transfer,in,0,Premier League,2008,2008/2009
Wigan Athletic,Won-heui Jo,25,Defensive Midfield,Suwon Bluewings,?,in,NA,Premier League,2008,2008/2009
Wigan Athletic,Maynor Figueroa,25,Left-Back,Olimpia,?,in,NA,Premier League,2008,2008/2009
Wigan Athletic,Henri Camara,31,Centre-Forward,Stoke City,"End of loanMay 1, 2009",in,0,Premier League,2008,2008/2009
Wigan Athletic,Luke Ashworth,18,Centre-Back,Leyton Orient,"End of loanOct 22, 2008",in,0,Premier League,2008,2008/2009
Wigan Athletic,Antoine Sibierski,34,Attacking Midfield,Norwich,"End of loanJan 11, 2009",in,0,Premier League,2008,2008/2009
Wigan Athletic,Craig Mahon,19,Left Winger,Accrington,"End of loanDec 27, 2008",in,0,Premier League,2008,2008/2009
Wigan Athletic,Craig Mahon,19,Left Winger,Wigan U18,-,in,0,Premier League,2008,2008/2009
Wigan Athletic,Marlon King,28,Centre-Forward,Hull City,"End of loanDec 31, 2008",in,0,Premier League,2008,2008/2009
Wigan Athletic,Lewis Montrose,20,Central Midfield,Cheltenham Town,"End of loanFeb 1, 2009",in,0,Premier League,2008,2008/2009
Wigan Athletic,Lewis Montrose,20,Central Midfield,Chesterfield FC,"End of loanMay 1, 2009",in,0,Premier League,2008,2008/2009
Wigan Athletic,Luke Ashworth,18,Centre-Back,Wigan U18,-,in,0,Premier League,2008,2008/2009
Wigan Athletic,Lewis Montrose,19,Central Midfield,Cheltenham Town,"End of loanNov 1, 2008",in,0,Premier League,2008,2008/2009
Wigan Athletic,Wilson Palacios,24,Defensive Midfield,Spurs,£13.50m,out,13.5,Premier League,2008,2008/2009
Wigan Athletic,Emile Heskey,31,Centre-Forward,Aston Villa,£3.33m,out,3.33,Premier League,2008,2008/2009
Wigan Athletic,David Cotterill,20,Right Winger,Sheffield Utd.,£2.34m,out,2.34,Premier League,2008,2008/2009
Wigan Athletic,Julius Aghahowa,26,Centre-Forward,Kayserispor,£900k,out,0.9,Premier League,2008,2008/2009
Wigan Athletic,Andreas Granqvist,23,Centre-Back,FC Groningen,£900k,out,0.9,Premier League,2008,2008/2009
Wigan Athletic,Kevin Kilbane,31,Left Midfield,Hull City,£495k,out,0.495,Premier League,2008,2008/2009
Wigan Athletic,Andy Webster,26,Centre-Back,Rangers,£315k,out,0.315,Premier League,2008,2008/2009
Wigan Athletic,Henri Camara,31,Centre-Forward,Stoke City,Loan,out,0,Premier League,2008,2008/2009
Wigan Athletic,Antoine Sibierski,34,Attacking Midfield,Norwich,Loan,out,0,Premier League,2008,2008/2009
Wigan Athletic,Salomon Olembé,27,Left Midfield,Kayserispor,Free Transfer,out,0,Premier League,2008,2008/2009
Wigan Athletic,Luke Ashworth,19,Centre-Back,Leyton Orient,Free Transfer,out,0,Premier League,2008,2008/2009
Wigan Athletic,Marlon King,28,Centre-Forward,Middlesbrough,Loan,out,0,Premier League,2008,2008/2009
Wigan Athletic,Marlon King,28,Centre-Forward,Hull City,Loan,out,0,Premier League,2008,2008/2009
Wigan Athletic,Lewis Montrose,20,Central Midfield,Cheltenham Town,Loan,out,0,Premier League,2008,2008/2009
Wigan Athletic,Luke Ashworth,18,Centre-Back,Leyton Orient,Loan,out,0,Premier League,2008,2008/2009
Wigan Athletic,Craig Mahon,19,Left Winger,Accrington,Loan,out,0,Premier League,2008,2008/2009
Wigan Athletic,Peter Moore,19,Centre-Back,Northwich Victoria,Free Transfer,out,0,Premier League,2008,2008/2009
Wigan Athletic,Lewis Montrose,20,Central Midfield,Chesterfield FC,Loan,out,0,Premier League,2008,2008/2009
Wigan Athletic,Lewis Montrose,19,Central Midfield,Cheltenham Town,Loan,out,0,Premier League,2008,2008/2009
Wigan Athletic,Josip Skoko,32,Central Midfield,Hajduk Split,Free Transfer,out,0,Premier League,2008,2008/2009
Wigan Athletic,Rachid Bouaouzan,24,Left Midfield,NEC Nijmegen,Loan,out,0,Premier League,2008,2008/2009
Wigan Athletic,Russell Saunders,19,Goalkeeper,Stalybridge II,?,out,NA,Premier League,2008,2008/2009
Wigan Athletic,Ryan Taylor,24,Right-Back,Newcastle,?,out,NA,Premier League,2008,2008/2009
Wigan Athletic,Carlo Nash,34,Goalkeeper,Everton,?,out,NA,Premier League,2008,2008/2009
Wigan Athletic,Maynor Figueroa,25,Left-Back,Olimpia,"End of loanDec 31, 2008",out,0,Premier League,2008,2008/2009
Wigan Athletic,Mido,26,Centre-Forward,Middlesbrough,"End of loanMay 1, 2009",out,0,Premier League,2008,2008/2009
Wigan Athletic,Peter Moore,19,Centre-Back,Northwich Victoria,,out,NA,Premier League,2008,2008/2009
Sunderland AFC,Anton Ferdinand,23,Centre-Back,West Ham,£9.00m,in,9,Premier League,2008,2008/2009
Sunderland AFC,George McCartney,27,Left-Back,West Ham,£4.95m,in,4.95,Premier League,2008,2008/2009
Sunderland AFC,Steed Malbranque,28,Central Midfield,Spurs,£4.50m,in,4.5,Premier League,2008,2008/2009
Sunderland AFC,Pascal Chimbonda,29,Right-Back,Spurs,£2.88m,in,2.88,Premier League,2008,2008/2009
Sunderland AFC,El-Hadji Diouf,27,Centre-Forward,Bolton,£2.88m,in,2.88,Premier League,2008,2008/2009
Sunderland AFC,Teemu Tainio,28,Defensive Midfield,Spurs,£2.70m,in,2.7,Premier League,2008,2008/2009
Sunderland AFC,David Healy,29,Centre-Forward,Fulham,£1.35m,in,1.35,Premier League,2008,2008/2009
Sunderland AFC,Djibril Cissé,27,Centre-Forward,Marseille,Loan fee:£1.35m,in,1.35,Premier League,2008,2008/2009
Sunderland AFC,David Meyler,19,Central Midfield,Cork City,£189k,in,0.189,Premier League,2008,2008/2009
Sunderland AFC,Calum Davenport,26,Centre-Back,West Ham,Loan,in,0,Premier League,2008,2008/2009
Sunderland AFC,Tal Ben Haim,26,Centre-Back,Man City,Loan,in,0,Premier League,2008,2008/2009
Sunderland AFC,Nick Colgan,34,Goalkeeper,Ipswich,Free Transfer,in,0,Premier League,2008,2008/2009
Sunderland AFC,Michael Chopra,25,Centre-Forward,Cardiff,"End of loanJan 6, 2009",in,0,Premier League,2008,2008/2009
Sunderland AFC,Roy O'Donovan,23,Centre-Forward,Blackpool,"End of loanMay 1, 2009",in,0,Premier League,2008,2008/2009
Sunderland AFC,Carlos Edwards,30,Right-Back,Wolves,"End of loanNov 20, 2008",in,0,Premier League,2008,2008/2009
Sunderland AFC,Anthony Stokes,20,Centre-Forward,Sheffield Utd.,"End of loanJan 18, 2009",in,0,Premier League,2008,2008/2009
Sunderland AFC,Darren Ward,34,Goalkeeper,Wolves,"End of loanMay 1, 2009",in,0,Premier League,2008,2008/2009
Sunderland AFC,Michael Liddle,18,Left-Back,Sunderland U18,-,in,0,Premier League,2008,2008/2009
Sunderland AFC,Michael Liddle,19,Left-Back,Carlisle United,"End of loanMay 31, 2009",in,0,Premier League,2008,2008/2009
Sunderland AFC,Arnau Riera,27,Left Winger,Falkirk FC,"End of loanMay 1, 2009",in,0,Premier League,2008,2008/2009
Sunderland AFC,Martyn Waghorn,18,Centre-Forward,Charlton,"End of loanJan 21, 2009",in,0,Premier League,2008,2008/2009
Sunderland AFC,Greg Halford,24,Centre-Back,Sheffield Utd.,"End of loanMay 1, 2009",in,0,Premier League,2008,2008/2009
Sunderland AFC,Jordan Henderson,18,Central Midfield,Sunderland U18,-,in,0,Premier League,2008,2008/2009
Sunderland AFC,Anthony Stokes,20,Centre-Forward,Crystal Palace,"End of loanMay 31, 2009",in,0,Premier League,2008,2008/2009
Sunderland AFC,Jordan Cook,18,Second Striker,Sunderland U18,-,in,0,Premier League,2008,2008/2009
Sunderland AFC,Trevor Carson,21,Goalkeeper,Chesterfield FC,"End of loanMay 1, 2009",in,0,Premier League,2008,2008/2009
Sunderland AFC,Paul McShane,23,Centre-Back,Hull City,"End of loanJan 15, 2009",in,0,Premier League,2008,2008/2009
Sunderland AFC,Roy O'Donovan,23,Centre-Forward,Dundee United,"End of loanDec 1, 2008",in,0,Premier League,2008,2008/2009
Sunderland AFC,Ross Wallace,23,Right Midfield,Preston NE,"End of loanJan 11, 2009",in,0,Premier League,2008,2008/2009
Sunderland AFC,Jordan Henderson,18,Central Midfield,Coventry,"End of loanApr 6, 2009",in,0,Premier League,2008,2008/2009
Sunderland AFC,Martyn Waghorn,18,Centre-Forward,Sunderland U18,-,in,0,Premier League,2008,2008/2009
Sunderland AFC,Michael Chopra,25,Centre-Forward,Cardiff,"End of loanMay 31, 2009",in,0,Premier League,2008,2008/2009
Sunderland AFC,Nathan Luscombe,18,Left Midfield,Sunderland U18,-,in,0,Premier League,2008,2008/2009
Sunderland AFC,Russell Anderson,30,Centre-Back,Burnley,"End of loanMay 1, 2009",in,0,Premier League,2008,2008/2009
Sunderland AFC,Pascal Chimbonda,29,Right-Back,Spurs,£2.88m,out,2.88,Premier League,2008,2008/2009
Sunderland AFC,Danny Higginbotham,29,Centre-Back,Stoke City,£2.70m,out,2.7,Premier League,2008,2008/2009
Sunderland AFC,El-Hadji Diouf,28,Centre-Forward,Blackburn,£1.98m,out,1.98,Premier League,2008,2008/2009
Sunderland AFC,Dickson Etuhu,26,Defensive Midfield,Fulham,£1.67m,out,1.67,Premier League,2008,2008/2009
Sunderland AFC,Rade Prica,28,Centre-Forward,Rosenborg BK,£720k,out,0.72,Premier League,2008,2008/2009
Sunderland AFC,Liam Miller,27,Central Midfield,QPR,£90k,out,0.09,Premier League,2008,2008/2009
Sunderland AFC,Andy Cole,36,Centre-Forward,Nottm Forest,Free Transfer,out,0,Premier League,2008,2008/2009
Sunderland AFC,Anthony Stokes,20,Centre-Forward,Sheffield Utd.,Loan,out,0,Premier League,2008,2008/2009
Sunderland AFC,Martyn Waghorn,18,Centre-Forward,Charlton,Loan,out,0,Premier League,2008,2008/2009
Sunderland AFC,Jordan Henderson,18,Central Midfield,Coventry,Loan,out,0,Premier League,2008,2008/2009
Sunderland AFC,Greg Halford,23,Centre-Back,Sheffield Utd.,Loan,out,0,Premier League,2008,2008/2009
Sunderland AFC,Anthony Stokes,20,Centre-Forward,Crystal Palace,Loan,out,0,Premier League,2008,2008/2009
Sunderland AFC,Trevor Carson,20,Goalkeeper,Chesterfield FC,Loan,out,0,Premier League,2008,2008/2009
Sunderland AFC,Paul McShane,22,Centre-Back,Hull City,Loan,out,0,Premier League,2008,2008/2009
Sunderland AFC,Graham Kavanagh,34,Central Midfield,Carlisle United,Free Transfer,out,0,Premier League,2008,2008/2009
Sunderland AFC,Roy O'Donovan,23,Centre-Forward,Blackpool,Loan,out,0,Premier League,2008,2008/2009
Sunderland AFC,Billy Dennehy,21,Left Midfield,Derry City,Free Transfer,out,0,Premier League,2008,2008/2009
Sunderland AFC,Michael Liddle,18,Left-Back,Carlisle United,Loan,out,0,Premier League,2008,2008/2009
Sunderland AFC,Stephen Wright,28,Right-Back,Coventry,Free Transfer,out,0,Premier League,2008,2008/2009
Sunderland AFC,Michael Chopra,25,Centre-Forward,Cardiff,Loan,out,0,Premier League,2008,2008/2009
Sunderland AFC,Roy O'Donovan,22,Centre-Forward,Dundee United,Loan,out,0,Premier League,2008,2008/2009
Sunderland AFC,Jack Pelter,20,Centre-Back,Western Suburbs,Free Transfer,out,0,Premier League,2008,2008/2009
Sunderland AFC,Carlos Edwards,29,Right-Back,Wolves,Loan,out,0,Premier League,2008,2008/2009
Sunderland AFC,Jake Richardson,19,Central Midfield,Unknown,Free Transfer,out,0,Premier League,2008,2008/2009
Sunderland AFC,Michael Chopra,24,Centre-Forward,Cardiff,Loan,out,0,Premier League,2008,2008/2009
Sunderland AFC,Gavin Donoghue,19,Left-Back,Unknown,Free Transfer,out,0,Premier League,2008,2008/2009
Sunderland AFC,Ross Wallace,23,Right Midfield,Preston NE,Loan,out,0,Premier League,2008,2008/2009
Sunderland AFC,Darren Ward,34,Goalkeeper,Wolves,Loan,out,0,Premier League,2008,2008/2009
Sunderland AFC,Russell Anderson,29,Centre-Back,Burnley,Loan,out,0,Premier League,2008,2008/2009
Sunderland AFC,Ross Wallace,23,Right Midfield,Preston NE,?,out,NA,Premier League,2008,2008/2009
Sunderland AFC,Ian Harte,30,Left-Back,Without Club,-,out,0,Premier League,2008,2008/2009
Sunderland AFC,Tal Ben Haim,27,Centre-Back,Man City,"End of loanMay 25, 2009",out,0,Premier League,2008,2008/2009
Sunderland AFC,Stanislav Varga,35,Centre-Back,Retired,-,out,0,Premier League,2008,2008/2009
Sunderland AFC,Calum Davenport,26,Centre-Back,West Ham,"End of loanMay 1, 2009",out,0,Premier League,2008,2008/2009
Bolton Wanderers,Johan Elmander,27,Centre-Forward,Toulouse,£11.34m,in,11.34,Premier League,2008,2008/2009
Bolton Wanderers,Fabrice Muamba,20,Central Midfield,Birmingham,£5.76m,in,5.76,Premier League,2008,2008/2009
Bolton Wanderers,Danny Shittu,27,Centre-Back,Watford,£2.16m,in,2.16,Premier League,2008,2008/2009
Bolton Wanderers,Ariza Makukula,27,Centre-Forward,Benfica,Loan fee:£720k,in,0.72,Premier League,2008,2008/2009
Bolton Wanderers,Mark Davies,20,Central Midfield,Wolves,£540k,in,0.54,Premier League,2008,2008/2009
Bolton Wanderers,Sébastien Puygrenier,26,Centre-Back,Zenit S-Pb,Loan fee:£450k,in,0.45,Premier League,2008,2008/2009
Bolton Wanderers,Riga Mustapha,26,Right Winger,Levante,£360k,in,0.36,Premier League,2008,2008/2009
Bolton Wanderers,Ebi Smolarek,27,Centre-Forward,Racing,Loan,in,0,Premier League,2008,2008/2009
Bolton Wanderers,Nicky Hunt,25,Right-Back,Birmingham,"End of loanJan 2, 2009",in,0,Premier League,2008,2008/2009
Bolton Wanderers,Ádám Bogdán,20,Goalkeeper,Bolton U23,-,in,0,Premier League,2008,2008/2009
Bolton Wanderers,Sam Sheridan,18,Central Midfield,Bolton W. U18,-,in,0,Premier League,2008,2008/2009
Bolton Wanderers,Tope Obadeyi,18,Left Winger,Bolton W. U18,-,in,0,Premier League,2008,2008/2009
Bolton Wanderers,Rob Lainton,18,Goalkeeper,Bolton W. U18,-,in,0,Premier League,2008,2008/2009
Bolton Wanderers,Jaroslaw Fojut,21,Centre-Back,Stockport,"End of loanNov 30, 2008",in,0,Premier League,2008,2008/2009
Bolton Wanderers,Kevin Nolan,26,Attacking Midfield,Newcastle,£4.05m,out,4.05,Premier League,2008,2008/2009
Bolton Wanderers,El-Hadji Diouf,27,Centre-Forward,Sunderland,£2.88m,out,2.88,Premier League,2008,2008/2009
Bolton Wanderers,Abdoulaye Méïté,27,Centre-Back,West Brom,£2.34m,out,2.34,Premier League,2008,2008/2009
Bolton Wanderers,Heidar Helguson,31,Centre-Forward,QPR,£405k,out,0.405,Premier League,2008,2008/2009
Bolton Wanderers,Jaroslaw Fojut,21,Centre-Back,Slask Wroclaw,£113k,out,0.113,Premier League,2008,2008/2009
Bolton Wanderers,Daniel Braaten,26,Right Winger,Toulouse,Free Transfer,out,0,Premier League,2008,2008/2009
Bolton Wanderers,Nicky Hunt,25,Right-Back,Birmingham,Loan,out,0,Premier League,2008,2008/2009
Bolton Wanderers,Iván Campo,34,Defensive Midfield,Ipswich,Free Transfer,out,0,Premier League,2008,2008/2009
Bolton Wanderers,Andranik Teymourian,25,Defensive Midfield,Fulham,Free Transfer,out,0,Premier League,2008,2008/2009
Bolton Wanderers,Jaroslaw Fojut,20,Centre-Back,Stockport,Loan,out,0,Premier League,2008,2008/2009
Bolton Wanderers,Gary Speed,38,Left Midfield,Sheffield Utd.,Free Transfer,out,0,Premier League,2008,2008/2009
Bolton Wanderers,Blerim Dzemaili,22,Central Midfield,Torino,Loan,out,0,Premier League,2008,2008/2009
Bolton Wanderers,Stelios Giannakopoulos,33,Right Winger,Hull City,Free Transfer,out,0,Premier League,2008,2008/2009
Bolton Wanderers,Michael Burns,19,Central Midfield,Without Club,-,out,0,Premier League,2008,2008/2009
Bolton Wanderers,Ian Walker,37,Goalkeeper,Retired,-,out,0,Premier League,2008,2008/2009
Bolton Wanderers,Mikel Alonso,28,Central Midfield,Real Sociedad,"End of loanJun 30, 2008",out,0,Premier League,2008,2008/2009
Fulham FC,Andy Johnson,27,Centre-Forward,Everton,£11.97m,in,11.97,Premier League,2008,2008/2009
Fulham FC,Bobby Zamora,27,Centre-Forward,West Ham,£3.69m,in,3.69,Premier League,2008,2008/2009
Fulham FC,John Paintsil,27,Right-Back,West Ham,£3.42m,in,3.42,Premier League,2008,2008/2009
Fulham FC,Fredrik Stoor,24,Right-Back,Rosenborg BK,£2.70m,in,2.7,Premier League,2008,2008/2009
Fulham FC,Dickson Etuhu,26,Defensive Midfield,Sunderland,£1.67m,in,1.67,Premier League,2008,2008/2009
Fulham FC,David Stockdale,22,Goalkeeper,Darlington,£360k,in,0.36,Premier League,2008,2008/2009
Fulham FC,Julian Gray,28,Centre-Forward,Coventry,£360k,in,0.36,Premier League,2008,2008/2009
Fulham FC,Chris Smalling,18,Centre-Back,Maidstone,Free Transfer,in,0,Premier League,2008,2008/2009
Fulham FC,Andranik Teymourian,25,Defensive Midfield,Bolton,Free Transfer,in,0,Premier League,2008,2008/2009
Fulham FC,Giles Barnes,20,Centre-Forward,Derby,Loan,in,0,Premier League,2008,2008/2009
Fulham FC,Zoltán Gera,29,Central Midfield,West Brom,Free Transfer,in,0,Premier League,2008,2008/2009
Fulham FC,Olivier Dacourt,34,Defensive Midfield,Inter,Loan,in,0,Premier League,2008,2008/2009
Fulham FC,Pascal Zuberbühler,37,Goalkeeper,Neuchâtel Xamax,Free Transfer,in,0,Premier League,2008,2008/2009
Fulham FC,Mark Schwarzer,35,Goalkeeper,Middlesbrough,Free Transfer,in,0,Premier League,2008,2008/2009
Fulham FC,Rob Milsom,21,Central Midfield,Southend United,"End of loanJan 1, 2009",in,0,Premier League,2008,2008/2009
Fulham FC,Troy Brown,17,Centre-Back,Fulham U18,-,in,0,Premier League,2008,2008/2009
Fulham FC,Hameur Bouazza,24,Right Winger,Birmingham,"End of loanMay 31, 2009",in,0,Premier League,2008,2008/2009
Fulham FC,Adrian Leijer,23,Centre-Back,Norwich,"End of loanMay 1, 2009",in,0,Premier League,2008,2008/2009
Fulham FC,Hameur Bouazza,23,Right Winger,Charlton,"End of loanDec 31, 2008",in,0,Premier League,2008,2008/2009
Fulham FC,Collins John,23,Centre-Forward,NEC Nijmegen,"End of loanMar 1, 2009",in,0,Premier League,2008,2008/2009
Fulham FC,Matthew Saunders,18,Central Midfield,Fulham U18,-,in,0,Premier League,2008,2008/2009
Fulham FC,Moritz Volz,26,Right-Back,Ipswich,"End of loanMay 1, 2009",in,0,Premier League,2008,2008/2009
Fulham FC,David Stockdale,23,Goalkeeper,Leicester,"End of loanMay 31, 2009",in,0,Premier League,2008,2008/2009
Fulham FC,TJ Moncur,21,Centre-Back,Bradford,"End of loanDec 1, 2008",in,0,Premier League,2008,2008/2009
Fulham FC,David Stockdale,23,Goalkeeper,Rotherham,"End of loanJan 17, 2009",in,0,Premier League,2008,2008/2009
Fulham FC,Michael Uwezu,17,Centre-Forward,Fulham U18,-,in,0,Premier League,2008,2008/2009
Fulham FC,Eddie Johnson,25,Centre-Forward,Cardiff,"End of loanMay 1, 2009",in,0,Premier League,2008,2008/2009
Fulham FC,Adam Watts,21,Defender,Northampt. Town,"End of loanMay 1, 2009",in,0,Premier League,2008,2008/2009
Fulham FC,Elliot Omozusi,19,Right-Back,Norwich,"End of loanDec 14, 2008",in,0,Premier League,2008,2008/2009
Fulham FC,Björn Runström,24,Centre-Forward,1.FC K'lautern,"End of loanJun 30, 2008",in,0,Premier League,2008,2008/2009
Fulham FC,Jimmy Bullard,30,Central Midfield,Hull City,£4.77m,out,4.77,Premier League,2008,2008/2009
Fulham FC,Steven Davis,23,Central Midfield,Rangers,£3.42m,out,3.42,Premier League,2008,2008/2009
Fulham FC,Leon Andreasen,25,Central Midfield,Hannover 96,£2.25m,out,2.25,Premier League,2008,2008/2009
Fulham FC,David Healy,29,Centre-Forward,Sunderland,£1.35m,out,1.35,Premier League,2008,2008/2009
Fulham FC,Lee Cook,26,Left Winger,QPR,£1.15m,out,1.15,Premier League,2008,2008/2009
Fulham FC,Dejan Stefanovic,33,Centre-Back,Norwich,£810k,out,0.81,Premier League,2008,2008/2009
Fulham FC,Gabriel Zakuani,22,Centre-Back,Peterborough,£585k,out,0.585,Premier League,2008,2008/2009
Fulham FC,Bruno Luz,20,Left Winger,QPR,Loan fee:£135k,out,0.135,Premier League,2008,2008/2009
Fulham FC,Ricardo Batista,21,Goalkeeper,Sporting CP,£135k,out,0.135,Premier League,2008,2008/2009
Fulham FC,Nathan Ashton,21,Left-Back,Wycombe,£90k,out,0.09,Premier League,2008,2008/2009
Fulham FC,Björn Runström,24,Centre-Forward,Odense BK,Free Transfer,out,0,Premier League,2008,2008/2009
Fulham FC,TJ Moncur,21,Centre-Back,Wycombe,Free Transfer,out,0,Premier League,2008,2008/2009
Fulham FC,Ismael Ehui,22,Centre-Forward,Harrow Borough,Free Transfer,out,0,Premier League,2008,2008/2009
Fulham FC,Collins John,22,Centre-Forward,NEC Nijmegen,Loan,out,0,Premier League,2008,2008/2009
Fulham FC,Brian McBride,36,Centre-Forward,Chicago Fire,Free Transfer,out,0,Premier League,2008,2008/2009
Fulham FC,Andranik Teymourian,25,Defensive Midfield,Barnsley FC,Loan,out,0,Premier League,2008,2008/2009
Fulham FC,Adam Watts,20,Defender,Northampt. Town,Loan,out,0,Premier League,2008,2008/2009
Fulham FC,Kasey Keller,38,Goalkeeper,Sounders FC,Free Transfer,out,0,Premier League,2008,2008/2009
Fulham FC,Michael Timlin,23,Central Midfield,Swindon Town,Free Transfer,out,0,Premier League,2008,2008/2009
Fulham FC,Moritz Volz,25,Right-Back,Ipswich,Loan,out,0,Premier League,2008,2008/2009
Fulham FC,Ki-hyeon Seol,29,Right Winger,Hilal,Loan,out,0,Premier League,2008,2008/2009
Fulham FC,Tony Warner,34,Goalkeeper,Hull City,Free Transfer,out,0,Premier League,2008,2008/2009
Fulham FC,TJ Moncur,20,Centre-Back,Bradford,Loan,out,0,Premier League,2008,2008/2009
Fulham FC,Elliot Omozusi,19,Right-Back,Norwich,Loan,out,0,Premier League,2008,2008/2009
Fulham FC,David Stockdale,23,Goalkeeper,Rotherham,Loan,out,0,Premier League,2008,2008/2009
Fulham FC,David Stockdale,23,Goalkeeper,Leicester,Loan,out,0,Premier League,2008,2008/2009
Fulham FC,Jari Litmanen,37,Attacking Midfield,FC Lahti,Free Transfer,out,0,Premier League,2008,2008/2009
Fulham FC,Hameur Bouazza,23,Right Winger,Charlton,Loan,out,0,Premier League,2008,2008/2009
Fulham FC,Eddie Johnson,24,Centre-Forward,Cardiff,Loan,out,0,Premier League,2008,2008/2009
Fulham FC,Hameur Bouazza,23,Right Winger,Birmingham,Loan,out,0,Premier League,2008,2008/2009
Fulham FC,Carlos Bocanegra,29,Centre-Back,Stade Rennais,Free Transfer,out,0,Premier League,2008,2008/2009
Fulham FC,Adrian Leijer,22,Centre-Back,Norwich,Loan,out,0,Premier League,2008,2008/2009
Fulham FC,Wayne Brown,20,Attacking Midfield,TPS,Loan,out,0,Premier League,2008,2008/2009
Fulham FC,Rob Milsom,21,Central Midfield,Southend United,Loan,out,0,Premier League,2008,2008/2009
Fulham FC,Simon Elliott,34,Defensive Midfield,Without Club,-,out,0,Premier League,2008,2008/2009
Fulham FC,Philippe Christanval,29,Centre-Back,Retired,-,out,0,Premier League,2008,2008/2009
Fulham FC,Ian Pearce,34,Centre-Back,Retired,-,out,0,Premier League,2008,2008/2009
Fulham FC,Aleksey Smertin,33,Defensive Midfield,Retired,-,out,0,Premier League,2008,2008/2009
Fulham FC,Antti Niemi,36,Goalkeeper,Career break,-,out,0,Premier League,2008,2008/2009
West Bromwich Albion,Borja Valero,23,Central Midfield,RCD Mallorca,£5.31m,in,5.31,Premier League,2008,2008/2009
West Bromwich Albion,Gianni Zuiverloon,21,Centre-Back,Heerenveen,£3.60m,in,3.6,Premier League,2008,2008/2009
West Bromwich Albion,Scott Carson,22,Goalkeeper,Liverpool,£3.60m,in,3.6,Premier League,2008,2008/2009
West Bromwich Albion,Luke Moore,22,Centre-Forward,Aston Villa,£3.38m,in,3.38,Premier League,2008,2008/2009
West Bromwich Albion,Abdoulaye Méïté,27,Centre-Back,Bolton,£2.34m,in,2.34,Premier League,2008,2008/2009
West Bromwich Albion,Marek Cech,25,Left-Back,FC Porto,£1.62m,in,1.62,Premier League,2008,2008/2009
West Bromwich Albion,Jonas Olsson,25,Centre-Back,NEC Nijmegen,£900k,in,0.9,Premier League,2008,2008/2009
West Bromwich Albion,Du-hyeon Kim,25,Central Midfield,Seongnam Ilhwa,£648k,in,0.648,Premier League,2008,2008/2009
West Bromwich Albion,Graham Dorrans,21,Central Midfield,Livingston FC,£270k,in,0.27,Premier League,2008,2008/2009
West Bromwich Albion,Youssouf Mulumbu,22,Defensive Midfield,Paris SG,Loan fee:£225k,in,0.225,Premier League,2008,2008/2009
West Bromwich Albion,Ryan Donk,22,Defensive Midfield,AZ Alkmaar,Loan,in,0,Premier League,2008,2008/2009
West Bromwich Albion,Jay Simpson,20,Centre-Forward,Arsenal Res.,Loan,in,0,Premier League,2008,2008/2009
West Bromwich Albion,Marc-Antoine Fortuné,27,Centre-Forward,AS Nancy,Loan,in,0,Premier League,2008,2008/2009
West Bromwich Albion,Juan Carlos Menseguez,24,Second Striker,San Lorenzo,Loan,in,0,Premier League,2008,2008/2009
West Bromwich Albion,Luke Daniels,21,Goalkeeper,Shrewsbury,"End of loanMay 31, 2009",in,0,Premier League,2008,2008/2009
West Bromwich Albion,Shelton Martis,25,Centre-Back,Doncaster,"End of loanNov 1, 2008",in,0,Premier League,2008,2008/2009
West Bromwich Albion,Craig Beattie,25,Centre-Forward,Sheffield Utd.,"End of loanMay 31, 2009",in,0,Premier League,2008,2008/2009
West Bromwich Albion,Bartosz Slusarski,27,Centre-Forward,Sheff Wed,"End of loanDec 31, 2008",in,0,Premier League,2008,2008/2009
West Bromwich Albion,Craig Beattie,24,Centre-Forward,Crystal Palace,"End of loanDec 10, 2008",in,0,Premier League,2008,2008/2009
West Bromwich Albion,Jared Hodgkiss,22,Right-Back,Northampt. Town,"End of loanMay 5, 2009",in,0,Premier League,2008,2008/2009
West Bromwich Albion,Jared Hodgkiss,22,Right-Back,Aberdeen FC,"End of loanDec 31, 2008",in,0,Premier League,2008,2008/2009
West Bromwich Albion,Curtis Davies,23,Centre-Back,Aston Villa,£9.00m,out,9,Premier League,2008,2008/2009
West Bromwich Albion,Bartosz Slusarski,27,Centre-Forward,Cracovia Kraków,£225k,out,0.225,Premier League,2008,2008/2009
West Bromwich Albion,Martin Albrechtsen,28,Centre-Back,Derby,Free Transfer,out,0,Premier League,2008,2008/2009
West Bromwich Albion,Stuart Nicholson,21,Centre-Forward,Tamworth,Free Transfer,out,0,Premier League,2008,2008/2009
West Bromwich Albion,Jared Hodgkiss,21,Right-Back,Aberdeen FC,Loan,out,0,Premier League,2008,2008/2009
West Bromwich Albion,Craig Beattie,24,Centre-Forward,Crystal Palace,Loan,out,0,Premier League,2008,2008/2009
West Bromwich Albion,Craig Beattie,25,Centre-Forward,Sheffield Utd.,Loan,out,0,Premier League,2008,2008/2009
West Bromwich Albion,Zoltán Gera,29,Central Midfield,Fulham,Free Transfer,out,0,Premier League,2008,2008/2009
West Bromwich Albion,Kevin Phillips,34,Centre-Forward,Birmingham,Free Transfer,out,0,Premier League,2008,2008/2009
West Bromwich Albion,Luke Daniels,20,Goalkeeper,Shrewsbury,Loan,out,0,Premier League,2008,2008/2009
West Bromwich Albion,Lee Baker,19,Left-Back,Kidderminster,Free Transfer,out,0,Premier League,2008,2008/2009
West Bromwich Albion,Bartosz Slusarski,26,Centre-Forward,Sheff Wed,Loan,out,0,Premier League,2008,2008/2009
West Bromwich Albion,Shelton Martis,25,Centre-Back,Doncaster,Loan,out,0,Premier League,2008,2008/2009
West Bromwich Albion,Jared Hodgkiss,22,Right-Back,Northampt. Town,Loan,out,0,Premier League,2008,2008/2009
West Bromwich Albion,Sherjill MacDonald,24,Centre-Forward,KSV Roeselare,Loan,out,0,Premier League,2008,2008/2009
West Bromwich Albion,Jay Simpson,20,Centre-Forward,Arsenal Res.,"End of loanMay 31, 2009",out,0,Premier League,2008,2008/2009
West Bromwich Albion,Michal Danek,25,Goalkeeper,Viktoria Plzen,"End of loanAug 1, 2008",out,0,Premier League,2008,2008/2009
West Bromwich Albion,Tininho,27,Left-Back,Without Club,-,out,0,Premier League,2008,2008/2009
West Bromwich Albion,Luke Moore,22,Centre-Forward,Aston Villa,"End of loanJun 30, 2008",out,0,Premier League,2008,2008/2009
West Bromwich Albion,Du-hyeon Kim,25,Central Midfield,Seongnam Ilhwa,"End of loanJun 30, 2008",out,0,Premier League,2008,2008/2009
Stoke City,Dave Kitson,28,Centre-Forward,Reading,£6.30m,in,6.3,Premier League,2008,2008/2009
Stoke City,James Beattie,30,Centre-Forward,Sheffield Utd.,£3.60m,in,3.6,Premier League,2008,2008/2009
Stoke City,Seyi Olofinjana,28,Central Midfield,Wolves,£3.42m,in,3.42,Premier League,2008,2008/2009
Stoke City,Danny Higginbotham,29,Centre-Back,Sunderland,£2.70m,in,2.7,Premier League,2008,2008/2009
Stoke City,Ibrahima Sonko,27,Centre-Back,Reading,£2.70m,in,2.7,Premier League,2008,2008/2009
Stoke City,Michael Tonge,25,Central Midfield,Sheffield Utd.,£2.70m,in,2.7,Premier League,2008,2008/2009
Stoke City,Matthew Etherington,27,Left Midfield,West Ham,£2.70m,in,2.7,Premier League,2008,2008/2009
Stoke City,Abdoulaye Fayé,30,Centre-Back,Newcastle,£2.61m,in,2.61,Premier League,2008,2008/2009
Stoke City,Andrew Davies,23,Centre-Back,Southampton,£1.71m,in,1.71,Premier League,2008,2008/2009
Stoke City,Tom Soares,22,Central Midfield,Crystal Palace,£1.71m,in,1.71,Premier League,2008,2008/2009
Stoke City,Amdy Fayé,31,Defensive Midfield,Charlton,£405k,in,0.405,Premier League,2008,2008/2009
Stoke City,Henri Camara,31,Centre-Forward,Wigan,Loan,in,0,Premier League,2008,2008/2009
Stoke City,Stephen Kelly,25,Right-Back,Birmingham,Loan,in,0,Premier League,2008,2008/2009
Stoke City,Thomas Sörensen,32,Goalkeeper,Aston Villa,Free Transfer,in,0,Premier League,2008,2008/2009
Stoke City,Andy Owens,18,Centre-Forward,Stoke U18,-,in,0,Premier League,2008,2008/2009
Stoke City,Tom Soares,22,Central Midfield,Charlton,"End of loanMar 1, 2009",in,0,Premier League,2008,2008/2009
Stoke City,Andrew Davies,24,Centre-Back,Preston NE,"End of loanMay 1, 2009",in,0,Premier League,2008,2008/2009
Stoke City,Tom Thorley,19,Central Midfield,Stafford Rangers,"End of loanMay 31, 2009",in,0,Premier League,2008,2008/2009
Stoke City,Ritchie De Laet,20,Right-Back,Wrexham,"End of loanDec 1, 2008",in,0,Premier League,2008,2008/2009
Stoke City,Tom Thorley,18,Central Midfield,Burscough FC,"End of loanJan 1, 2009",in,0,Premier League,2008,2008/2009
Stoke City,Marc Grocott,18,Centre-Forward,Stoke U18,-,in,0,Premier League,2008,2008/2009
Stoke City,Carl Dickinson,21,Left-Back,Leeds,"End of loanFeb 1, 2009",in,0,Premier League,2008,2008/2009
Stoke City,Ryan Shotton,20,Right-Back,Tranmere Rovers,"End of loanMay 31, 2009",in,0,Premier League,2008,2008/2009
Stoke City,Vincent Péricard,26,Centre-Forward,Millwall,"End of loanMay 1, 2009",in,0,Premier League,2008,2008/2009
Stoke City,Tom Thorley,18,Central Midfield,Stafford Rangers,"End of loanOct 31, 2008",in,0,Premier League,2008,2008/2009
Stoke City,Tom Thorley,18,Central Midfield,Stoke U18,-,in,0,Premier League,2008,2008/2009
Stoke City,Dave Kitson,29,Centre-Forward,Reading,"End of loanMay 1, 2009",in,0,Premier League,2008,2008/2009
Stoke City,Danzelle St Louis-Hamilton,18,Goalkeeper,Bristol Rovers,"End of loanMay 1, 2009",in,0,Premier League,2008,2008/2009
Stoke City,Danzelle St Louis-Hamilton,18,Goalkeeper,Stoke U18,-,in,0,Premier League,2008,2008/2009
Stoke City,Demar Phillips,25,Left-Back,Aalesund,£315k,out,0.315,Premier League,2008,2008/2009
Stoke City,Ritchie De Laet,20,Right-Back,Man Utd,£225k,out,0.225,Premier League,2008,2008/2009
Stoke City,Lewis Buxton,24,Right-Back,Sheff Wed,£90k,out,0.09,Premier League,2008,2008/2009
Stoke City,Adam Rooney,20,Centre-Forward,Inverness Cal.,£59k,out,0.059,Premier League,2008,2008/2009
Stoke City,Robert Garrett,20,Central Midfield,Linfield,Free Transfer,out,0,Premier League,2008,2008/2009
Stoke City,Tom Soares,22,Central Midfield,Charlton,Loan,out,0,Premier League,2008,2008/2009
Stoke City,Tom Thorley,18,Central Midfield,Stafford Rangers,Loan,out,0,Premier League,2008,2008/2009
Stoke City,Ritchie De Laet,19,Right-Back,Wrexham,Loan,out,0,Premier League,2008,2008/2009
Stoke City,Vincent Péricard,26,Centre-Forward,Millwall,Loan,out,0,Premier League,2008,2008/2009
Stoke City,Marlon Broomes,30,Centre-Back,Blackpool,Free Transfer,out,0,Premier League,2008,2008/2009
Stoke City,Ryan Shotton,19,Right-Back,Tranmere Rovers,Loan,out,0,Premier League,2008,2008/2009
Stoke City,Tom Thorley,18,Central Midfield,Stafford Rangers,Loan,out,0,Premier League,2008,2008/2009
Stoke City,Danzelle St Louis-Hamilton,18,Goalkeeper,Bristol Rovers,Loan,out,0,Premier League,2008,2008/2009
Stoke City,Russell Hoult,35,Goalkeeper,Notts County,Free Transfer,out,0,Premier League,2008,2008/2009
Stoke City,Anthony Pulis,23,Central Midfield,Southampton,Free Transfer,out,0,Premier League,2008,2008/2009
Stoke City,Carl Dickinson,21,Left-Back,Leeds,Loan,out,0,Premier League,2008,2008/2009
Stoke City,Andrew Davies,24,Centre-Back,Preston NE,Loan,out,0,Premier League,2008,2008/2009
Stoke City,Tom Thorley,18,Central Midfield,Burscough FC,Loan,out,0,Premier League,2008,2008/2009
Stoke City,Dave Kitson,29,Centre-Forward,Reading,Loan,out,0,Premier League,2008,2008/2009
Stoke City,Jon Parkin,26,Centre-Forward,Preston NE,?,out,NA,Premier League,2008,2008/2009
Stoke City,Stephen Kelly,25,Right-Back,Birmingham,"End of loanMay 1, 2009",out,0,Premier League,2008,2008/2009
Stoke City,Henri Camara,31,Centre-Forward,Wigan,"End of loanMay 1, 2009",out,0,Premier League,2008,2008/2009
Hull City,Jimmy Bullard,30,Central Midfield,Fulham,£4.77m,in,4.77,Premier League,2008,2008/2009
Hull City,Anthony Gardner,26,Centre-Back,Spurs,£2.88m,in,2.88,Premier League,2008,2008/2009
Hull City,Kamil Zayatte,23,Centre-Back,BSC Young Boys,£2.25m,in,2.25,Premier League,2008,2008/2009
Hull City,Péter Halmosi,28,Left Midfield,Plymouth,£2.25m,in,2.25,Premier League,2008,2008/2009
Hull City,Daniel Cousin,31,Centre-Forward,Rangers,£1.71m,in,1.71,Premier League,2008,2008/2009
Hull City,George Boateng,32,Defensive Midfield,Middlesbrough,£1.08m,in,1.08,Premier League,2008,2008/2009
Hull City,Kamil Zayatte,23,Centre-Back,BSC Young Boys,Loan fee:£540k,in,0.54,Premier League,2008,2008/2009
Hull City,Kevin Kilbane,31,Left Midfield,Wigan,£495k,in,0.495,Premier League,2008,2008/2009
Hull City,Mark Oxley,18,Goalkeeper,Rotherham,£176k,in,0.176,Premier League,2008,2008/2009
Hull City,Paul McShane,22,Centre-Back,Sunderland,Loan,in,0,Premier League,2008,2008/2009
Hull City,Bernard Mendy,26,Right-Back,Paris SG,Free Transfer,in,0,Premier League,2008,2008/2009
Hull City,Tony Warner,34,Goalkeeper,Fulham,Free Transfer,in,0,Premier League,2008,2008/2009
Hull City,Manucho,25,Centre-Forward,Man Utd,Loan,in,0,Premier League,2008,2008/2009
Hull City,Marlon King,28,Centre-Forward,Wigan,Loan,in,0,Premier League,2008,2008/2009
Hull City,Stelios Giannakopoulos,33,Right Winger,Bolton,Free Transfer,in,0,Premier League,2008,2008/2009
Hull City,Geovanni,28,Attacking Midfield,Man City,Free Transfer,in,0,Premier League,2008,2008/2009
Hull City,John Welsh,25,Central Midfield,Bury,"End of loanMay 1, 2009",in,0,Premier League,2008,2008/2009
Hull City,Wayne Brown,31,Centre-Back,Preston NE,"End of loanNov 1, 2008",in,0,Premier League,2008,2008/2009
Hull City,Jamie Devitt,17,Attacking Midfield,Hull U18,-,in,0,Premier League,2008,2008/2009
Hull City,Tony Warner,34,Goalkeeper,Leicester,"End of loanMay 1, 2009",in,0,Premier League,2008,2008/2009
Hull City,Michael Bridges,30,Centre-Forward,Carlisle United,"End of loanMay 1, 2009",in,0,Premier League,2008,2008/2009
Hull City,Dean Windass,40,Centre-Forward,Oldham Athletic,"End of loanMay 1, 2009",in,0,Premier League,2008,2008/2009
Hull City,James Bennett,20,Central Midfield,Lincoln City,"End of loanMay 1, 2009",in,0,Premier League,2008,2008/2009
Hull City,John Welsh,24,Central Midfield,Carlisle United,"End of loanNov 1, 2008",in,0,Premier League,2008,2008/2009
Hull City,Stuart Elliott,29,Left Midfield,Doncaster,"End of loanJun 30, 2008",in,0,Premier League,2008,2008/2009
Hull City,Ben Wilkinson,21,Central Midfield,Gretna,"End of loanJun 30, 2008",in,0,Premier League,2008,2008/2009
Hull City,James Bennett,20,Central Midfield,Lincoln City,Loan,out,0,Premier League,2008,2008/2009
Hull City,Stuart Elliott,29,Left Midfield,Doncaster,Free Transfer,out,0,Premier League,2008,2008/2009
Hull City,Wayne Brown,31,Centre-Back,Preston NE,Loan,out,0,Premier League,2008,2008/2009
Hull City,Tony Warner,34,Goalkeeper,Leicester,Loan,out,0,Premier League,2008,2008/2009
Hull City,David Livermore,28,Central Midfield,Brighton,Free Transfer,out,0,Premier League,2008,2008/2009
Hull City,Michael Bridges,29,Centre-Forward,Carlisle United,Loan,out,0,Premier League,2008,2008/2009
Hull City,Dean Windass,39,Centre-Forward,Oldham Athletic,Loan,out,0,Premier League,2008,2008/2009
Hull City,Wayne Brown,31,Centre-Back,Leicester,Free Transfer,out,0,Premier League,2008,2008/2009
Hull City,John Welsh,25,Central Midfield,Bury,Loan,out,0,Premier League,2008,2008/2009
Hull City,Ben Wilkinson,21,Central Midfield,York City,Free Transfer,out,0,Premier League,2008,2008/2009
Hull City,Henrik Pedersen,33,Centre-Forward,Silkeborg IF,Free Transfer,out,0,Premier League,2008,2008/2009
Hull City,John Welsh,24,Central Midfield,Carlisle United,Loan,out,0,Premier League,2008,2008/2009
Hull City,Stelios Giannakopoulos,34,Right Winger,AE Larisa,Free Transfer,out,0,Premier League,2008,2008/2009
Hull City,Jay-Jay Okocha,34,Attacking Midfield,Retired,-,out,0,Premier League,2008,2008/2009
Hull City,Paul McShane,23,Centre-Back,Sunderland,"End of loanJan 15, 2009",out,0,Premier League,2008,2008/2009
Hull City,Marlon King,28,Centre-Forward,Wigan,"End of loanDec 31, 2008",out,0,Premier League,2008,2008/2009
Hull City,Manucho,26,Centre-Forward,Man Utd,"End of loanMay 1, 2009",out,0,Premier League,2008,2008/2009
Hull City,Kamil Zayatte,23,Centre-Back,BSC Young Boys,"End of loanDec 1, 2008",out,0,Premier League,2008,2008/2009
