club_name,player_name,age,position,club_involved_name,fee,transfer_movement,fee_cleaned,league_name,year,season
Olympique Lyon,Ederson,22,Attacking Midfield,OGC Nice,£13.41m,in,13.41,Ligue 1,2008,2008/2009
Olympique Lyon,Jean II Makoun,25,Defensive Midfield,LOSC Lille,£12.60m,in,12.6,Ligue 1,2008,2008/2009
Olympique Lyon,Hugo Lloris,21,Goalkeeper,OGC Nice,£7.65m,in,7.65,Ligue 1,2008,2008/2009
Olympique Lyon,John Mensah,25,Centre-Back,Stade Rennais,£7.56m,in,7.56,Ligue 1,2008,2008/2009
Olympique Lyon,Miralem Pjanic,18,Defensive Midfield,FC Metz,£6.75m,in,6.75,Ligue 1,2008,2008/2009
Olympique Lyon,Frédéric Piquionne,29,Centre-Forward,Monaco,£4.05m,in,4.05,Ligue 1,2008,2008/2009
Olympique Lyon,Timothée Kolodziejczak,16,Centre-Back,Lens,Loan,in,0,Ligue 1,2008,2008/2009
Olympique Lyon,Saïd Mehamha,17,Defensive Midfield,Olymp. Lyon B,-,in,0,Ligue 1,2008,2008/2009
Olympique Lyon,Lamine Gassama,18,Right-Back,Olymp. Lyon U19,-,in,0,Ligue 1,2008,2008/2009
Olympique Lyon,Daniel Ravier,60,Midfielder,Olymp. Lyon U19,-,in,0,Ligue 1,2008,2008/2009
Olympique Lyon,Sébastien Faure,17,Right-Back,Olymp. Lyon U19,-,in,0,Ligue 1,2008,2008/2009
Olympique Lyon,Anderson,28,Centre-Back,São Paulo,"End of loanDec 31, 2008",in,0,Ligue 1,2008,2008/2009
Olympique Lyon,Yannis Tafer,17,Right Midfield,Olymp. Lyon U19,-,in,0,Ligue 1,2008,2008/2009
Olympique Lyon,Pierrick Valdivia,20,Central Midfield,Olymp. Lyon B,-,in,0,Ligue 1,2008,2008/2009
Olympique Lyon,Nicolas Seguin,18,Centre-Back,Olymp. Lyon B,-,in,0,Ligue 1,2008,2008/2009
Olympique Lyon,Fábio Santos,27,Defensive Midfield,São Paulo,"End of loanJun 30, 2008",in,0,Ligue 1,2008,2008/2009
Olympique Lyon,Loïc Rémy,21,Centre-Forward,Lens,"End of loanJun 30, 2008",in,0,Ligue 1,2008,2008/2009
Olympique Lyon,Hatem Ben Arfa,21,Attacking Midfield,Marseille,£10.80m,out,10.8,Ligue 1,2008,2008/2009
Olympique Lyon,Loïc Rémy,21,Centre-Forward,OGC Nice,£7.20m,out,7.2,Ligue 1,2008,2008/2009
Olympique Lyon,Sébastien Squillaci,27,Centre-Back,Sevilla FC,£5.85m,out,5.85,Ligue 1,2008,2008/2009
Olympique Lyon,Milan Baros,26,Centre-Forward,Galatasaray,£4.95m,out,4.95,Ligue 1,2008,2008/2009
Olympique Lyon,Grégory Coupet,35,Goalkeeper,Atlético Madrid,£1.80m,out,1.8,Ligue 1,2008,2008/2009
Olympique Lyon,Anderson,28,Centre-Back,Cruzeiro,Loan,out,0,Ligue 1,2008,2008/2009
Olympique Lyon,Fábio Santos,28,Defensive Midfield,Fluminense,Free Transfer,out,0,Ligue 1,2008,2008/2009
Olympique Lyon,Romain Beynié,21,Defensive Midfield,AFC Tubize,Loan,out,0,Ligue 1,2008,2008/2009
Olympique Lyon,Fred,25,Centre-Forward,Fluminense,Free Transfer,out,0,Ligue 1,2008,2008/2009
Olympique Lyon,Anderson,28,Centre-Back,São Paulo,Loan,out,0,Ligue 1,2008,2008/2009
Olympique Lyon,Patrick Müller,31,Centre-Back,Monaco,Free Transfer,out,0,Ligue 1,2008,2008/2009
Olympique Lyon,Frédéric Roux,35,Goalkeeper,Retired,-,out,0,Ligue 1,2008,2008/2009
Olympique Lyon,Mickaël Charvet,20,Centre-Back,Without Club,-,out,0,Ligue 1,2008,2008/2009
Olympique Lyon,Marc Crosas,20,Defensive Midfield,FC Barcelona,"End of loanJun 30, 2008",out,0,Ligue 1,2008,2008/2009
Olympique Marseille,Hatem Ben Arfa,21,Attacking Midfield,Olympique Lyon,£10.80m,in,10.8,Ligue 1,2008,2008/2009
Olympique Marseille,Bakari Koné,26,Right Winger,OGC Nice,£8.10m,in,8.1,Ligue 1,2008,2008/2009
Olympique Marseille,Brandão,28,Centre-Forward,Shakhtar D.,£5.40m,in,5.4,Ligue 1,2008,2008/2009
Olympique Marseille,Hilton,30,Centre-Back,Lens,£4.50m,in,4.5,Ligue 1,2008,2008/2009
Olympique Marseille,Steve Mandanda,23,Goalkeeper,AC Le Havre,£2.25m,in,2.25,Ligue 1,2008,2008/2009
Olympique Marseille,Mamadou Samassa,22,Centre-Forward,Le Mans UC 72,£540k,in,0.54,Ligue 1,2008,2008/2009
Olympique Marseille,Elamine Erbate,27,Centre-Back,Raja Casablanca,£450k,in,0.45,Ligue 1,2008,2008/2009
Olympique Marseille,Tyrone Mears,25,Right-Back,Derby,Loan fee:£180k,in,0.18,Ligue 1,2008,2008/2009
Olympique Marseille,Hilaire Muñoz,25,Goalkeeper,Cassis Carnoux,£108k,in,0.108,Ligue 1,2008,2008/2009
Olympique Marseille,Sylvain Wiltord,34,Second Striker,Stade Rennais,Free Transfer,in,0,Ligue 1,2008,2008/2009
Olympique Marseille,Rudy Riou,28,Goalkeeper,Toulouse,?,in,NA,Ligue 1,2008,2008/2009
Olympique Marseille,Fabrice Begeorgi,21,Left-Back,TuS Koblenz,"End of loanJan 5, 2009",in,0,Ligue 1,2008,2008/2009
Olympique Marseille,Guy Gnabouyou,18,Centre-Forward,Marseille B,-,in,0,Ligue 1,2008,2008/2009
Olympique Marseille,Dmitri Nepogodov,20,Goalkeeper,Marseille B,-,in,0,Ligue 1,2008,2008/2009
Olympique Marseille,Thomas Deruda,21,Central Midfield,CF Badalona,"End of loanJun 30, 2008",in,0,Ligue 1,2008,2008/2009
Olympique Marseille,Garry Bocaly,20,Right-Back,Lib.-St.-Seurin,"End of loanJun 30, 2008",in,0,Ligue 1,2008,2008/2009
Olympique Marseille,Renato Civelli,24,Centre-Back,Gimnasia,"End of loanJun 30, 2008",in,0,Ligue 1,2008,2008/2009
Olympique Marseille,Mame N'Diaye,21,Left-Back,Lib.-St.-Seurin,"End of loanJun 30, 2008",in,0,Ligue 1,2008,2008/2009
Olympique Marseille,Fabrice Begeorgi,21,Left-Back,SC Amiens,"End of loanJun 30, 2008",in,0,Ligue 1,2008,2008/2009
Olympique Marseille,Habib Bamogo,26,Second Striker,OGC Nice,"End of loanJun 30, 2008",in,0,Ligue 1,2008,2008/2009
Olympique Marseille,Salim Arrache,25,Left Winger,Toulouse,"End of loanJun 30, 2008",in,0,Ligue 1,2008,2008/2009
Olympique Marseille,Mohamed Dennoun,22,Attacking Midfield,Lib.-St.-Seurin,"End of loanJun 30, 2008",in,0,Ligue 1,2008,2008/2009
Olympique Marseille,Medhi Benatia,21,Centre-Back,FC Lorient,"End of loanJun 30, 2008",in,0,Ligue 1,2008,2008/2009
Olympique Marseille,Vincent Gragnic,25,Attacking Midfield,Troyes,"End of loanJun 30, 2008",in,0,Ligue 1,2008,2008/2009
Olympique Marseille,Samir Nasri,21,Attacking Midfield,Arsenal,£14.40m,out,14.4,Ligue 1,2008,2008/2009
Olympique Marseille,Cédric Carrasso,26,Goalkeeper,Toulouse,£2.25m,out,2.25,Ligue 1,2008,2008/2009
Olympique Marseille,Habib Bamogo,26,Second Striker,OGC Nice,£1.35m,out,1.35,Ligue 1,2008,2008/2009
Olympique Marseille,Djibril Cissé,27,Centre-Forward,Sunderland,Loan fee:£1.35m,out,1.35,Ligue 1,2008,2008/2009
Olympique Marseille,Elamine Erbate,27,Centre-Back,Al-Wahda FC,£810k,out,0.81,Ligue 1,2008,2008/2009
Olympique Marseille,Jacques Faty,24,Centre-Back,FC Sochaux,£675k,out,0.675,Ligue 1,2008,2008/2009
Olympique Marseille,Bostjan Cesar,26,Centre-Back,Grenoble,£360k,out,0.36,Ligue 1,2008,2008/2009
Olympique Marseille,Vincent Gragnic,25,Attacking Midfield,Reims,£90k,out,0.09,Ligue 1,2008,2008/2009
Olympique Marseille,Milos Krstic,21,Attacking Midfield,AC Ajaccio,Loan,out,0,Ligue 1,2008,2008/2009
Olympique Marseille,André Ayew,18,Left Winger,FC Lorient,Loan,out,0,Ligue 1,2008,2008/2009
Olympique Marseille,Sébastien Hamel,32,Goalkeeper,Toulouse,Free Transfer,out,0,Ligue 1,2008,2008/2009
Olympique Marseille,Fabrice Begeorgi,21,Left-Back,W. Bremen II,Loan,out,0,Ligue 1,2008,2008/2009
Olympique Marseille,Elliot Grandin,21,Right Winger,Grenoble,Loan,out,0,Ligue 1,2008,2008/2009
Olympique Marseille,Fabrice Begeorgi,21,Left-Back,TuS Koblenz,Loan,out,0,Ligue 1,2008,2008/2009
Olympique Marseille,Salim Arrache,26,Left Winger,Reims,Loan,out,0,Ligue 1,2008,2008/2009
Olympique Marseille,Thomas Deruda,21,Central Midfield,Montpellier,Loan,out,0,Ligue 1,2008,2008/2009
Olympique Marseille,Leyti N'Diaye,23,Centre-Back,AC Ajaccio,Loan,out,0,Ligue 1,2008,2008/2009
Olympique Marseille,Mame N'Diaye,21,Left-Back,US Boulogne,Free Transfer,out,0,Ligue 1,2008,2008/2009
Olympique Marseille,Wilson Oruma,31,Attacking Midfield,Guingamp,Free Transfer,out,0,Ligue 1,2008,2008/2009
Olympique Marseille,Pape M'Bow,20,Centre-Back,Cannes,Loan,out,0,Ligue 1,2008,2008/2009
Olympique Marseille,Medhi Benatia,21,Centre-Back,Clermont Foot,Free Transfer,out,0,Ligue 1,2008,2008/2009
Olympique Marseille,Jean-Philippe Sabo,21,Left-Back,Montpellier,Loan,out,0,Ligue 1,2008,2008/2009
Olympique Marseille,Garry Bocaly,20,Right-Back,Montpellier,Loan,out,0,Ligue 1,2008,2008/2009
Olympique Marseille,Gaël Givet,27,Centre-Back,Blackburn,Loan,out,0,Ligue 1,2008,2008/2009
Olympique Marseille,Sébastien Mate,36,Goalkeeper,Retired,-,out,0,Ligue 1,2008,2008/2009
Olympique Marseille,Steve Mandanda,23,Goalkeeper,AC Le Havre,"End of loanJun 30, 2008",out,0,Ligue 1,2008,2008/2009
Olympique Marseille,Kanga Akalé,27,Left Winger,Lens,"End of loanJun 30, 2008",out,0,Ligue 1,2008,2008/2009
Olympique Marseille,Juan Krupoviesa,29,Left-Back,Boca Juniors,"End of loanJun 30, 2008",out,0,Ligue 1,2008,2008/2009
FC Toulouse,Sören Larsen,26,Centre-Forward,FC Schalke 04,£2.70m,in,2.7,Ligue 1,2008,2008/2009
FC Toulouse,Étienne Didot,24,Central Midfield,Stade Rennais,£2.70m,in,2.7,Ligue 1,2008,2008/2009
FC Toulouse,Cédric Carrasso,26,Goalkeeper,Marseille,£2.25m,in,2.25,Ligue 1,2008,2008/2009
FC Toulouse,Mauro Cetto,26,Centre-Back,FC Nantes,£1.17m,in,1.17,Ligue 1,2008,2008/2009
FC Toulouse,Daniel Braaten,26,Right Winger,Bolton,Free Transfer,in,0,Ligue 1,2008,2008/2009
FC Toulouse,Olivier Blondel,29,Goalkeeper,AC Le Havre,Free Transfer,in,0,Ligue 1,2008,2008/2009
FC Toulouse,Mathieu Berson,28,Defensive Midfield,Levante,Free Transfer,in,0,Ligue 1,2008,2008/2009
FC Toulouse,Sébastien Hamel,32,Goalkeeper,Marseille,Free Transfer,in,0,Ligue 1,2008,2008/2009
FC Toulouse,Ahmed Soukouna,18,Centre-Forward,Toulouse B,-,in,0,Ligue 1,2008,2008/2009
FC Toulouse,Oumar N'Diaye,19,Defensive Midfield,Toulouse B,-,in,0,Ligue 1,2008,2008/2009
FC Toulouse,Franck Tabanou,19,Left-Back,Toulouse B,-,in,0,Ligue 1,2008,2008/2009
FC Toulouse,Fabinho,29,Defensive Midfield,Corinthians,"End of loanMay 1, 2009",in,0,Ligue 1,2008,2008/2009
FC Toulouse,Anthony Ouasfane,19,Centre-Back,Toulouse B,-,in,0,Ligue 1,2008,2008/2009
FC Toulouse,Xavier Pentecôte,21,Centre-Forward,SC Bastia,"End of loanJun 30, 2008",in,0,Ligue 1,2008,2008/2009
FC Toulouse,Alexandre Bonnet,21,Left Winger,CS Sedan,"End of loanJun 30, 2008",in,0,Ligue 1,2008,2008/2009
FC Toulouse,Pavel Fort,25,Centre-Forward,FC Brüssel,"End of loanJun 30, 2008",in,0,Ligue 1,2008,2008/2009
FC Toulouse,Walid Cherfa,22,Left-Back,Tours FC,"End of loanJun 1, 2008",in,0,Ligue 1,2008,2008/2009
FC Toulouse,Alsény Camara,21,Centre-Back,Rodez AF,"End of loanJun 30, 2008",in,0,Ligue 1,2008,2008/2009
FC Toulouse,Johan Elmander,27,Centre-Forward,Bolton,£11.34m,out,11.34,Ligue 1,2008,2008/2009
FC Toulouse,Achille Emaná,26,Attacking Midfield,Real Betis,£6.30m,out,6.3,Ligue 1,2008,2008/2009
FC Toulouse,Nicolas Douchez,28,Goalkeeper,Stade Rennais,£1.80m,out,1.8,Ligue 1,2008,2008/2009
FC Toulouse,Jon Jönsson,24,Centre-Back,Bröndby IF,£450k,out,0.45,Ligue 1,2008,2008/2009
FC Toulouse,Nicolas Dieuze,29,Central Midfield,AC Le Havre,£360k,out,0.36,Ligue 1,2008,2008/2009
FC Toulouse,Walid Cherfa,22,Left-Back,Gimnàstic,Free Transfer,out,0,Ligue 1,2008,2008/2009
FC Toulouse,Alan Mermillod,23,Goalkeeper,Troyes,Free Transfer,out,0,Ligue 1,2008,2008/2009
FC Toulouse,Issoumaila Dao,24,Centre-Back,SC Bastia,Free Transfer,out,0,Ligue 1,2008,2008/2009
FC Toulouse,Santos,29,Centre-Forward,FC Sochaux,Free Transfer,out,0,Ligue 1,2008,2008/2009
FC Toulouse,Alsény Camara,21,Centre-Back,LB Châteauroux,Free Transfer,out,0,Ligue 1,2008,2008/2009
FC Toulouse,Laurent Batlles,32,Attacking Midfield,Grenoble,Free Transfer,out,0,Ligue 1,2008,2008/2009
FC Toulouse,Kévin Dupuis,21,Centre-Forward,Rodez AF,Loan,out,0,Ligue 1,2008,2008/2009
FC Toulouse,Pavel Fort,25,Centre-Forward,Slavia Prag,Loan,out,0,Ligue 1,2008,2008/2009
FC Toulouse,Hérita Ilunga,26,Left-Back,West Ham,Loan,out,0,Ligue 1,2008,2008/2009
FC Toulouse,Fabinho,29,Defensive Midfield,Cruzeiro,?,out,NA,Ligue 1,2008,2008/2009
FC Toulouse,Rudy Riou,28,Goalkeeper,Marseille,?,out,NA,Ligue 1,2008,2008/2009
FC Toulouse,Dominique Arribagé,37,Centre-Back,Retired,-,out,0,Ligue 1,2008,2008/2009
FC Toulouse,Mauro Cetto,26,Centre-Back,FC Nantes,"End of loanJun 30, 2008",out,0,Ligue 1,2008,2008/2009
FC Toulouse,Eduardo Ratinho,20,Right-Back,Corinthians,"End of loanJun 30, 2008",out,0,Ligue 1,2008,2008/2009
FC Toulouse,Salim Arrache,25,Left Winger,Marseille,"End of loanJun 30, 2008",out,0,Ligue 1,2008,2008/2009
Stade Rennais FC,Asamoah Gyan,22,Centre-Forward,Udinese,£7.20m,in,7.2,Ligue 1,2008,2008/2009
Stade Rennais FC,Nicolas Douchez,28,Goalkeeper,Toulouse,£1.80m,in,1.8,Ligue 1,2008,2008/2009
Stade Rennais FC,Lucien Aubey,24,Centre-Back,Lens,£1.80m,in,1.8,Ligue 1,2008,2008/2009
Stade Rennais FC,Kader Mangane,25,Centre-Back,Lens,£1.80m,in,1.8,Ligue 1,2008,2008/2009
Stade Rennais FC,Carlos Bocanegra,29,Centre-Back,Fulham,Free Transfer,in,0,Ligue 1,2008,2008/2009
Stade Rennais FC,John Boye,21,Centre-Back,Heart of Lions,Loan,in,0,Ligue 1,2008,2008/2009
Stade Rennais FC,Yann M'Vila,18,Defensive Midfield,Rennes B,-,in,0,Ligue 1,2008,2008/2009
Stade Rennais FC,Prince Oniangué,19,Defensive Midfield,Rennes B,-,in,0,Ligue 1,2008,2008/2009
Stade Rennais FC,Benjamin Moukandjo,19,Centre-Forward,Rennes B,-,in,0,Ligue 1,2008,2008/2009
Stade Rennais FC,Damien Le Tallec,18,Defensive Midfield,Rennes B,-,in,0,Ligue 1,2008,2008/2009
Stade Rennais FC,Kévin Théophile-Catherine,18,Centre-Back,Rennes B,-,in,0,Ligue 1,2008,2008/2009
Stade Rennais FC,Fabrice Ondama,20,Centre-Forward,Rennes B,-,in,0,Ligue 1,2008,2008/2009
Stade Rennais FC,Samuel Souprayen,19,Centre-Back,Rennes B,-,in,0,Ligue 1,2008,2008/2009
Stade Rennais FC,Cheick N'Diaye,23,Goalkeeper,US Créteil,"End of loanJun 30, 2008",in,0,Ligue 1,2008,2008/2009
Stade Rennais FC,Kévin Bru,19,Central Midfield,LB Châteauroux,"End of loanJun 30, 2008",in,0,Ligue 1,2008,2008/2009
Stade Rennais FC,Moussa Sow,22,Centre-Forward,CS Sedan,"End of loanJun 30, 2008",in,0,Ligue 1,2008,2008/2009
Stade Rennais FC,John Mensah,25,Centre-Back,Olympique Lyon,£7.56m,out,7.56,Ligue 1,2008,2008/2009
Stade Rennais FC,Étienne Didot,24,Central Midfield,Toulouse,£2.70m,out,2.7,Ligue 1,2008,2008/2009
Stade Rennais FC,Simon Pouplin,23,Goalkeeper,SC Freiburg,£360k,out,0.36,Ligue 1,2008,2008/2009
Stade Rennais FC,Olivier Sorlin,29,Defensive Midfield,PAOK Salonika,Loan fee:£135k,out,0.135,Ligue 1,2008,2008/2009
Stade Rennais FC,Kévin Bru,19,Central Midfield,Clermont Foot,Loan,out,0,Ligue 1,2008,2008/2009
Stade Rennais FC,Guillaume Borne,20,Right-Back,Stade Brest 29,Loan,out,0,Ligue 1,2008,2008/2009
Stade Rennais FC,Lhadji Badiane,21,Right Winger,Clermont Foot,Loan,out,0,Ligue 1,2008,2008/2009
Stade Rennais FC,Fabrice Ondama,20,Centre-Forward,US Créteil,Loan,out,0,Ligue 1,2008,2008/2009
Stade Rennais FC,Felix Katongo,24,Attacking Midfield,LB Châteauroux,Loan,out,0,Ligue 1,2008,2008/2009
Stade Rennais FC,Fabrice Catherine,35,Goalkeeper,AS Cherbourg,Free Transfer,out,0,Ligue 1,2008,2008/2009
Stade Rennais FC,Daniel Moreira,30,Second Striker,Grenoble,Loan,out,0,Ligue 1,2008,2008/2009
Stade Rennais FC,Benjamin Moukandjo,19,Centre-Forward,Entente SSG,Loan,out,0,Ligue 1,2008,2008/2009
Stade Rennais FC,Sylvain Wiltord,34,Second Striker,Marseille,Free Transfer,out,0,Ligue 1,2008,2008/2009
Stade Rennais FC,Djimi Traoré,28,Centre-Back,Portsmouth,"End of loanJun 30, 2008",out,0,Ligue 1,2008,2008/2009
FC Girondins Bordeaux,Yoan Gouffran,22,Left Winger,SM Caen,£5.85m,in,5.85,Ligue 1,2008,2008/2009
FC Girondins Bordeaux,Yoann Gourcuff,21,Attacking Midfield,AC Milan,Loan fee:£1.26m,in,1.26,Ligue 1,2008,2008/2009
FC Girondins Bordeaux,Diego Placente,31,Left-Back,San Lorenzo,Free Transfer,in,0,Ligue 1,2008,2008/2009
FC Girondins Bordeaux,Floyd Ayité,19,Left Winger,G. Bordeaux B,-,in,0,Ligue 1,2008,2008/2009
FC Girondins Bordeaux,Abdou Traoré,20,Central Midfield,G. Bordeaux B,-,in,0,Ligue 1,2008,2008/2009
FC Girondins Bordeaux,Cheick Diabaté,20,Centre-Forward,G. Bordeaux B,-,in,0,Ligue 1,2008,2008/2009
FC Girondins Bordeaux,Grégory Sertic,18,Defensive Midfield,G. Bordeaux B,-,in,0,Ligue 1,2008,2008/2009
FC Girondins Bordeaux,Paul Baysse,20,Centre-Back,CS Sedan,"End of loanJun 30, 2008",in,0,Ligue 1,2008,2008/2009
FC Girondins Bordeaux,Youssef Sekour,20,Defensive Midfield,FC Nantes,"End of loanJun 30, 2008",in,0,Ligue 1,2008,2008/2009
FC Girondins Bordeaux,Bruno Ecuele Manga,19,Centre-Back,Rodez AF,"End of loanJun 30, 2008",in,0,Ligue 1,2008,2008/2009
FC Girondins Bordeaux,Kevin Tunani,21,Centre-Back,Beauvais,"End of loanJun 30, 2008",in,0,Ligue 1,2008,2008/2009
FC Girondins Bordeaux,Alejandro Alonso,26,Right Midfield,Monaco,£2.25m,out,2.25,Ligue 1,2008,2008/2009
FC Girondins Bordeaux,Ted Lavie,22,Right-Back,SCO Angers,Loan,out,0,Ligue 1,2008,2008/2009
FC Girondins Bordeaux,Youssef Sekour,20,Defensive Midfield,CS Sedan,Free Transfer,out,0,Ligue 1,2008,2008/2009
FC Girondins Bordeaux,Floyd Ayité,19,Left Winger,SCO Angers,Loan,out,0,Ligue 1,2008,2008/2009
FC Girondins Bordeaux,David Jemmali,33,Right-Back,Grenoble,Free Transfer,out,0,Ligue 1,2008,2008/2009
FC Girondins Bordeaux,Bruno Ecuele Manga,19,Centre-Back,SCO Angers,Free Transfer,out,0,Ligue 1,2008,2008/2009
FC Girondins Bordeaux,Kevin Tunani,21,Centre-Back,US Saint-Malo,Free Transfer,out,0,Ligue 1,2008,2008/2009
FC Girondins Bordeaux,Florian Marange,22,Left-Back,AC Le Havre,Loan,out,0,Ligue 1,2008,2008/2009
FC Girondins Bordeaux,Romain Brégerie,21,Centre-Back,FC Metz,Free Transfer,out,0,Ligue 1,2008,2008/2009
FC Girondins Bordeaux,Gabriel Obertan,19,Right Winger,FC Lorient,Loan,out,0,Ligue 1,2008,2008/2009
FC Girondins Bordeaux,Juan Pablo Francia,23,Attacking Midfield,Sport. Belgrano,?,out,NA,Ligue 1,2008,2008/2009
FC Girondins Bordeaux,Cheick Diabaté,20,Centre-Forward,AC Ajaccio,Loan,out,0,Ligue 1,2008,2008/2009
FC Girondins Bordeaux,Paul Baysse,20,Centre-Back,CS Sedan,?,out,NA,Ligue 1,2008,2008/2009
FC Girondins Bordeaux,Wilfried Moimbé,19,Left-Back,Reims,Loan,out,0,Ligue 1,2008,2008/2009
FC Girondins Bordeaux,Johan Micoud,34,Attacking Midfield,Retired,-,out,0,Ligue 1,2008,2008/2009
FC Sochaux-Montbéliard,Vaclav Sverkos,25,Centre-Forward,Banik Ostrava,£2.25m,in,2.25,Ligue 1,2008,2008/2009
FC Sochaux-Montbéliard,Yassin Mikari,25,Left-Back,Grasshoppers,£1.35m,in,1.35,Ligue 1,2008,2008/2009
FC Sochaux-Montbéliard,Damien Perquis,24,Centre-Back,Saint-Étienne,£900k,in,0.9,Ligue 1,2008,2008/2009
FC Sochaux-Montbéliard,Carlão,22,Centre-Back,Corinthians,£720k,in,0.72,Ligue 1,2008,2008/2009
FC Sochaux-Montbéliard,Jacques Faty,24,Centre-Back,Marseille,£675k,in,0.675,Ligue 1,2008,2008/2009
FC Sochaux-Montbéliard,Santos,29,Centre-Forward,Toulouse,Free Transfer,in,0,Ligue 1,2008,2008/2009
FC Sochaux-Montbéliard,Olivier Thomas,34,Left-Back,FC Nantes,Free Transfer,in,0,Ligue 1,2008,2008/2009
FC Sochaux-Montbéliard,Édouard Butin,20,Centre-Forward,FC Sochaux B,-,in,0,Ligue 1,2008,2008/2009
FC Sochaux-Montbéliard,Ryad Boudebouz,18,Attacking Midfield,FC Sochaux B,-,in,0,Ligue 1,2008,2008/2009
FC Sochaux-Montbéliard,Sloan Privat,18,Centre-Forward,FC Sochaux B,-,in,0,Ligue 1,2008,2008/2009
FC Sochaux-Montbéliard,Valéry Mézague,24,Attacking Midfield,AC Le Havre,"End of loanJul 1, 2008",in,0,Ligue 1,2008,2008/2009
FC Sochaux-Montbéliard,Ivan Perisic,19,Left Winger,FC Sochaux B,-,in,0,Ligue 1,2008,2008/2009
FC Sochaux-Montbéliard,Frédéric Duplus,18,Right-Back,FC Sochaux B,-,in,0,Ligue 1,2008,2008/2009
FC Sochaux-Montbéliard,Geoffrey Tulasne,20,Central Midfield,FC Sochaux B,-,in,0,Ligue 1,2008,2008/2009
FC Sochaux-Montbéliard,Álvaro Santos,28,Centre-Forward,R. Strasbourg,"End of loanJun 30, 2008",in,0,Ligue 1,2008,2008/2009
FC Sochaux-Montbéliard,Hakim El Bounadi,21,Centre-Back,Clermont Foot,"End of loanJun 30, 2008",in,0,Ligue 1,2008,2008/2009
FC Sochaux-Montbéliard,Robin Previtali,21,Attacking Midfield,Beauvais,"End of loanJun 30, 2008",in,0,Ligue 1,2008,2008/2009
FC Sochaux-Montbéliard,Guirane N'Daw,24,Defensive Midfield,FC Nantes,£2.43m,out,2.43,Ligue 1,2008,2008/2009
FC Sochaux-Montbéliard,Sébastien Grax,24,Centre-Forward,Saint-Étienne,£1.80m,out,1.8,Ligue 1,2008,2008/2009
FC Sochaux-Montbéliard,Moumouni Dagano,27,Centre-Forward,Al Khor,£765k,out,0.765,Ligue 1,2008,2008/2009
FC Sochaux-Montbéliard,Valter Birsa,22,Attacking Midfield,AJ Auxerre,Loan fee:£225k,out,0.225,Ligue 1,2008,2008/2009
FC Sochaux-Montbéliard,Lionel Mathis,26,Defensive Midfield,Guingamp,Loan,out,0,Ligue 1,2008,2008/2009
FC Sochaux-Montbéliard,Ivan Perisic,19,Left Winger,KSV Roeselare,Loan,out,0,Ligue 1,2008,2008/2009
FC Sochaux-Montbéliard,Álvaro Santos,29,Centre-Forward,Örgryte,Free Transfer,out,0,Ligue 1,2008,2008/2009
FC Sochaux-Montbéliard,Jérémie Bréchet,28,Centre-Back,PSV Eindhoven,Free Transfer,out,0,Ligue 1,2008,2008/2009
FC Sochaux-Montbéliard,Maxime Josse,21,Right-Back,SCO Angers,Loan,out,0,Ligue 1,2008,2008/2009
FC Sochaux-Montbéliard,Robin Previtali,21,Attacking Midfield,Louh.-Cuiseaux,Loan,out,0,Ligue 1,2008,2008/2009
FC Sochaux-Montbéliard,Boukary Dramé,23,Left-Back,Real Sociedad,Loan,out,0,Ligue 1,2008,2008/2009
FC Sochaux-Montbéliard,Kandia Traoré,28,Centre-Forward,R. Strasbourg,Loan,out,0,Ligue 1,2008,2008/2009
FC Sochaux-Montbéliard,Badara Sène,23,Defensive Midfield,Guingamp,Loan,out,0,Ligue 1,2008,2008/2009
FC Sochaux-Montbéliard,Valéry Mézague,25,Attacking Midfield,LB Châteauroux,Loan,out,0,Ligue 1,2008,2008/2009
FC Sochaux-Montbéliard,Benjamin Genghini,22,Central Midfield,FC Sochaux B,-,out,0,Ligue 1,2008,2008/2009
FC Sochaux-Montbéliard,Santos,30,Centre-Forward,Without Club,-,out,0,Ligue 1,2008,2008/2009
FC Sochaux-Montbéliard,Gonzalo Vargas,26,Centre-Forward,Monaco,"End of loanJun 30, 2008",out,0,Ligue 1,2008,2008/2009
FC Sochaux-Montbéliard,Fabrice Pancrate,28,Right Winger,Paris SG,"End of loanJun 30, 2008",out,0,Ligue 1,2008,2008/2009
FC Sochaux-Montbéliard,Damien Perquis,24,Centre-Back,Saint-Étienne,"End of loanJun 30, 2008",out,0,Ligue 1,2008,2008/2009
AJ Auxerre,Dariusz Dudka,24,Centre-Back,Wisla Kraków,£2.25m,in,2.25,Ligue 1,2008,2008/2009
AJ Auxerre,Adama Coulibaly,27,Centre-Back,Lens,£1.80m,in,1.8,Ligue 1,2008,2008/2009
AJ Auxerre,Jérémy Berthod,24,Left-Back,Monaco,£900k,in,0.9,Ligue 1,2008,2008/2009
AJ Auxerre,Dennis Oliech,23,Right Winger,FC Nantes,£900k,in,0.9,Ligue 1,2008,2008/2009
AJ Auxerre,Moussa Narry,22,Defensive Midfield,ES Sahel,£855k,in,0.855,Ligue 1,2008,2008/2009
AJ Auxerre,Cédric Hengbart,27,Right-Back,SM Caen,£630k,in,0.63,Ligue 1,2008,2008/2009
AJ Auxerre,Valter Birsa,22,Attacking Midfield,FC Sochaux,Loan fee:£225k,in,0.225,Ligue 1,2008,2008/2009
AJ Auxerre,Maurice Dalé,22,Centre-Forward,FC Martigues,Free Transfer,in,0,Ligue 1,2008,2008/2009
AJ Auxerre,Amadou Sidibé,22,Left-Back,Djoliba AC,?,in,NA,Ligue 1,2008,2008/2009
AJ Auxerre,Jérémy Huyghebaert,19,Left-Back,Exc. Mouscron,?,in,NA,Ligue 1,2008,2008/2009
AJ Auxerre,Delvin N'Dinga,20,Defensive Midfield,AJ Auxerre B,-,in,0,Ligue 1,2008,2008/2009
AJ Auxerre,Lynel Kitambala,19,Centre-Forward,AJ Auxerre U19,-,in,0,Ligue 1,2008,2008/2009
AJ Auxerre,Marc Fachan,19,Right-Back,AJ Auxerre B,-,in,0,Ligue 1,2008,2008/2009
AJ Auxerre,Frédéric Thomas,27,Central Midfield,Le Mans UC 72,£2.70m,out,2.7,Ligue 1,2008,2008/2009
AJ Auxerre,Gabriel Tamas,24,Centre-Back,Dinamo Bukarest,Loan fee:£360k,out,0.36,Ligue 1,2008,2008/2009
AJ Auxerre,Ludovic Genest,20,Attacking Midfield,SC Bastia,Loan,out,0,Ligue 1,2008,2008/2009
AJ Auxerre,Marcos António,25,Centre-Back,PAOK Salonika,Loan,out,0,Ligue 1,2008,2008/2009
AJ Auxerre,Jean-Sébastien Jaurès,30,Left-Back,Bor. M'gladbach,Free Transfer,out,0,Ligue 1,2008,2008/2009
AJ Auxerre,Alain Traoré,20,Attacking Midfield,Stade Brest 29,Loan,out,0,Ligue 1,2008,2008/2009
AJ Auxerre,Baptiste Martin,23,Centre-Back,Clermont Foot,Loan,out,0,Ligue 1,2008,2008/2009
AJ Auxerre,Jérémy Huyghebaert,19,Left-Back,KSV Roeselare,Loan,out,0,Ligue 1,2008,2008/2009
AJ Auxerre,Vlad Munteanu,27,Left Midfield,VfL Wolfsburg,"End of loanJun 30, 2008",out,0,Ligue 1,2008,2008/2009
AJ Auxerre,Sammy Traoré,32,Centre-Back,Paris SG,"End of loanJun 30, 2008",out,0,Ligue 1,2008,2008/2009
AJ Auxerre,Dennis Oliech,23,Right Winger,FC Nantes,"End of loanJun 30, 2008",out,0,Ligue 1,2008,2008/2009
AS Monaco,Alejandro Alonso,26,Right Midfield,G. Bordeaux,£2.25m,in,2.25,Ligue 1,2008,2008/2009
AS Monaco,Ju-yeong Park,23,Centre-Forward,FC Seoul,£1.80m,in,1.8,Ligue 1,2008,2008/2009
AS Monaco,Jean-Jacques Gosso,25,Defensive Midfield,FC Ashdod,£630k,in,0.63,Ligue 1,2008,2008/2009
AS Monaco,Igor Lolo,26,Right-Back,Dnipro,Free Transfer,in,0,Ligue 1,2008,2008/2009
AS Monaco,Dario Simic,32,Centre-Back,AC Milan,Free Transfer,in,0,Ligue 1,2008,2008/2009
AS Monaco,Patrick Müller,31,Centre-Back,Olympique Lyon,Free Transfer,in,0,Ligue 1,2008,2008/2009
AS Monaco,Sani Kaita,22,Defensive Midfield,Sparta R.,Free Transfer,in,0,Ligue 1,2008,2008/2009
AS Monaco,Freddy Adu,19,Attacking Midfield,Benfica,Loan,in,0,Ligue 1,2008,2008/2009
AS Monaco,Elia Legati,22,Centre-Back,AC Milan,Loan,in,0,Ligue 1,2008,2008/2009
AS Monaco,Nicolas N'Koulou,18,Centre-Back,Monaco B,-,in,0,Ligue 1,2008,2008/2009
AS Monaco,Manuel Vallaurio,21,Goalkeeper,Croix de Savoie,"End of loanDec 31, 2008",in,0,Ligue 1,2008,2008/2009
AS Monaco,Torben Joneleit,21,Centre-Back,Monaco B,-,in,0,Ligue 1,2008,2008/2009
AS Monaco,Yohan Mollo,18,Left Winger,Monaco B,-,in,0,Ligue 1,2008,2008/2009
AS Monaco,Yohann Thuram,19,Goalkeeper,Monaco B,-,in,0,Ligue 1,2008,2008/2009
AS Monaco,Yannick Sagbo,20,Centre-Forward,Monaco B,-,in,0,Ligue 1,2008,2008/2009
AS Monaco,Kévin Diaz,19,Right Midfield,Monaco B,-,in,0,Ligue 1,2008,2008/2009
AS Monaco,Distel Zola,19,Defensive Midfield,Monaco B,-,in,0,Ligue 1,2008,2008/2009
AS Monaco,Lukman Haruna,18,Central Midfield,Monaco B,-,in,0,Ligue 1,2008,2008/2009
AS Monaco,Vincent Ramaël,20,Centre-Forward,Monaco B,-,in,0,Ligue 1,2008,2008/2009
AS Monaco,Vincent Ramaël,20,Centre-Forward,AFC Tubize,"End of loanDec 31, 2008",in,0,Ligue 1,2008,2008/2009
AS Monaco,Loïc Dufau,19,Defensive Midfield,Monaco B,-,in,0,Ligue 1,2008,2008/2009
AS Monaco,Gonzalo Vargas,26,Centre-Forward,FC Sochaux,"End of loanJun 30, 2008",in,0,Ligue 1,2008,2008/2009
AS Monaco,Alexandre Licata,24,Centre-Forward,SC Bastia,"End of loanJun 30, 2008",in,0,Ligue 1,2008,2008/2009
AS Monaco,Frédéric Nimani,19,Centre-Forward,CS Sedan,"End of loanJun 30, 2008",in,0,Ligue 1,2008,2008/2009
AS Monaco,Thomas Mangani,21,Central Midfield,AC Ajaccio,"End of loanJun 30, 2008",in,0,Ligue 1,2008,2008/2009
AS Monaco,Juan Pablo Pino,21,Right Winger,RSC Charleroi,"End of loanJun 30, 2008",in,0,Ligue 1,2008,2008/2009
AS Monaco,Jérémy Ménez,21,Second Striker,AS Roma,£10.80m,out,10.8,Ligue 1,2008,2008/2009
AS Monaco,Frédéric Piquionne,29,Centre-Forward,Olympique Lyon,£4.05m,out,4.05,Ligue 1,2008,2008/2009
AS Monaco,Sylvain Monsoreau,27,Centre-Back,Saint-Étienne,£3.60m,out,3.6,Ligue 1,2008,2008/2009
AS Monaco,Jérémy Berthod,24,Left-Back,AJ Auxerre,£900k,out,0.9,Ligue 1,2008,2008/2009
AS Monaco,Nenê,27,Attacking Midfield,Espanyol,Loan fee:£630k,out,0.63,Ligue 1,2008,2008/2009
AS Monaco,Bolívar,27,Centre-Back,Internacional,Loan fee:£270k,out,0.27,Ligue 1,2008,2008/2009
AS Monaco,Gonzalo Vargas,26,Centre-Forward,Atlas,Loan fee:£135k,out,0.135,Ligue 1,2008,2008/2009
AS Monaco,Lucas Bernardi,31,Central Midfield,Newell's,Free Transfer,out,0,Ligue 1,2008,2008/2009
AS Monaco,Torben Joneleit,21,Centre-Back,RSC Charleroi,Loan,out,0,Ligue 1,2008,2008/2009
AS Monaco,Arnaud Lescure,22,Centre-Back,Rodez AF,Loan,out,0,Ligue 1,2008,2008/2009
AS Monaco,Malaury Martin,20,Central Midfield,Nîmes Olympique,Loan,out,0,Ligue 1,2008,2008/2009
AS Monaco,Leandro Cufré,30,Left-Back,Hertha BSC,Loan,out,0,Ligue 1,2008,2008/2009
AS Monaco,Manuel Vallaurio,21,Goalkeeper,Croix de Savoie,Loan,out,0,Ligue 1,2008,2008/2009
AS Monaco,Vincent Ramaël,20,Centre-Forward,AFC Tubize,Loan,out,0,Ligue 1,2008,2008/2009
AS Monaco,Sani Kaita,22,Defensive Midfield,Kuban Krasnodar,Loan,out,0,Ligue 1,2008,2008/2009
AS Monaco,Massamba Sambou,21,Centre-Back,AC Le Havre,Loan,out,0,Ligue 1,2008,2008/2009
AS Monaco,Elia Legati,22,Centre-Back,AC Milan,"End of loanDec 1, 2008",out,0,Ligue 1,2008,2008/2009
AS Monaco,Fábio Santos,22,Left-Back,São Paulo,"End of loanJun 30, 2008",out,0,Ligue 1,2008,2008/2009
AS Monaco,Sergio Almirón,27,Central Midfield,Juventus,"End of loanJun 30, 2008",out,0,Ligue 1,2008,2008/2009
AS Monaco,Ignacio González,26,Attacking Midfield,Danubio FC,"End of loanJun 30, 2008",out,0,Ligue 1,2008,2008/2009
LOSC Lille,Rio Mavuba,24,Defensive Midfield,Villarreal,£6.30m,in,6.3,Ligue 1,2008,2008/2009
LOSC Lille,Túlio de Melo,23,Centre-Forward,US Palermo,£3.60m,in,3.6,Ligue 1,2008,2008/2009
LOSC Lille,Róbert Vittek,26,Centre-Forward,1.FC Nuremberg,£3.60m,in,3.6,Ligue 1,2008,2008/2009
LOSC Lille,Florent Balmont,28,Central Midfield,OGC Nice,£2.70m,in,2.7,Ligue 1,2008,2008/2009
LOSC Lille,Emil Lyng,18,Second Striker,Aarhus GF,£450k,in,0.45,Ligue 1,2008,2008/2009
LOSC Lille,Ludovic Butelle,25,Goalkeeper,Valencia,Loan,in,0,Ligue 1,2008,2008/2009
LOSC Lille,Cédric Baseya,20,Centre-Forward,Southampton,Free Transfer,in,0,Ligue 1,2008,2008/2009
LOSC Lille,Eden Hazard,17,Left Winger,LOSC Lille U19,-,in,0,Ligue 1,2008,2008/2009
LOSC Lille,Brian Obino,20,Attacking Midfield,LOSC Lille B,-,in,0,Ligue 1,2008,2008/2009
LOSC Lille,Jerry Vandam,19,Right-Back,LOSC Lille B,-,in,0,Ligue 1,2008,2008/2009
LOSC Lille,Chris Makiese,21,Centre-Forward,RSC Charleroi,"End of loanDec 31, 2008",in,0,Ligue 1,2008,2008/2009
LOSC Lille,Larsen Touré,23,Right Winger,Grenoble,"End of loanJun 30, 2008",in,0,Ligue 1,2008,2008/2009
LOSC Lille,Emra Tahirovic,20,Forward,FC Zürich,"End of loanJun 30, 2008",in,0,Ligue 1,2008,2008/2009
LOSC Lille,Jean II Makoun,25,Defensive Midfield,Olympique Lyon,£12.60m,out,12.6,Ligue 1,2008,2008/2009
LOSC Lille,Kevin Mirallas,20,Right Winger,Saint-Étienne,£3.15m,out,3.15,Ligue 1,2008,2008/2009
LOSC Lille,Stephan Lichtsteiner,24,Right-Back,Lazio,£1.08m,out,1.08,Ligue 1,2008,2008/2009
LOSC Lille,Rafael,27,Centre-Back,Valenciennes FC,£900k,out,0.9,Ligue 1,2008,2008/2009
LOSC Lille,Tony Sylva,33,Goalkeeper,Trabzonspor,£540k,out,0.54,Ligue 1,2008,2008/2009
LOSC Lille,Yohann Lacroix,23,Goalkeeper,Thrasyvoulos,Free Transfer,out,0,Ligue 1,2008,2008/2009
LOSC Lille,Chris Makiese,21,Centre-Forward,Zulte Waregem,Loan,out,0,Ligue 1,2008,2008/2009
LOSC Lille,Chris Makiese,20,Centre-Forward,RSC Charleroi,Loan,out,0,Ligue 1,2008,2008/2009
LOSC Lille,Peter Franquart,23,Centre-Back,AC Le Havre,Loan,out,0,Ligue 1,2008,2008/2009
LOSC Lille,Samuel Robail,23,Attacking Midfield,FC Gueugnon,Free Transfer,out,0,Ligue 1,2008,2008/2009
LOSC Lille,Jérémy Taravel,21,Centre-Back,Zulte Waregem,Loan,out,0,Ligue 1,2008,2008/2009
LOSC Lille,Larsen Touré,24,Right Winger,Grenoble,Loan,out,0,Ligue 1,2008,2008/2009
LOSC Lille,Emra Tahirovic,20,Forward,FC Zürich,?,out,NA,Ligue 1,2008,2008/2009
LOSC Lille,Souleymane Youla,26,Centre-Forward,Eskisehirspor,Loan,out,0,Ligue 1,2008,2008/2009
LOSC Lille,Luis Yanes,25,Centre-Forward,Junior FC,Loan,out,0,Ligue 1,2008,2008/2009
LOSC Lille,Patrick Kluivert,32,Centre-Forward,Retired,-,out,0,Ligue 1,2008,2008/2009
LOSC Lille,Rio Mavuba,24,Defensive Midfield,Villarreal,"End of loanJun 30, 2008",out,0,Ligue 1,2008,2008/2009
AS Saint-Étienne,Sylvain Monsoreau,27,Centre-Back,Monaco,£3.60m,in,3.6,Ligue 1,2008,2008/2009
AS Saint-Étienne,Kevin Mirallas,20,Right Winger,LOSC Lille,£3.15m,in,3.15,Ligue 1,2008,2008/2009
AS Saint-Étienne,Sébastien Grax,24,Centre-Forward,FC Sochaux,£1.80m,in,1.8,Ligue 1,2008,2008/2009
AS Saint-Étienne,David Sauget,28,Left-Back,AS Nancy,Free Transfer,in,0,Ligue 1,2008,2008/2009
AS Saint-Étienne,Helton Dos Reis,20,Centre-Back,FC Gueugnon,Free Transfer,in,0,Ligue 1,2008,2008/2009
AS Saint-Étienne,Daisuke Matsui,27,Left Midfield,Le Mans UC 72,Free Transfer,in,0,Ligue 1,2008,2008/2009
AS Saint-Étienne,Paulo Machado,22,Central Midfield,FC Porto,Loan,in,0,Ligue 1,2008,2008/2009
AS Saint-Étienne,Pape Coulibaly,20,Goalkeeper,Saint-Étienne B,-,in,0,Ligue 1,2008,2008/2009
AS Saint-Étienne,Emmanuel Rivière,18,Centre-Forward,Saint-Étienne B,-,in,0,Ligue 1,2008,2008/2009
AS Saint-Étienne,Lasse Nilsson,26,Centre-Forward,Elfsborg,"End of loanDec 1, 2008",in,0,Ligue 1,2008,2008/2009
AS Saint-Étienne,Boubacar Mansaly,20,Defensive Midfield,Saint-Étienne B,-,in,0,Ligue 1,2008,2008/2009
AS Saint-Étienne,Amine Linganzi,18,Central Midfield,Saint-Étienne B,-,in,0,Ligue 1,2008,2008/2009
AS Saint-Étienne,Lasse Nilsson,26,Centre-Forward,Aalborg BK,"End of loanJun 30, 2008",in,0,Ligue 1,2008,2008/2009
AS Saint-Étienne,Samy Houri,22,Attacking Midfield,Paris FC,"End of loanJun 30, 2008",in,0,Ligue 1,2008,2008/2009
AS Saint-Étienne,Stéphen Vincent,21,Left Winger,FC Gueugnon,"End of loanJun 30, 2008",in,0,Ligue 1,2008,2008/2009
AS Saint-Étienne,Damien Perquis,24,Centre-Back,FC Sochaux,"End of loanJun 30, 2008",in,0,Ligue 1,2008,2008/2009
AS Saint-Étienne,Daniel Bilos,27,Left Midfield,San Lorenzo,"End of loanJun 30, 2008",in,0,Ligue 1,2008,2008/2009
AS Saint-Étienne,Yohan Hautcoeur,26,Central Midfield,FC Lorient,"End of loanJun 30, 2008",in,0,Ligue 1,2008,2008/2009
AS Saint-Étienne,Pascal Feindouno,27,Right Winger,Al Sadd,£4.50m,out,4.5,Ligue 1,2008,2008/2009
AS Saint-Étienne,Nivaldo,28,Centre-Back,Al Sadd,£2.70m,out,2.7,Ligue 1,2008,2008/2009
AS Saint-Étienne,Siaka Tiéné,26,Left-Back,Valenciennes FC,£900k,out,0.9,Ligue 1,2008,2008/2009
AS Saint-Étienne,Fredy Guarín,22,Central Midfield,FC Porto,£900k,out,0.9,Ligue 1,2008,2008/2009
AS Saint-Étienne,Damien Perquis,24,Centre-Back,FC Sochaux,£900k,out,0.9,Ligue 1,2008,2008/2009
AS Saint-Étienne,Stéphen Vincent,22,Left Winger,Cannes,Free Transfer,out,0,Ligue 1,2008,2008/2009
AS Saint-Étienne,Douala,29,Left Winger,Asteras Tripoli,Free Transfer,out,0,Ligue 1,2008,2008/2009
AS Saint-Étienne,Maodomalick Faye,20,Centre-Forward,Tours FC,Loan,out,0,Ligue 1,2008,2008/2009
AS Saint-Étienne,Jessy Moulin,22,Goalkeeper,AC Arles,Loan,out,0,Ligue 1,2008,2008/2009
AS Saint-Étienne,Samy Houri,23,Attacking Midfield,AC Arles,Loan,out,0,Ligue 1,2008,2008/2009
AS Saint-Étienne,Lasse Nilsson,26,Centre-Forward,Elfsborg,Loan,out,0,Ligue 1,2008,2008/2009
AS Saint-Étienne,Lasse Nilsson,26,Centre-Forward,Vitesse,Loan,out,0,Ligue 1,2008,2008/2009
AS Saint-Étienne,Daniel Bilos,27,Left Midfield,Without Club,-,out,0,Ligue 1,2008,2008/2009
Le Mans Union Club 72,Roland Lamah,20,Left Winger,RSC Anderlecht,£3.15m,in,3.15,Ligue 1,2008,2008/2009
Le Mans Union Club 72,Frédéric Thomas,27,Central Midfield,AJ Auxerre,£2.70m,in,2.7,Ligue 1,2008,2008/2009
Le Mans Union Club 72,Marcelo Estigarribia,20,Left Midfield,Cerro Porteño,£2.70m,in,2.7,Ligue 1,2008,2008/2009
Le Mans Union Club 72,Thorstein Helstad,31,Centre-Forward,SK Brann,£1.80m,in,1.8,Ligue 1,2008,2008/2009
Le Mans Union Club 72,Anthony Le Tallec,23,Centre-Forward,Liverpool,£1.35m,in,1.35,Ligue 1,2008,2008/2009
Le Mans Union Club 72,Zito,22,Central Midfield,KSK Beveren,£630k,in,0.63,Ligue 1,2008,2008/2009
Le Mans Union Club 72,Fredrik Strömstad,26,Attacking Midfield,Start,£540k,in,0.54,Ligue 1,2008,2008/2009
Le Mans Union Club 72,Hérold Goulon,20,Defensive Midfield,Boro U21,Free Transfer,in,0,Ligue 1,2008,2008/2009
Le Mans Union Club 72,Marcos Paulo,19,Central Midfield,FC Le Mans B,-,in,0,Ligue 1,2008,2008/2009
Le Mans Union Club 72,Mathieu Dossevi,20,Right Winger,FC Le Mans B,-,in,0,Ligue 1,2008,2008/2009
Le Mans Union Club 72,Abdou Dieye,20,Left Winger,FC Le Mans B,-,in,0,Ligue 1,2008,2008/2009
Le Mans Union Club 72,Romaric,25,Defensive Midfield,Sevilla FC,£7.65m,out,7.65,Ligue 1,2008,2008/2009
Le Mans Union Club 72,Stéphane Sessègnon,24,Attacking Midfield,Paris SG,£7.20m,out,7.2,Ligue 1,2008,2008/2009
Le Mans Union Club 72,Marko Basa,25,Centre-Back,Loko Moscow,£4.95m,out,4.95,Ligue 1,2008,2008/2009
Le Mans Union Club 72,Mamadou Samassa,22,Centre-Forward,Marseille,£540k,out,0.54,Ligue 1,2008,2008/2009
Le Mans Union Club 72,Túlio de Melo,23,Centre-Forward,US Palermo,Free Transfer,out,0,Ligue 1,2008,2008/2009
Le Mans Union Club 72,Martin Douillard,23,Left Winger,Clermont Foot,Free Transfer,out,0,Ligue 1,2008,2008/2009
Le Mans Union Club 72,Zito,22,Central Midfield,Stade Laval,Loan,out,0,Ligue 1,2008,2008/2009
Le Mans Union Club 72,Hassan Yebda,24,Central Midfield,Benfica,Free Transfer,out,0,Ligue 1,2008,2008/2009
Le Mans Union Club 72,Jean Calvé,24,Centre-Back,AS Nancy,Free Transfer,out,0,Ligue 1,2008,2008/2009
Le Mans Union Club 72,Clément Pinault,23,Centre-Back,Clermont Foot,Free Transfer,out,0,Ligue 1,2008,2008/2009
Le Mans Union Club 72,Daisuke Matsui,27,Left Midfield,Saint-Étienne,Free Transfer,out,0,Ligue 1,2008,2008/2009
Le Mans Union Club 72,Guillaume Loriot,22,Central Midfield,Clermont Foot,Loan,out,0,Ligue 1,2008,2008/2009
Le Mans Union Club 72,Alphousseyni Keita,23,Defensive Midfield,Nîmes Olympique,Loan,out,0,Ligue 1,2008,2008/2009
Le Mans Union Club 72,Mouhamed Alassani,19,Left Midfield,AS Togo Port,?,out,NA,Ligue 1,2008,2008/2009
Le Mans Union Club 72,Brahim El Bahri,22,Left Winger,FC Istres,?,out,NA,Ligue 1,2008,2008/2009
Le Mans Union Club 72,Anthony Le Tallec,23,Centre-Forward,Liverpool,"End of loanJun 30, 2008",out,0,Ligue 1,2008,2008/2009
AS Nancy-Lorraine,Abdeslam Ouaddou,29,Centre-Back,Valenciennes FC,£2.88m,in,2.88,Ligue 1,2008,2008/2009
AS Nancy-Lorraine,Paul Alo'o Efoulou,24,Centre-Forward,SCO Angers,£2.25m,in,2.25,Ligue 1,2008,2008/2009
AS Nancy-Lorraine,Veigar Páll Gunnarsson,28,Second Striker,Stabæk,£1.53m,in,1.53,Ligue 1,2008,2008/2009
AS Nancy-Lorraine,Julien Féret,25,Attacking Midfield,Reims,£1.44m,in,1.44,Ligue 1,2008,2008/2009
AS Nancy-Lorraine,Helder,20,Right-Back,Juventude,£1.35m,in,1.35,Ligue 1,2008,2008/2009
AS Nancy-Lorraine,Jean Calvé,24,Centre-Back,Le Mans UC 72,Free Transfer,in,0,Ligue 1,2008,2008/2009
AS Nancy-Lorraine,Geoffrey Adjet,20,Left-Back,Toulouse Font.,Free Transfer,in,0,Ligue 1,2008,2008/2009
AS Nancy-Lorraine,Joël Sami,23,Centre-Back,SC Amiens,Free Transfer,in,0,Ligue 1,2008,2008/2009
AS Nancy-Lorraine,Alfred N'Diaye,18,Defensive Midfield,AS Nancy B,-,in,0,Ligue 1,2008,2008/2009
AS Nancy-Lorraine,Rachid Hamdani,23,Defensive Midfield,Clermont Foot,"End of loanJun 30, 2008",in,0,Ligue 1,2008,2008/2009
AS Nancy-Lorraine,Tosin Dosunmu,27,Right Winger,Germinal Beersch,"End of loanJun 30, 2008",in,0,Ligue 1,2008,2008/2009
AS Nancy-Lorraine,Damien Mozika,21,Attacking Midfield,Louh.-Cuiseaux,"End of loanJun 30, 2008",in,0,Ligue 1,2008,2008/2009
AS Nancy-Lorraine,Thomas Gaudu,21,Goalkeeper,Entente SSG,"End of loanJun 30, 2008",in,0,Ligue 1,2008,2008/2009
AS Nancy-Lorraine,Kim,28,Centre-Forward,Al Arabi,£8.10m,out,8.1,Ligue 1,2008,2008/2009
AS Nancy-Lorraine,Sébastien Puygrenier,26,Centre-Back,Zenit S-Pb,£5.40m,out,5.4,Ligue 1,2008,2008/2009
AS Nancy-Lorraine,Tosin Dosunmu,27,Right Winger,Germinal Beersch,£360k,out,0.36,Ligue 1,2008,2008/2009
AS Nancy-Lorraine,Basile Camerling,21,Centre-Forward,Clermont Foot,Loan,out,0,Ligue 1,2008,2008/2009
AS Nancy-Lorraine,David Sauget,28,Left-Back,Saint-Étienne,Free Transfer,out,0,Ligue 1,2008,2008/2009
AS Nancy-Lorraine,Ludovic Guerriero,23,Defensive Midfield,AC Ajaccio,Free Transfer,out,0,Ligue 1,2008,2008/2009
AS Nancy-Lorraine,Johan Lapeyre,22,Goalkeeper,Entente SSG,Loan,out,0,Ligue 1,2008,2008/2009
AS Nancy-Lorraine,Rachid Hamdani,23,Defensive Midfield,Clermont Foot,Free Transfer,out,0,Ligue 1,2008,2008/2009
AS Nancy-Lorraine,Damien Mozika,21,Attacking Midfield,Chester City,Free Transfer,out,0,Ligue 1,2008,2008/2009
AS Nancy-Lorraine,Jean Calvé,24,Centre-Back,FC Lorient,Loan,out,0,Ligue 1,2008,2008/2009
AS Nancy-Lorraine,Paul Alo'o Efoulou,24,Centre-Forward,SCO Angers,Loan,out,0,Ligue 1,2008,2008/2009
AS Nancy-Lorraine,Marc-Antoine Fortuné,27,Centre-Forward,West Brom,Loan,out,0,Ligue 1,2008,2008/2009
AS Nancy-Lorraine,Emmanuel Duchemin,29,Defensive Midfield,Retired,-,out,0,Ligue 1,2008,2008/2009
AS Nancy-Lorraine,Adrián Sarkisian,29,Left Midfield,Retired,-,out,0,Ligue 1,2008,2008/2009
AS Nancy-Lorraine,Yamoudou Camara,20,Centre-Back,AS Nancy B,-,out,0,Ligue 1,2008,2008/2009
AS Nancy-Lorraine,Adailton,28,Right-Back,Retired,-,out,0,Ligue 1,2008,2008/2009
FC Lorient,Kévin Gameiro,21,Centre-Forward,R. Strasbourg,£2.70m,in,2.7,Ligue 1,2008,2008/2009
FC Lorient,Arnaud Le Lan,30,Left-Back,Guingamp,Free Transfer,in,0,Ligue 1,2008,2008/2009
FC Lorient,Morgan Amalfitano,23,Right Winger,CS Sedan,Free Transfer,in,0,Ligue 1,2008,2008/2009
FC Lorient,Bakary Soro,22,Centre-Back,Charlton U21,Loan,in,0,Ligue 1,2008,2008/2009
FC Lorient,Alban Joinel,28,Goalkeeper,Carquefou,Free Transfer,in,0,Ligue 1,2008,2008/2009
FC Lorient,Jean Calvé,24,Centre-Back,AS Nancy,Loan,in,0,Ligue 1,2008,2008/2009
FC Lorient,Antoine Buron,24,Right Winger,SC Amiens,Free Transfer,in,0,Ligue 1,2008,2008/2009
FC Lorient,André Ayew,18,Left Winger,Marseille,Loan,in,0,Ligue 1,2008,2008/2009
FC Lorient,Gabriel Obertan,19,Right Winger,G. Bordeaux,Loan,in,0,Ligue 1,2008,2008/2009
FC Lorient,Rafik Bouderbal,21,Right Winger,Lorient B,-,in,0,Ligue 1,2008,2008/2009
FC Lorient,Ricardo Sophie,20,Central Midfield,Lorient B,-,in,0,Ligue 1,2008,2008/2009
FC Lorient,Nicolas Marin,28,Right Winger,Plymouth,"End of loanDec 1, 2008",in,0,Ligue 1,2008,2008/2009
FC Lorient,Papis M’Bodji,23,Centre-Forward,Clermont Foot,"End of loanJun 30, 2008",in,0,Ligue 1,2008,2008/2009
FC Lorient,Carl Medjani,23,Defensive Midfield,AC Ajaccio,"End of loanJun 30, 2008",in,0,Ligue 1,2008,2008/2009
FC Lorient,Bertrand Robert,24,Left Winger,AC Ajaccio,"End of loanJun 30, 2008",in,0,Ligue 1,2008,2008/2009
FC Lorient,Carl Medjani,23,Defensive Midfield,AC Ajaccio,Free Transfer,out,0,Ligue 1,2008,2008/2009
FC Lorient,Ricardo Sophie,20,Central Midfield,Louh.-Cuiseaux,Loan,out,0,Ligue 1,2008,2008/2009
FC Lorient,Alain Cantareil,24,Left-Back,AC Ajaccio,Loan,out,0,Ligue 1,2008,2008/2009
FC Lorient,Papis M’Bodji,24,Centre-Forward,Cannes,Free Transfer,out,0,Ligue 1,2008,2008/2009
FC Lorient,Nicolas Marin,28,Right Winger,Plymouth,Loan,out,0,Ligue 1,2008,2008/2009
FC Lorient,Antoine Buron,25,Right Winger,SC Amiens,Loan,out,0,Ligue 1,2008,2008/2009
FC Lorient,Kemal Bourhani,26,Centre-Forward,OC Vannes,Free Transfer,out,0,Ligue 1,2008,2008/2009
FC Lorient,Rafael Moura,25,Centre-Forward,FC Locarno,Free Transfer,out,0,Ligue 1,2008,2008/2009
FC Lorient,Nicolas Marin,28,Right Winger,SC Bastia,Loan,out,0,Ligue 1,2008,2008/2009
FC Lorient,Andrew Jacobson,23,Defensive Midfield,D.C. United,Free Transfer,out,0,Ligue 1,2008,2008/2009
FC Lorient,Pierre-Yves Offredo,18,Defender,GSI Pontivy,?,out,NA,Ligue 1,2008,2008/2009
FC Lorient,Romain Salin,23,Goalkeeper,Without Club,-,out,0,Ligue 1,2008,2008/2009
FC Lorient,Medhi Benatia,21,Centre-Back,Marseille,"End of loanJun 30, 2008",out,0,Ligue 1,2008,2008/2009
FC Lorient,Yohan Hautcoeur,26,Central Midfield,Saint-Étienne,"End of loanJun 30, 2008",out,0,Ligue 1,2008,2008/2009
Paris Saint-Germain,Stéphane Sessègnon,24,Attacking Midfield,Le Mans UC 72,£7.20m,in,7.2,Ligue 1,2008,2008/2009
Paris Saint-Germain,Ludovic Giuly,32,Right Winger,AS Roma,£2.25m,in,2.25,Ligue 1,2008,2008/2009
Paris Saint-Germain,Stéphane Véron,22,Goalkeeper,AJ Auxerre B,Free Transfer,in,0,Ligue 1,2008,2008/2009
Paris Saint-Germain,Claude Makélélé,35,Defensive Midfield,Chelsea,Free Transfer,in,0,Ligue 1,2008,2008/2009
Paris Saint-Germain,Mateja Kezman,29,Centre-Forward,Fenerbahce,Loan,in,0,Ligue 1,2008,2008/2009
Paris Saint-Germain,Tripy Makonda,18,Left-Back,Paris SG B,-,in,0,Ligue 1,2008,2008/2009
Paris Saint-Germain,Maxime Partouche,18,Attacking Midfield,Paris SG B,-,in,0,Ligue 1,2008,2008/2009
Paris Saint-Germain,Adama Traoré,19,Second Striker,Paris SG B,-,in,0,Ligue 1,2008,2008/2009
Paris Saint-Germain,Jean-Eudes Maurice,22,Centre-Forward,Paris SG B,-,in,0,Ligue 1,2008,2008/2009
Paris Saint-Germain,Youssouf Mulumbu,21,Defensive Midfield,SC Amiens,"End of loanJun 30, 2008",in,0,Ligue 1,2008,2008/2009
Paris Saint-Germain,Guillaume Hoarau,24,Centre-Forward,AC Le Havre,"End of loanJun 30, 2008",in,0,Ligue 1,2008,2008/2009
Paris Saint-Germain,Fabrice Pancrate,28,Right Winger,FC Sochaux,"End of loanJun 30, 2008",in,0,Ligue 1,2008,2008/2009
Paris Saint-Germain,Cristian Rodríguez,22,Central Midfield,Benfica,"End of loanJun 30, 2008",in,0,Ligue 1,2008,2008/2009
Paris Saint-Germain,Albert Baning,23,Defensive Midfield,CS Sedan,"End of loanJun 30, 2008",in,0,Ligue 1,2008,2008/2009
Paris Saint-Germain,Sammy Traoré,32,Centre-Back,AJ Auxerre,"End of loanJun 30, 2008",in,0,Ligue 1,2008,2008/2009
Paris Saint-Germain,Amara Diané,25,Right Winger,Al Rayyan,£7.20m,out,7.2,Ligue 1,2008,2008/2009
Paris Saint-Germain,Cristian Rodríguez,22,Central Midfield,FC Porto,£6.30m,out,6.3,Ligue 1,2008,2008/2009
Paris Saint-Germain,Didier Digard,21,Defensive Midfield,Middlesbrough,£4.50m,out,4.5,Ligue 1,2008,2008/2009
Paris Saint-Germain,David N'Gog,19,Centre-Forward,Liverpool,£1.35m,out,1.35,Ligue 1,2008,2008/2009
Paris Saint-Germain,Youssouf Mulumbu,22,Defensive Midfield,West Brom,Loan fee:£225k,out,0.225,Ligue 1,2008,2008/2009
Paris Saint-Germain,Younousse Sankharé,19,Central Midfield,Reims,Loan,out,0,Ligue 1,2008,2008/2009
Paris Saint-Germain,Jérôme Alonzo,35,Goalkeeper,FC Nantes,Free Transfer,out,0,Ligue 1,2008,2008/2009
Paris Saint-Germain,Albert Baning,23,Defensive Midfield,Grenoble,Loan,out,0,Ligue 1,2008,2008/2009
Paris Saint-Germain,Granddi N'Goyi,20,Defensive Midfield,Clermont Foot,Loan,out,0,Ligue 1,2008,2008/2009
Paris Saint-Germain,Bernard Mendy,26,Right-Back,Hull City,Free Transfer,out,0,Ligue 1,2008,2008/2009
Paris Saint-Germain,Mario Yepes,32,Centre-Back,Chievo Verona,Free Transfer,out,0,Ligue 1,2008,2008/2009
Paris Saint-Germain,Éverton Santos,21,Centre-Forward,Fluminense,Loan,out,0,Ligue 1,2008,2008/2009
Paris Saint-Germain,Yannick Boli,20,Centre-Forward,AC Le Havre,Loan,out,0,Ligue 1,2008,2008/2009
Paris Saint-Germain,Souza,29,Attacking Midfield,Grêmio,Loan,out,0,Ligue 1,2008,2008/2009
Paris Saint-Germain,Pauleta,35,Centre-Forward,Retired,-,out,0,Ligue 1,2008,2008/2009
OGC Nice,Loïc Rémy,21,Centre-Forward,Olympique Lyon,£7.20m,in,7.2,Ligue 1,2008,2008/2009
OGC Nice,Emerse Faé,24,Central Midfield,Reading,£2.25m,in,2.25,Ligue 1,2008,2008/2009
OGC Nice,Éric Mouloungui,24,Centre-Forward,R. Strasbourg,£1.80m,in,1.8,Ligue 1,2008,2008/2009
OGC Nice,David Ospina,19,Goalkeeper,Atl. Nacional,£1.80m,in,1.8,Ligue 1,2008,2008/2009
OGC Nice,Habib Bamogo,26,Second Striker,Marseille,£1.35m,in,1.35,Ligue 1,2008,2008/2009
OGC Nice,Chaouki Ben Saada,24,Attacking Midfield,SC Bastia,£1.35m,in,1.35,Ligue 1,2008,2008/2009
OGC Nice,Julien Sablé,28,Defensive Midfield,Lens,£900k,in,0.9,Ligue 1,2008,2008/2009
OGC Nice,Adeílson,23,Centre-Forward,Tombense,£900k,in,0.9,Ligue 1,2008,2008/2009
OGC Nice,Kafoumba Coulibaly,22,Defensive Midfield,SC Bastia,£675k,in,0.675,Ligue 1,2008,2008/2009
OGC Nice,Abeiku Quansah,17,Right Winger,Unknown,Free Transfer,in,0,Ligue 1,2008,2008/2009
OGC Nice,Enoch Kofi Adu,17,Defensive Midfield,Liberty Prof.,Free Transfer,in,0,Ligue 1,2008,2008/2009
OGC Nice,Emerse Faé,24,Central Midfield,Reading,Loan,in,0,Ligue 1,2008,2008/2009
OGC Nice,Matt Moussilou,26,Centre-Forward,Al Arabi,"End of loanJun 30, 2008",in,0,Ligue 1,2008,2008/2009
OGC Nice,Souleymane Camara,25,Right Winger,Montpellier,"End of loanJun 30, 2008",in,0,Ligue 1,2008,2008/2009
OGC Nice,Ederson,22,Attacking Midfield,Olympique Lyon,£13.41m,out,13.41,Ligue 1,2008,2008/2009
OGC Nice,Bakari Koné,26,Right Winger,Marseille,£8.10m,out,8.1,Ligue 1,2008,2008/2009
OGC Nice,Hugo Lloris,21,Goalkeeper,Olympique Lyon,£7.65m,out,7.65,Ligue 1,2008,2008/2009
OGC Nice,Florent Balmont,28,Central Midfield,LOSC Lille,£2.70m,out,2.7,Ligue 1,2008,2008/2009
OGC Nice,Souleymane Camara,25,Right Winger,Montpellier,£450k,out,0.45,Ligue 1,2008,2008/2009
OGC Nice,Ismaël Gace,22,Centre-Back,Rodez AF,Loan,out,0,Ligue 1,2008,2008/2009
OGC Nice,Joseph-Désiré Job,30,Centre-Forward,Al Kharitiyat,Free Transfer,out,0,Ligue 1,2008,2008/2009
OGC Nice,Derek Asamoah,27,Second Striker,Hamilton Acad.,Loan,out,0,Ligue 1,2008,2008/2009
OGC Nice,Anthony Scaramozzino,23,Left-Back,CS Sedan,Free Transfer,out,0,Ligue 1,2008,2008/2009
OGC Nice,Alaeddine Yahia,26,Centre-Back,Lens,Loan,out,0,Ligue 1,2008,2008/2009
OGC Nice,Kamel Larbi,23,Centre-Forward,Without Club,-,out,0,Ligue 1,2008,2008/2009
OGC Nice,Emerse Faé,24,Central Midfield,Reading,"End of loanDec 1, 2008",out,0,Ligue 1,2008,2008/2009
OGC Nice,Lilian Laslandes,36,Centre-Forward,Retired,-,out,0,Ligue 1,2008,2008/2009
OGC Nice,Habib Bamogo,26,Second Striker,Marseille,"End of loanJun 30, 2008",out,0,Ligue 1,2008,2008/2009
Valenciennes FC,Milan Bisevac,24,Centre-Back,Lens,£2.70m,in,2.7,Ligue 1,2008,2008/2009
Valenciennes FC,Filip Sebo,24,Centre-Forward,Rangers,£1.08m,in,1.08,Ligue 1,2008,2008/2009
Valenciennes FC,Siaka Tiéné,26,Left-Back,Saint-Étienne,£900k,in,0.9,Ligue 1,2008,2008/2009
Valenciennes FC,Rafael,27,Centre-Back,LOSC Lille,£900k,in,0.9,Ligue 1,2008,2008/2009
Valenciennes FC,Jonathan Lacourt,21,Central Midfield,Lens,£540k,in,0.54,Ligue 1,2008,2008/2009
Valenciennes FC,Luigi Pieroni,27,Centre-Forward,FC Nantes,£450k,in,0.45,Ligue 1,2008,2008/2009
Valenciennes FC,Seïd Khiter,23,Right Winger,Lens,£450k,in,0.45,Ligue 1,2008,2008/2009
Valenciennes FC,Jacques Abardonado,30,Centre-Back,1.FC Nuremberg,Free Transfer,in,0,Ligue 1,2008,2008/2009
Valenciennes FC,Gaël Danic,26,Left Winger,Troyes,Free Transfer,in,0,Ligue 1,2008,2008/2009
Valenciennes FC,Amara Bangoura,22,Right Midfield,O. Khouribga,Free Transfer,in,0,Ligue 1,2008,2008/2009
Valenciennes FC,Jean-Claude Darcheville,33,Centre-Forward,Rangers,Free Transfer,in,0,Ligue 1,2008,2008/2009
Valenciennes FC,Jean-Louis Leca,22,Goalkeeper,SC Bastia,Free Transfer,in,0,Ligue 1,2008,2008/2009
Valenciennes FC,Steve Savidan,30,Centre-Forward,SM Caen,£4.50m,out,4.5,Ligue 1,2008,2008/2009
Valenciennes FC,Abdeslam Ouaddou,29,Centre-Back,AS Nancy,£2.88m,out,2.88,Ligue 1,2008,2008/2009
Valenciennes FC,Geoffrey Doumeng,27,Attacking Midfield,Lens,£900k,out,0.9,Ligue 1,2008,2008/2009
Valenciennes FC,Éric Chelle,30,Centre-Back,Lens,£450k,out,0.45,Ligue 1,2008,2008/2009
Valenciennes FC,Sébastien Roudet,27,Attacking Midfield,Lens,£450k,out,0.45,Ligue 1,2008,2008/2009
Valenciennes FC,Yacine Bezzaz,27,Left Midfield,R. Strasbourg,Free Transfer,out,0,Ligue 1,2008,2008/2009
Valenciennes FC,Guillaume Rippert,23,Left-Back,FC Metz,Free Transfer,out,0,Ligue 1,2008,2008/2009
Valenciennes FC,Seïd Khiter,23,Right Winger,OC Vannes,Loan,out,0,Ligue 1,2008,2008/2009
Valenciennes FC,Stéphane Coqu,26,Goalkeeper,Boussu Dour,Free Transfer,out,0,Ligue 1,2008,2008/2009
Valenciennes FC,Khaled Kharroubi,24,Defensive Midfield,FCV Dender EH,Free Transfer,out,0,Ligue 1,2008,2008/2009
Valenciennes FC,Williams Martínez,25,Centre-Back,Reims,Loan,out,0,Ligue 1,2008,2008/2009
Valenciennes FC,Tidiane Dia,22,Centre-Forward,Paris FC,?,out,NA,Ligue 1,2008,2008/2009
Valenciennes FC,David Sommeil,34,Centre-Back,Retired,-,out,0,Ligue 1,2008,2008/2009
Valenciennes FC,Filip Sebo,24,Centre-Forward,Rangers,"End of loanJun 30, 2008",out,0,Ligue 1,2008,2008/2009
SM Caen,Steve Savidan,30,Centre-Forward,Valenciennes FC,£4.50m,in,4.5,Ligue 1,2008,2008/2009
SM Caen,Fahid Ben Khalfallah,25,Right Winger,SCO Angers,£1.80m,in,1.8,Ligue 1,2008,2008/2009
SM Caen,Pablo Barzola,24,Right-Back,Argentinos Jrs.,£576k,in,0.576,Ligue 1,2008,2008/2009
SM Caen,Rajiv van La Parra,17,Left Winger,Feyenoord U17,Free Transfer,in,0,Ligue 1,2008,2008/2009
SM Caen,Damien Perquis,22,Goalkeeper,Beauvais,Free Transfer,in,0,Ligue 1,2008,2008/2009
SM Caen,Romain Inez,20,Centre-Back,SM Caen B,-,in,0,Ligue 1,2008,2008/2009
SM Caen,Guillaume Quellier,22,Left Midfield,Reims,"End of loanJan 16, 2009",in,0,Ligue 1,2008,2008/2009
SM Caen,Thomas Heurtaux,19,Centre-Back,SM Caen B,-,in,0,Ligue 1,2008,2008/2009
SM Caen,Ismaïla N'Diaye,20,Defensive Midfield,SM Caen B,-,in,0,Ligue 1,2008,2008/2009
SM Caen,Stéphane Zubar,21,Centre-Back,FC Brüssel,"End of loanJun 30, 2008",in,0,Ligue 1,2008,2008/2009
SM Caen,Alexandre Raineau,22,Left-Back,Lib.-St.-Seurin,"End of loanJun 30, 2008",in,0,Ligue 1,2008,2008/2009
SM Caen,Youssef Adnane,22,Centre-Forward,AS Cherbourg,"End of loanJun 30, 2008",in,0,Ligue 1,2008,2008/2009
SM Caen,Yoan Gouffran,22,Left Winger,G. Bordeaux,£5.85m,out,5.85,Ligue 1,2008,2008/2009
SM Caen,Cédric Hengbart,27,Right-Back,AJ Auxerre,£630k,out,0.63,Ligue 1,2008,2008/2009
SM Caen,Karl Svensson,24,Centre-Back,IFK Göteborg,£270k,out,0.27,Ligue 1,2008,2008/2009
SM Caen,Stéphane Zubar,22,Centre-Back,FC Vaslui,£180k,out,0.18,Ligue 1,2008,2008/2009
SM Caen,Stéphane Samson,33,Centre-Forward,Reims,£104k,out,0.104,Ligue 1,2008,2008/2009
SM Caen,Romain Inez,20,Centre-Back,AS Cherbourg,Loan,out,0,Ligue 1,2008,2008/2009
SM Caen,Guillaume Quellier,22,Left Midfield,Reims,Loan,out,0,Ligue 1,2008,2008/2009
SM Caen,Thomas Heurtaux,19,Centre-Back,AS Cherbourg,Loan,out,0,Ligue 1,2008,2008/2009
SM Caen,Oumar N'Diaye,23,Centre-Back,OC Vannes,Loan,out,0,Ligue 1,2008,2008/2009
SM Caen,Lilian Compan,31,Centre-Forward,Montpellier,Free Transfer,out,0,Ligue 1,2008,2008/2009
SM Caen,Brahim Thiam,34,Centre-Back,Reims,Free Transfer,out,0,Ligue 1,2008,2008/2009
SM Caen,Benoît Costil,20,Goalkeeper,OC Vannes,Loan,out,0,Ligue 1,2008,2008/2009
AC Le Havre,Nicolas Dieuze,29,Central Midfield,Toulouse,£360k,in,0.36,Ligue 1,2008,2008/2009
AC Le Havre,Mamadou Diallo,26,Centre-Forward,Al-Jazira,Free Transfer,in,0,Ligue 1,2008,2008/2009
AC Le Havre,Yannick Boli,20,Centre-Forward,Paris SG,Loan,in,0,Ligue 1,2008,2008/2009
AC Le Havre,Florian Marange,22,Left-Back,G. Bordeaux,Loan,in,0,Ligue 1,2008,2008/2009
AC Le Havre,Stéphane Noro,28,Attacking Midfield,Troyes,Free Transfer,in,0,Ligue 1,2008,2008/2009
AC Le Havre,Guillaume Norbert,27,Right Midfield,FC Nantes,Free Transfer,in,0,Ligue 1,2008,2008/2009
AC Le Havre,Mahamane Traoré,20,Defensive Midfield,CSK Bamako,Free Transfer,in,0,Ligue 1,2008,2008/2009
AC Le Havre,Peter Franquart,23,Centre-Back,LOSC Lille,Loan,in,0,Ligue 1,2008,2008/2009
AC Le Havre,Cédric Fauré,29,Centre-Forward,Reims,?,in,NA,Ligue 1,2008,2008/2009
AC Le Havre,Massamba Sambou,21,Centre-Back,Monaco,Loan,in,0,Ligue 1,2008,2008/2009
AC Le Havre,El Fardou Ben,19,Right Winger,Le Havre B,-,in,0,Ligue 1,2008,2008/2009
AC Le Havre,Gueïda Fofana,17,Defensive Midfield,Le Havre U19,-,in,0,Ligue 1,2008,2008/2009
AC Le Havre,Pierrick Rakotoharisoa,17,Central Midfield,Le Havre U19,-,in,0,Ligue 1,2008,2008/2009
AC Le Havre,Driss Fettouhi,18,Central Midfield,Le Havre B,-,in,0,Ligue 1,2008,2008/2009
AC Le Havre,Pierrick Lebourg,18,Midfielder,Le Havre B,-,in,0,Ligue 1,2008,2008/2009
AC Le Havre,Antoine Devaux,23,Central Midfield,FC Gueugnon,"End of loanJun 30, 2008",in,0,Ligue 1,2008,2008/2009
AC Le Havre,Abdellah Kharbouchi,27,Left Winger,FC Gueugnon,"End of loanJun 30, 2008",in,0,Ligue 1,2008,2008/2009
AC Le Havre,Steve Mandanda,23,Goalkeeper,Marseille,"End of loanJun 30, 2008",in,0,Ligue 1,2008,2008/2009
AC Le Havre,Cheikh Oumar Dabo,27,Centre-Forward,Tours FC,"End of loanJun 30, 2008",in,0,Ligue 1,2008,2008/2009
AC Le Havre,Steve Mandanda,23,Goalkeeper,Marseille,£2.25m,out,2.25,Ligue 1,2008,2008/2009
AC Le Havre,Cédric Fauré,29,Centre-Forward,Reims,£450k,out,0.45,Ligue 1,2008,2008/2009
AC Le Havre,Olivier Blondel,29,Goalkeeper,Toulouse,Free Transfer,out,0,Ligue 1,2008,2008/2009
AC Le Havre,David Martot,27,Right-Back,OC Vannes,Free Transfer,out,0,Ligue 1,2008,2008/2009
AC Le Havre,Antoine Devaux,23,Central Midfield,US Boulogne,Free Transfer,out,0,Ligue 1,2008,2008/2009
AC Le Havre,Mahamadou Cissé,20,Defensive Midfield,Unknown,Free Transfer,out,0,Ligue 1,2008,2008/2009
AC Le Havre,Albert Milambo,23,Defensive Midfield,Beauvais,Free Transfer,out,0,Ligue 1,2008,2008/2009
AC Le Havre,Selim Bouadla,20,Attacking Midfield,Paris FC,Loan,out,0,Ligue 1,2008,2008/2009
AC Le Havre,Andé Dona Ndoh,22,Centre-Forward,Luzenac AP,Loan,out,0,Ligue 1,2008,2008/2009
AC Le Havre,Abdellah Kharbouchi,28,Left Winger,Cannes,Free Transfer,out,0,Ligue 1,2008,2008/2009
AC Le Havre,Yacine Si Salem,20,Right Winger,Thrasyvoulos,?,out,NA,Ligue 1,2008,2008/2009
AC Le Havre,Adame Soumaré,26,Centre-Back,OC Vannes,Loan,out,0,Ligue 1,2008,2008/2009
AC Le Havre,Abasse Ba,32,Centre-Back,Al Rayyan,?,out,NA,Ligue 1,2008,2008/2009
AC Le Havre,Benjamin Laurant,21,Attacking Midfield,SC Amiens,Loan,out,0,Ligue 1,2008,2008/2009
AC Le Havre,Cheikh Oumar Dabo,27,Centre-Forward,FC Niort,Loan,out,0,Ligue 1,2008,2008/2009
AC Le Havre,Valéry Mézague,24,Attacking Midfield,FC Sochaux,"End of loanJul 1, 2008",out,0,Ligue 1,2008,2008/2009
AC Le Havre,Fabrice Fernandes,28,Left Winger,Retired,-,out,0,Ligue 1,2008,2008/2009
AC Le Havre,Guillaume Hoarau,24,Centre-Forward,Paris SG,"End of loanJun 30, 2008",out,0,Ligue 1,2008,2008/2009
FC Nantes,Michael Gravgaard,30,Centre-Back,FC Copenhagen,£3.51m,in,3.51,Ligue 1,2008,2008/2009
FC Nantes,Guirane N'Daw,24,Defensive Midfield,FC Sochaux,£2.43m,in,2.43,Ligue 1,2008,2008/2009
FC Nantes,Filip Djordjevic,20,Centre-Forward,Red Star,£1.80m,in,1.8,Ligue 1,2008,2008/2009
FC Nantes,Jérôme Alonzo,35,Goalkeeper,Paris SG,Free Transfer,in,0,Ligue 1,2008,2008/2009
FC Nantes,Ivan Klasnic,28,Centre-Forward,Werder Bremen,Free Transfer,in,0,Ligue 1,2008,2008/2009
FC Nantes,Ibrahim Tall,27,Centre-Back,Heart of Midl.,Free Transfer,in,0,Ligue 1,2008,2008/2009
FC Nantes,Djamel Abdoun,22,Right Winger,AC Ajaccio,Free Transfer,in,0,Ligue 1,2008,2008/2009
FC Nantes,Ronny Rodelin,18,Right Winger,Rodez AF,Free Transfer,in,0,Ligue 1,2008,2008/2009
FC Nantes,Douglão,22,Centre-Back,Coritiba FC,Free Transfer,in,0,Ligue 1,2008,2008/2009
FC Nantes,Khassimirou Diop,22,Attacking Midfield,Bayonne,?,in,NA,Ligue 1,2008,2008/2009
FC Nantes,Christian Wilhelmsson,28,Right Winger,Dep. La Coruña,"End of loanJun 30, 2008",in,0,Ligue 1,2008,2008/2009
FC Nantes,Dennis Oliech,23,Right Winger,AJ Auxerre,"End of loanJun 30, 2008",in,0,Ligue 1,2008,2008/2009
FC Nantes,Claudiu Keseru,21,Centre-Forward,Lib.-St.-Seurin,"End of loanJun 30, 2008",in,0,Ligue 1,2008,2008/2009
FC Nantes,Luigi Pieroni,27,Centre-Forward,RSC Anderlecht,"End of loanJun 30, 2008",in,0,Ligue 1,2008,2008/2009
FC Nantes,Mauro Cetto,26,Centre-Back,Toulouse,"End of loanJun 30, 2008",in,0,Ligue 1,2008,2008/2009
FC Nantes,Ima Andriatsima,24,Centre-Forward,Cannes,"End of loanJun 30, 2008",in,0,Ligue 1,2008,2008/2009
FC Nantes,Bocundji Ca,21,Defensive Midfield,Tours FC,"End of loanJun 30, 2008",in,0,Ligue 1,2008,2008/2009
FC Nantes,Éric Cubilier,28,Right-Back,FC Metz,"End of loanJun 30, 2008",in,0,Ligue 1,2008,2008/2009
FC Nantes,Karim El Mourabet,21,Centre-Back,Stade Laval,"End of loanJun 30, 2008",in,0,Ligue 1,2008,2008/2009
FC Nantes,Christian Wilhelmsson,28,Right Winger,Hilal,£3.15m,out,3.15,Ligue 1,2008,2008/2009
FC Nantes,Mauro Cetto,26,Centre-Back,Toulouse,£1.17m,out,1.17,Ligue 1,2008,2008/2009
FC Nantes,Dennis Oliech,23,Right Winger,AJ Auxerre,£900k,out,0.9,Ligue 1,2008,2008/2009
FC Nantes,Luigi Pieroni,27,Centre-Forward,Valenciennes FC,£450k,out,0.45,Ligue 1,2008,2008/2009
FC Nantes,Michael Gravgaard,30,Centre-Back,Hamburger SV,Loan fee:£270k,out,0.27,Ligue 1,2008,2008/2009
FC Nantes,Guillaume Norbert,27,Right Midfield,AC Le Havre,Free Transfer,out,0,Ligue 1,2008,2008/2009
FC Nantes,Harlington Shereni,33,Central Midfield,R. Strasbourg,Loan,out,0,Ligue 1,2008,2008/2009
FC Nantes,Bocundji Ca,21,Defensive Midfield,Tours FC,Free Transfer,out,0,Ligue 1,2008,2008/2009
FC Nantes,Steven Thicot,21,Centre-Back,Hibernian FC,Free Transfer,out,0,Ligue 1,2008,2008/2009
FC Nantes,Khassimirou Diop,21,Attacking Midfield,Bayonne,Free Transfer,out,0,Ligue 1,2008,2008/2009
FC Nantes,Marek Heinz,31,Centre-Forward,1. FC Brno,Free Transfer,out,0,Ligue 1,2008,2008/2009
FC Nantes,Olivier Thomas,34,Left-Back,FC Sochaux,Free Transfer,out,0,Ligue 1,2008,2008/2009
FC Nantes,Vincent Briant,21,Goalkeeper,CS Sedan,Free Transfer,out,0,Ligue 1,2008,2008/2009
FC Nantes,Nicolas Goussé,32,Centre-Forward,Croix de Savoie,Free Transfer,out,0,Ligue 1,2008,2008/2009
FC Nantes,Ima Andriatsima,24,Centre-Forward,US Boulogne,Loan,out,0,Ligue 1,2008,2008/2009
FC Nantes,Mathias Coureur,20,Centre-Forward,FC Gueugnon,Loan,out,0,Ligue 1,2008,2008/2009
FC Nantes,Claudiu Keseru,22,Centre-Forward,Tours FC,Loan,out,0,Ligue 1,2008,2008/2009
FC Nantes,Éric Cubilier,29,Right-Back,Without Club,-,out,0,Ligue 1,2008,2008/2009
FC Nantes,Youssef Sekour,20,Defensive Midfield,G. Bordeaux,"End of loanJun 30, 2008",out,0,Ligue 1,2008,2008/2009
FC Nantes,Filip Djordjevic,20,Centre-Forward,Red Star,"End of loanJun 30, 2008",out,0,Ligue 1,2008,2008/2009
Grenoble Foot 38,Pierre Boya,24,Centre-Forward,Rapid Bucharest,£900k,in,0.9,Ligue 1,2008,2008/2009
Grenoble Foot 38,Bostjan Cesar,26,Centre-Back,Marseille,£360k,in,0.36,Ligue 1,2008,2008/2009
Grenoble Foot 38,Mustafa Kucukovic,22,Centre-Forward,1860 Munich,£68k,in,0.068,Ligue 1,2008,2008/2009
Grenoble Foot 38,David Jemmali,33,Right-Back,G. Bordeaux,Free Transfer,in,0,Ligue 1,2008,2008/2009
Grenoble Foot 38,Ronan Le Crom,34,Goalkeeper,Lens,Free Transfer,in,0,Ligue 1,2008,2008/2009
Grenoble Foot 38,Laurent Batlles,32,Attacking Midfield,Toulouse,Free Transfer,in,0,Ligue 1,2008,2008/2009
Grenoble Foot 38,Albert Baning,23,Defensive Midfield,Paris SG,Loan,in,0,Ligue 1,2008,2008/2009
Grenoble Foot 38,Elliot Grandin,21,Right Winger,Marseille,Loan,in,0,Ligue 1,2008,2008/2009
Grenoble Foot 38,Zoran Rendulic,24,Centre-Back,Borac Cacak,Free Transfer,in,0,Ligue 1,2008,2008/2009
Grenoble Foot 38,Daniel Moreira,30,Second Striker,Stade Rennais,Loan,in,0,Ligue 1,2008,2008/2009
Grenoble Foot 38,Laurent Courtois,29,Left Midfield,Levante,Free Transfer,in,0,Ligue 1,2008,2008/2009
Grenoble Foot 38,Larsen Touré,24,Right Winger,LOSC Lille,Loan,in,0,Ligue 1,2008,2008/2009
Grenoble Foot 38,Brice Maubleu,18,Goalkeeper,Grenoble B,-,in,0,Ligue 1,2008,2008/2009
Grenoble Foot 38,Yoric Ravet,18,Right Winger,Grenoble B,-,in,0,Ligue 1,2008,2008/2009
Grenoble Foot 38,Olivier Giroud,21,Centre-Forward,FC Istres,"End of loanJun 30, 2008",in,0,Ligue 1,2008,2008/2009
Grenoble Foot 38,Franck Dja Djédjé,22,Right Winger,R. Strasbourg,£180k,out,0.18,Ligue 1,2008,2008/2009
Grenoble Foot 38,Logan Alphant,25,Right-Back,Louh.-Cuiseaux,Loan,out,0,Ligue 1,2008,2008/2009
Grenoble Foot 38,Luigi Glombard,23,Right Winger,FC Niort,Free Transfer,out,0,Ligue 1,2008,2008/2009
Grenoble Foot 38,Biagui Kamissoko,25,Right-Back,Reims,?,out,NA,Ligue 1,2008,2008/2009
Grenoble Foot 38,Olivier Giroud,21,Centre-Forward,Tours FC,?,out,NA,Ligue 1,2008,2008/2009
Grenoble Foot 38,Jimmy Juan,25,Central Midfield,LB Châteauroux,Loan,out,0,Ligue 1,2008,2008/2009
Grenoble Foot 38,Amadou Coulibaly,23,Centre-Back,Without Club,-,out,0,Ligue 1,2008,2008/2009
Grenoble Foot 38,Larsen Touré,23,Right Winger,LOSC Lille,"End of loanJun 30, 2008",out,0,Ligue 1,2008,2008/2009
