club_name,player_name,age,position,club_involved_name,fee,transfer_movement,fee_cleaned,league_name,year,season
Borussia Dortmund,Robert Lewandowski,21,Centre-Forward,Lech Poznan,£4.28m,in,4.28,1 Bundesliga,2010,2010/2011
Borussia Dortmund,Mitchell Langerak,21,Goalkeeper,Melbourne,£450k,in,0.45,1 Bundesliga,2010,2010/2011
Borussia Dortmund,Shinji Kagawa,21,Attacking Midfield,Cerezo Osaka,£315k,in,0.315,1 Bundesliga,2010,2010/2011
Borussia Dortmund,Moritz Leitner,18,Central Midfield,1860 Munich,Free Transfer,in,0,1 Bundesliga,2010,2010/2011
Borussia Dortmund,Lukasz Piszczek,25,Right-Back,Hertha BSC,Free Transfer,in,0,1 Bundesliga,2010,2010/2011
Borussia Dortmund,Antônio da Silva,32,Attacking Midfield,Karlsruher SC,Free Transfer,in,0,1 Bundesliga,2010,2010/2011
Borussia Dortmund,Marco Stiepermann,19,Attacking Midfield,B. Dortmund U19,-,in,0,1 Bundesliga,2010,2010/2011
Borussia Dortmund,Lasse Sobiech,19,Centre-Back,B. Dortmund II,-,in,0,1 Bundesliga,2010,2010/2011
Borussia Dortmund,Mario Götze,18,Attacking Midfield,B. Dortmund U19,-,in,0,1 Bundesliga,2010,2010/2011
Borussia Dortmund,Johannes Focher,20,Goalkeeper,B. Dortmund II,-,in,0,1 Bundesliga,2010,2010/2011
Borussia Dortmund,Daniel Ginczek,19,Centre-Forward,B. Dortmund II,-,in,0,1 Bundesliga,2010,2010/2011
Borussia Dortmund,Florian Kringe,27,Central Midfield,Hertha BSC,"End of loanJun 30, 2010",in,0,1 Bundesliga,2010,2010/2011
Borussia Dortmund,Nelson Valdez,26,Centre-Forward,Hércules CF,£3.15m,out,3.15,1 Bundesliga,2010,2010/2011
Borussia Dortmund,Marc Ziegler,34,Goalkeeper,VfB Stuttgart,£270k,out,0.27,1 Bundesliga,2010,2010/2011
Borussia Dortmund,Dimitar Rangelov,27,Centre-Forward,M. Tel Aviv,Loan fee:£180k,out,0.18,1 Bundesliga,2010,2010/2011
Borussia Dortmund,Moritz Leitner,18,Central Midfield,FC Augsburg,Loan fee:£135k,out,0.135,1 Bundesliga,2010,2010/2011
Borussia Dortmund,Uwe Hünemeier,24,Centre-Back,Energie Cottbus,£90k,out,0.09,1 Bundesliga,2010,2010/2011
Borussia Dortmund,Julian Koch,19,Defensive Midfield,MSV Duisburg,Loan fee:£45k,out,0.045,1 Bundesliga,2010,2010/2011
Borussia Dortmund,Tinga,32,Central Midfield,Internacional,Free Transfer,out,0,1 Bundesliga,2010,2010/2011
Borussia Dortmund,Tamás Hajnal,29,Attacking Midfield,VfB Stuttgart,Loan,out,0,1 Bundesliga,2010,2010/2011
Borussia Dortmund,Yasin Öztekin,23,Left Winger,Genclerbirligi,Free Transfer,out,0,1 Bundesliga,2010,2010/2011
Borussia Dortmund,Marcel Höttecke,23,Goalkeeper,Union Berlin,Free Transfer,out,0,1 Bundesliga,2010,2010/2011
Borussia Dortmund,Christopher Kullmann,23,Centre-Forward,B. Dortmund II,-,out,0,1 Bundesliga,2010,2010/2011
Borussia Dortmund,Bajram Sadrijaj,23,Centre-Forward,Career break,-,out,0,1 Bundesliga,2010,2010/2011
Bayern Munich,Luiz Gustavo,23,Defensive Midfield,TSG Hoffenheim,£15.30m,in,15.3,1 Bundesliga,2010,2010/2011
Bayern Munich,David Alaba,18,Left-Back,FC Bayern II,-,in,0,1 Bundesliga,2010,2010/2011
Bayern Munich,Toni Kroos,20,Central Midfield,Bay. Leverkusen,"End of loanJun 30, 2010",in,0,1 Bundesliga,2010,2010/2011
Bayern Munich,Breno,20,Centre-Back,1.FC Nuremberg,"End of loanJun 30, 2010",in,0,1 Bundesliga,2010,2010/2011
Bayern Munich,Luca Toni,33,Centre-Forward,AS Roma,"End of loanJun 30, 2010",in,0,1 Bundesliga,2010,2010/2011
Bayern Munich,Edson Braafheid,27,Left-Back,Celtic,"End of loanJun 30, 2010",in,0,1 Bundesliga,2010,2010/2011
Bayern Munich,José Sosa,25,Central Midfield,Estudiantes,"End of loanJun 30, 2010",in,0,1 Bundesliga,2010,2010/2011
Bayern Munich,Andreas Ottl,25,Defensive Midfield,1.FC Nuremberg,"End of loanJun 30, 2010",in,0,1 Bundesliga,2010,2010/2011
Bayern Munich,Martín Demichelis,30,Centre-Back,Málaga CF,£2.70m,out,2.7,1 Bundesliga,2010,2010/2011
Bayern Munich,José Sosa,25,Central Midfield,SSC Napoli,£2.70m,out,2.7,1 Bundesliga,2010,2010/2011
Bayern Munich,Edson Braafheid,27,Left-Back,TSG Hoffenheim,Free Transfer,out,0,1 Bundesliga,2010,2010/2011
Bayern Munich,Christian Lell,25,Right-Back,Hertha BSC,Free Transfer,out,0,1 Bundesliga,2010,2010/2011
Bayern Munich,Mark van Bommel,33,Defensive Midfield,AC Milan,Free Transfer,out,0,1 Bundesliga,2010,2010/2011
Bayern Munich,Luca Toni,33,Centre-Forward,Genoa,Free Transfer,out,0,1 Bundesliga,2010,2010/2011
Bayern Munich,Andreas Görlitz,28,Right-Back,FC Ingolstadt,Free Transfer,out,0,1 Bundesliga,2010,2010/2011
Bayern Munich,David Alaba,18,Left-Back,TSG Hoffenheim,Loan,out,0,1 Bundesliga,2010,2010/2011
Bayern Munich,Mehmet Ekici,20,Attacking Midfield,1.FC Nuremberg,Loan,out,0,1 Bundesliga,2010,2010/2011
Bayern Munich,Michael Rensing,26,Goalkeeper,Without Club,-,out,0,1 Bundesliga,2010,2010/2011
FC Schalke 04,Klaas-Jan Huntelaar,27,Centre-Forward,AC Milan,£12.60m,in,12.6,1 Bundesliga,2010,2010/2011
FC Schalke 04,José Manuel Jurado,24,Attacking Midfield,Atlético Madrid,£9.90m,in,9.9,1 Bundesliga,2010,2010/2011
FC Schalke 04,Ciprian Deac,24,Attacking Midfield,CFR Cluj,£2.70m,in,2.7,1 Bundesliga,2010,2010/2011
FC Schalke 04,Sergio Escudero,20,Left-Back,Real Murcia,£2.07m,in,2.07,1 Bundesliga,2010,2010/2011
FC Schalke 04,Anthony Annan,24,Defensive Midfield,Rosenborg BK,£1.80m,in,1.8,1 Bundesliga,2010,2010/2011
FC Schalke 04,Kyriakos Papadopoulos,18,Centre-Back,Olympiacos,£1.80m,in,1.8,1 Bundesliga,2010,2010/2011
FC Schalke 04,Atsuto Uchida,22,Right-Back,Kashima Antlers,£1.17m,in,1.17,1 Bundesliga,2010,2010/2011
FC Schalke 04,Hans Sarpei,34,Left-Back,Bay. Leverkusen,£360k,in,0.36,1 Bundesliga,2010,2010/2011
FC Schalke 04,Danilo Avelar,21,Left-Back,Karpaty,Loan fee:£90k,in,0.09,1 Bundesliga,2010,2010/2011
FC Schalke 04,Christoph Metzelder,29,Centre-Back,Real Madrid,Free Transfer,in,0,1 Bundesliga,2010,2010/2011
FC Schalke 04,Tim Hoogland,25,Centre-Back,1.FSV Mainz 05,Free Transfer,in,0,1 Bundesliga,2010,2010/2011
FC Schalke 04,Raúl,33,Second Striker,Real Madrid,Free Transfer,in,0,1 Bundesliga,2010,2010/2011
FC Schalke 04,Nicolas Plestan,29,Centre-Back,LOSC Lille,Free Transfer,in,0,1 Bundesliga,2010,2010/2011
FC Schalke 04,Ali Karimi,32,Attacking Midfield,Steel Azin,Free Transfer,in,0,1 Bundesliga,2010,2010/2011
FC Schalke 04,Erik Jendrisek,23,Centre-Forward,1.FC K'lautern,Free Transfer,in,0,1 Bundesliga,2010,2010/2011
FC Schalke 04,Julian Draxler,17,Attacking Midfield,Schalke 04 U19,-,in,0,1 Bundesliga,2010,2010/2011
FC Schalke 04,Angelos Charisteas,30,Centre-Forward,Without Club,-,in,0,1 Bundesliga,2010,2010/2011
FC Schalke 04,Tore Reginiussen,24,Centre-Back,Lecce,"End of loanDec 31, 2010",in,0,1 Bundesliga,2010,2010/2011
FC Schalke 04,Lars Unnerstall,19,Goalkeeper,Schalke 04 II,-,in,0,1 Bundesliga,2010,2010/2011
FC Schalke 04,Marvin Pourié,19,Centre-Forward,TuS Koblenz,"End of loanJun 30, 2010",in,0,1 Bundesliga,2010,2010/2011
FC Schalke 04,Carlos Grossmüller,27,Central Midfield,Danubio FC,"End of loanJun 30, 2010",in,0,1 Bundesliga,2010,2010/2011
FC Schalke 04,Lewis Holtby,19,Attacking Midfield,VfL Bochum,"End of loanJun 30, 2010",in,0,1 Bundesliga,2010,2010/2011
FC Schalke 04,Rafinha,24,Right-Back,Genoa,£7.20m,out,7.2,1 Bundesliga,2010,2010/2011
FC Schalke 04,Heiko Westermann,26,Centre-Back,Hamburger SV,£6.75m,out,6.75,1 Bundesliga,2010,2010/2011
FC Schalke 04,Ivan Rakitic,22,Central Midfield,Sevilla FC,£2.25m,out,2.25,1 Bundesliga,2010,2010/2011
FC Schalke 04,Erik Jendrisek,24,Centre-Forward,SC Freiburg,£630k,out,0.63,1 Bundesliga,2010,2010/2011
FC Schalke 04,Jermaine Jones,29,Defensive Midfield,Blackburn,Loan fee:£540k,out,0.54,1 Bundesliga,2010,2010/2011
FC Schalke 04,Lewis Holtby,19,Attacking Midfield,1.FSV Mainz 05,Loan fee:£180k,out,0.18,1 Bundesliga,2010,2010/2011
FC Schalke 04,Carlos Zambrano,21,Centre-Back,FC St. Pauli,Loan fee:£135k,out,0.135,1 Bundesliga,2010,2010/2011
FC Schalke 04,Tore Reginiussen,24,Centre-Back,Lecce,Loan fee:£135k,out,0.135,1 Bundesliga,2010,2010/2011
FC Schalke 04,Jan Morávek,20,Central Midfield,1.FC K'lautern,Loan fee:£135k,out,0.135,1 Bundesliga,2010,2010/2011
FC Schalke 04,Tore Reginiussen,24,Centre-Back,Tromsø,Loan fee:£90k,out,0.09,1 Bundesliga,2010,2010/2011
FC Schalke 04,Mohamed Amsif,21,Goalkeeper,FC Augsburg,Free Transfer,out,0,1 Bundesliga,2010,2010/2011
FC Schalke 04,Vicente Sánchez,30,Left Winger,América,Free Transfer,out,0,1 Bundesliga,2010,2010/2011
FC Schalke 04,Zé Roberto,29,Attacking Midfield,Vasco da Gama,Free Transfer,out,0,1 Bundesliga,2010,2010/2011
FC Schalke 04,Gerald Asamoah,31,Centre-Forward,FC St. Pauli,Loan,out,0,1 Bundesliga,2010,2010/2011
FC Schalke 04,Marcelo Bordon,34,Centre-Back,Al Rayyan,Free Transfer,out,0,1 Bundesliga,2010,2010/2011
FC Schalke 04,Emin Yalin,21,Left Winger,Göztepe,Free Transfer,out,0,1 Bundesliga,2010,2010/2011
FC Schalke 04,Kevin Kuranyi,28,Centre-Forward,Dinamo Moscow,Free Transfer,out,0,1 Bundesliga,2010,2010/2011
FC Schalke 04,Carlos Grossmüller,27,Central Midfield,Lecce,Free Transfer,out,0,1 Bundesliga,2010,2010/2011
FC Schalke 04,Predrag Stevanovic,19,Attacking Midfield,Schalke 04 II,-,out,0,1 Bundesliga,2010,2010/2011
FC Schalke 04,Mineiro,34,Defensive Midfield,Career break,-,out,0,1 Bundesliga,2010,2010/2011
FC Schalke 04,David Loheider,19,Centre-Forward,Schalke 04 II,-,out,0,1 Bundesliga,2010,2010/2011
FC Schalke 04,Danny Latza,20,Central Midfield,Schalke 04 II,-,out,0,1 Bundesliga,2010,2010/2011
FC Schalke 04,Besart Ibraimi,23,Centre-Forward,Schalke 04 II,-,out,0,1 Bundesliga,2010,2010/2011
FC Schalke 04,Marvin Pourié,19,Centre-Forward,Schalke 04 II,-,out,0,1 Bundesliga,2010,2010/2011
FC Schalke 04,Marvin Pachan,20,Right-Back,Schalke 04 II,-,out,0,1 Bundesliga,2010,2010/2011
FC Schalke 04,Bogdan Müller,22,Centre-Forward,Schalke 04 II,-,out,0,1 Bundesliga,2010,2010/2011
Borussia Mönchengladbach,Igor de Camargo,27,Centre-Forward,Standard Liège,£3.60m,in,3.6,1 Bundesliga,2010,2010/2011
Borussia Mönchengladbach,Bamba Anderson,22,Centre-Back,Tombense,£1.35m,in,1.35,1 Bundesliga,2010,2010/2011
Borussia Mönchengladbach,Martin Stranzl,30,Centre-Back,Spartak Moscow,£720k,in,0.72,1 Bundesliga,2010,2010/2011
Borussia Mönchengladbach,Michael Fink,28,Defensive Midfield,Besiktas,Loan fee:£630k,in,0.63,1 Bundesliga,2010,2010/2011
Borussia Mönchengladbach,Mike Hanke,27,Centre-Forward,Hannover 96,Free Transfer,in,0,1 Bundesliga,2010,2010/2011
Borussia Mönchengladbach,Jens Wissing,22,Left-Back,Preußen Münster,Free Transfer,in,0,1 Bundesliga,2010,2010/2011
Borussia Mönchengladbach,Mohamadou Idrissou,30,Centre-Forward,SC Freiburg,Free Transfer,in,0,1 Bundesliga,2010,2010/2011
Borussia Mönchengladbach,Havard Nordtveit,20,Defensive Midfield,Arsenal Res.,Free Transfer,in,0,1 Bundesliga,2010,2010/2011
Borussia Mönchengladbach,Marc-André ter Stegen,18,Goalkeeper,M'gladbach U19,-,in,0,1 Bundesliga,2010,2010/2011
Borussia Mönchengladbach,Patrick Herrmann,19,Right Winger,M'gladbach U19,-,in,0,1 Bundesliga,2010,2010/2011
Borussia Mönchengladbach,Bernhard Janeczek,18,Centre-Back,M'gladbach U19,-,in,0,1 Bundesliga,2010,2010/2011
Borussia Mönchengladbach,Sebastian Schachten,25,Right-Back,SC Paderborn,"End of loanJun 30, 2010",in,0,1 Bundesliga,2010,2010/2011
Borussia Mönchengladbach,Rob Friend,29,Centre-Forward,Hertha BSC,£1.62m,out,1.62,1 Bundesliga,2010,2010/2011
Borussia Mönchengladbach,Gal Alberman,27,Defensive Midfield,M. Tel Aviv,£162k,out,0.162,1 Bundesliga,2010,2010/2011
Borussia Mönchengladbach,Oliver Neuville,37,Centre-Forward,Arm. Bielefeld,Free Transfer,out,0,1 Bundesliga,2010,2010/2011
Borussia Mönchengladbach,Marcel Meeuwis,30,Defensive Midfield,Feyenoord,Loan,out,0,1 Bundesliga,2010,2010/2011
Borussia Mönchengladbach,Roberto Colautti,28,Centre-Forward,M. Tel Aviv,Free Transfer,out,0,1 Bundesliga,2010,2010/2011
Borussia Mönchengladbach,Raúl Bobadilla,23,Centre-Forward,Aris Saloniki,Loan,out,0,1 Bundesliga,2010,2010/2011
Borussia Mönchengladbach,Moses Lamidi,22,Centre-Forward,RW Oberhausen,Free Transfer,out,0,1 Bundesliga,2010,2010/2011
Borussia Mönchengladbach,Thomas Kleine,32,Centre-Back,Greuther Fürth,Free Transfer,out,0,1 Bundesliga,2010,2010/2011
Borussia Mönchengladbach,Jan-Ingwer Callsen-Bracker,26,Centre-Back,FC Augsburg,Free Transfer,out,0,1 Bundesliga,2010,2010/2011
Borussia Mönchengladbach,Frederic Löhe,21,Goalkeeper,SV Sandhausen,Loan fee:£18k,out,0.018,1 Bundesliga,2010,2010/2011
Borussia Mönchengladbach,Michael Bradley,23,Central Midfield,Aston Villa,Loan,out,0,1 Bundesliga,2010,2010/2011
Bayer 04 Leverkusen,Domagoj Vida,21,Centre-Back,NK Osijek,£2.16m,in,2.16,1 Bundesliga,2010,2010/2011
Bayer 04 Leverkusen,Sidney Sam,22,Right Winger,Hamburger SV,£1.80m,in,1.8,1 Bundesliga,2010,2010/2011
Bayer 04 Leverkusen,Nicolai Jörgensen,19,Centre-Forward,Akademisk BK,£720k,in,0.72,1 Bundesliga,2010,2010/2011
Bayer 04 Leverkusen,Zvonko Pamic,19,Central Midfield,HNK Rijeka,£450k,in,0.45,1 Bundesliga,2010,2010/2011
Bayer 04 Leverkusen,Hajime Hosogai,24,Defensive Midfield,Urawa Reds,Free Transfer,in,0,1 Bundesliga,2010,2010/2011
Bayer 04 Leverkusen,Michael Ballack,33,Central Midfield,Chelsea,Free Transfer,in,0,1 Bundesliga,2010,2010/2011
Bayer 04 Leverkusen,Kevin Kampl,20,Central Midfield,Greuther Fürth,Free Transfer,in,0,1 Bundesliga,2010,2010/2011
Bayer 04 Leverkusen,Hanno Balitsch,29,Defensive Midfield,Hannover 96,Free Transfer,in,0,1 Bundesliga,2010,2010/2011
Bayer 04 Leverkusen,Thanos Petsos,19,Defensive Midfield,Leverkusen U19,-,in,0,1 Bundesliga,2010,2010/2011
Bayer 04 Leverkusen,Lucas Rocha,19,Centre-Back,Portuguesa B,"End of loanDec 31, 2010",in,0,1 Bundesliga,2010,2010/2011
Bayer 04 Leverkusen,Marcel Risse,20,Right Midfield,1.FC Nuremberg,"End of loanJun 30, 2010",in,0,1 Bundesliga,2010,2010/2011
Bayer 04 Leverkusen,Jens Hegeler,22,Central Midfield,FC Augsburg,"End of loanJun 30, 2010",in,0,1 Bundesliga,2010,2010/2011
Bayer 04 Leverkusen,Theofanis Gekas,30,Centre-Forward,Hertha BSC,"End of loanJun 30, 2010",in,0,1 Bundesliga,2010,2010/2011
Bayer 04 Leverkusen,Sascha Dum,23,Left Midfield,Energie Cottbus,"End of loanJun 30, 2010",in,0,1 Bundesliga,2010,2010/2011
Bayer 04 Leverkusen,Patrick Helmes,26,Centre-Forward,VfL Wolfsburg,£4.50m,out,4.5,1 Bundesliga,2010,2010/2011
Bayer 04 Leverkusen,Theofanis Gekas,30,Centre-Forward,E. Frankfurt,£900k,out,0.9,1 Bundesliga,2010,2010/2011
Bayer 04 Leverkusen,Hans Sarpei,34,Left-Back,FC Schalke 04,£360k,out,0.36,1 Bundesliga,2010,2010/2011
Bayer 04 Leverkusen,Marcel Risse,20,Right Midfield,1.FSV Mainz 05,Loan fee:£135k,out,0.135,1 Bundesliga,2010,2010/2011
Bayer 04 Leverkusen,Kevin Kampl,19,Central Midfield,Greuther Fürth,Free Transfer,out,0,1 Bundesliga,2010,2010/2011
Bayer 04 Leverkusen,Hajime Hosogai,24,Defensive Midfield,FC Augsburg,Loan,out,0,1 Bundesliga,2010,2010/2011
Bayer 04 Leverkusen,Sascha Dum,23,Left Midfield,F. Düsseldorf,Free Transfer,out,0,1 Bundesliga,2010,2010/2011
Bayer 04 Leverkusen,Zvonko Pamic,19,Central Midfield,SC Freiburg,Loan,out,0,1 Bundesliga,2010,2010/2011
Bayer 04 Leverkusen,Burak Kaplan,20,Attacking Midfield,Greuther Fürth,Loan,out,0,1 Bundesliga,2010,2010/2011
Bayer 04 Leverkusen,Lukas Sinkiewicz,24,Defensive Midfield,FC Augsburg,Free Transfer,out,0,1 Bundesliga,2010,2010/2011
Bayer 04 Leverkusen,Tomasz Zdebel,37,Defensive Midfield,Alem. Aachen,Free Transfer,out,0,1 Bundesliga,2010,2010/2011
Bayer 04 Leverkusen,Jens Hegeler,22,Central Midfield,1.FC Nuremberg,Loan,out,0,1 Bundesliga,2010,2010/2011
Bayer 04 Leverkusen,Thanos Petsos,19,Defensive Midfield,1.FC K'lautern,Loan,out,0,1 Bundesliga,2010,2010/2011
Bayer 04 Leverkusen,Lucas Rocha,19,Centre-Back,1.FC K'lautern,Loan,out,0,1 Bundesliga,2010,2010/2011
Bayer 04 Leverkusen,Toni Kroos,20,Central Midfield,Bayern Munich,"End of loanJun 30, 2010",out,0,1 Bundesliga,2010,2010/2011
VfB Stuttgart,Cristian Molinaro,26,Left-Back,Juventus,£3.51m,in,3.51,1 Bundesliga,2010,2010/2011
VfB Stuttgart,Georg Niedermeier,24,Centre-Back,FC Bayern II,£3.15m,in,3.15,1 Bundesliga,2010,2010/2011
VfB Stuttgart,Johan Audel,26,Left Winger,Valenciennes FC,£2.25m,in,2.25,1 Bundesliga,2010,2010/2011
VfB Stuttgart,Mauro Germán Camoranesi,33,Right Midfield,Juventus,£1.80m,in,1.8,1 Bundesliga,2010,2010/2011
VfB Stuttgart,Mamadou Bah,22,Defensive Midfield,R. Strasbourg,£540k,in,0.54,1 Bundesliga,2010,2010/2011
VfB Stuttgart,Marc Ziegler,34,Goalkeeper,Bor. Dortmund,£270k,in,0.27,1 Bundesliga,2010,2010/2011
VfB Stuttgart,Martin Harnik,23,Centre-Forward,Werder Bremen,£270k,in,0.27,1 Bundesliga,2010,2010/2011
VfB Stuttgart,Philipp Degen,27,Right-Back,Liverpool,Loan,in,0,1 Bundesliga,2010,2010/2011
VfB Stuttgart,Shinji Okazaki,24,Centre-Forward,Shimizu S-Pulse,Free Transfer,in,0,1 Bundesliga,2010,2010/2011
VfB Stuttgart,Christian Gentner,24,Central Midfield,VfL Wolfsburg,Free Transfer,in,0,1 Bundesliga,2010,2010/2011
VfB Stuttgart,Tamás Hajnal,29,Attacking Midfield,Bor. Dortmund,Loan,in,0,1 Bundesliga,2010,2010/2011
VfB Stuttgart,Georges Mandjeck,21,Defensive Midfield,1.FC K'lautern,"End of loanJun 30, 2010",in,0,1 Bundesliga,2010,2010/2011
VfB Stuttgart,Élson,28,Attacking Midfield,Hannover 96,"End of loanJun 30, 2010",in,0,1 Bundesliga,2010,2010/2011
VfB Stuttgart,Sami Khedira,23,Central Midfield,Real Madrid,£12.60m,out,12.6,1 Bundesliga,2010,2010/2011
VfB Stuttgart,Sebastian Rudy,20,Defensive Midfield,TSG Hoffenheim,£3.60m,out,3.6,1 Bundesliga,2010,2010/2011
VfB Stuttgart,Georges Mandjeck,21,Defensive Midfield,Stade Rennais,£1.08m,out,1.08,1 Bundesliga,2010,2010/2011
VfB Stuttgart,Martin Lanig,25,Defensive Midfield,1. FC Köln,£630k,out,0.63,1 Bundesliga,2010,2010/2011
VfB Stuttgart,Julian Schieber,21,Centre-Forward,1.FC Nuremberg,Loan fee:£450k,out,0.45,1 Bundesliga,2010,2010/2011
VfB Stuttgart,Clemens Walch,23,Right Midfield,1.FC K'lautern,£90k,out,0.09,1 Bundesliga,2010,2010/2011
VfB Stuttgart,Mauro Germán Camoranesi,34,Right Midfield,Lanús,Free Transfer,out,0,1 Bundesliga,2010,2010/2011
VfB Stuttgart,Roberto Hilbert,25,Right-Back,Besiktas,Free Transfer,out,0,1 Bundesliga,2010,2010/2011
VfB Stuttgart,Ricardo Osorio,30,Right-Back,Monterrey,Free Transfer,out,0,1 Bundesliga,2010,2010/2011
VfB Stuttgart,Alessandro Riedle,19,Centre-Forward,Grasshoppers,?,out,NA,1 Bundesliga,2010,2010/2011
VfB Stuttgart,Jens Lehmann,40,Goalkeeper,Career break,-,out,0,1 Bundesliga,2010,2010/2011
VfB Stuttgart,Matthias Schwarz,22,Central Midfield,Stuttgart II,-,out,0,1 Bundesliga,2010,2010/2011
VfB Stuttgart,Cristian Molinaro,26,Left-Back,Juventus,"End of loanJun 30, 2010",out,0,1 Bundesliga,2010,2010/2011
VfB Stuttgart,Aleksandr Hleb,29,Attacking Midfield,FC Barcelona,"End of loanJun 30, 2010",out,0,1 Bundesliga,2010,2010/2011
VfB Stuttgart,Georg Niedermeier,24,Centre-Back,FC Bayern II,"End of loanJun 30, 2010",out,0,1 Bundesliga,2010,2010/2011
Hannover 96,Mohammed Abdellaoue,24,Centre-Forward,Vålerenga,£900k,in,0.9,1 Bundesliga,2010,2010/2011
Hannover 96,Markus Miller,28,Goalkeeper,Karlsruher SC,Free Transfer,in,0,1 Bundesliga,2010,2010/2011
Hannover 96,Lars Stindl,21,Second Striker,Karlsruher SC,Free Transfer,in,0,1 Bundesliga,2010,2010/2011
Hannover 96,Ron-Robert Zieler,21,Goalkeeper,Man Utd U23,Free Transfer,in,0,1 Bundesliga,2010,2010/2011
Hannover 96,Emanuel Pogatetz,27,Centre-Back,Middlesbrough,Free Transfer,in,0,1 Bundesliga,2010,2010/2011
Hannover 96,Carlitos,27,Left Midfield,FC Basel,Free Transfer,in,0,1 Bundesliga,2010,2010/2011
Hannover 96,Moritz Stoppelkamp,23,Left Winger,RW Oberhausen,Free Transfer,in,0,1 Bundesliga,2010,2010/2011
Hannover 96,DaMarcus Beasley,28,Left-Back,Rangers,Free Transfer,in,0,1 Bundesliga,2010,2010/2011
Hannover 96,Willi Evseev,18,Attacking Midfield,Hannover 96 U19,-,in,0,1 Bundesliga,2010,2010/2011
Hannover 96,Felix Burmeister,20,Centre-Back,Hannover 96 II,-,in,0,1 Bundesliga,2010,2010/2011
Hannover 96,Christopher Avevor,18,Centre-Back,Hannover 96 U19,-,in,0,1 Bundesliga,2010,2010/2011
Hannover 96,Jan Rosenthal,24,Second Striker,SC Freiburg,£495k,out,0.495,1 Bundesliga,2010,2010/2011
Hannover 96,Sal Zizzo,23,Right-Back,Chivas USA,Free Transfer,out,0,1 Bundesliga,2010,2010/2011
Hannover 96,Jiri Stajner,34,Second Striker,Slovan Liberec,Free Transfer,out,0,1 Bundesliga,2010,2010/2011
Hannover 96,Morten Jensen,22,Goalkeeper,Hessen Kassel,Free Transfer,out,0,1 Bundesliga,2010,2010/2011
Hannover 96,Sofien Chahed,20,Defensive Midfield,Holstein Kiel,Free Transfer,out,0,1 Bundesliga,2010,2010/2011
Hannover 96,Valdet Rama,23,Left Winger,Örebro SK,Free Transfer,out,0,1 Bundesliga,2010,2010/2011
Hannover 96,Leon Balogun,22,Centre-Back,W. Bremen II,Free Transfer,out,0,1 Bundesliga,2010,2010/2011
Hannover 96,Mike Hanke,27,Centre-Forward,Bor. M'gladbach,Free Transfer,out,0,1 Bundesliga,2010,2010/2011
Hannover 96,Hanno Balitsch,29,Defensive Midfield,Bay. Leverkusen,Free Transfer,out,0,1 Bundesliga,2010,2010/2011
Hannover 96,Jacek Krzynowek,34,Left Midfield,Retired,-,out,0,1 Bundesliga,2010,2010/2011
Hannover 96,Arnold Bruggink,32,Attacking Midfield,Without Club,-,out,0,1 Bundesliga,2010,2010/2011
Hannover 96,Uwe Gospodarek,36,Goalkeeper,Retired,-,out,0,1 Bundesliga,2010,2010/2011
Hannover 96,Vinícius,29,Centre-Back,Without Club,-,out,0,1 Bundesliga,2010,2010/2011
Hannover 96,Jan Durica,28,Centre-Back,Loko Moscow,"End of loanJun 30, 2010",out,0,1 Bundesliga,2010,2010/2011
Hannover 96,Élson,28,Attacking Midfield,VfB Stuttgart,"End of loanJun 30, 2010",out,0,1 Bundesliga,2010,2010/2011
Hannover 96,Arouna Koné,26,Centre-Forward,Sevilla FC,"End of loanJun 30, 2010",out,0,1 Bundesliga,2010,2010/2011
VfL Wolfsburg,Diego,25,Attacking Midfield,Juventus,£13.95m,in,13.95,1 Bundesliga,2010,2010/2011
VfL Wolfsburg,Simon Kjær,21,Centre-Back,US Palermo,£11.25m,in,11.25,1 Bundesliga,2010,2010/2011
VfL Wolfsburg,Mario Mandzukic,24,Centre-Forward,Dinamo Zagreb,£6.30m,in,6.3,1 Bundesliga,2010,2010/2011
VfL Wolfsburg,Patrick Helmes,26,Centre-Forward,Bay. Leverkusen,£4.50m,in,4.5,1 Bundesliga,2010,2010/2011
VfL Wolfsburg,Tuncay Sanli,29,Left Winger,Stoke City,£4.05m,in,4.05,1 Bundesliga,2010,2010/2011
VfL Wolfsburg,Jan Polak,29,Defensive Midfield,RSC Anderlecht,£2.70m,in,2.7,1 Bundesliga,2010,2010/2011
VfL Wolfsburg,Arne Friedrich,31,Centre-Back,Hertha BSC,£2.25m,in,2.25,1 Bundesliga,2010,2010/2011
VfL Wolfsburg,Ja-cheol Koo,21,Central Midfield,Jeju Utd.,£1.80m,in,1.8,1 Bundesliga,2010,2010/2011
VfL Wolfsburg,Nassim Ben Khalifa,18,Centre-Forward,Grasshoppers,£1.44m,in,1.44,1 Bundesliga,2010,2010/2011
VfL Wolfsburg,Dieumerci Mbokani,25,Centre-Forward,Monaco,Loan fee:£900k,in,0.9,1 Bundesliga,2010,2010/2011
VfL Wolfsburg,Cícero,25,Central Midfield,Tombense,Loan fee:£720k,in,0.72,1 Bundesliga,2010,2010/2011
VfL Wolfsburg,Yohandry Orozco,19,Left Winger,Zulia FC,£675k,in,0.675,1 Bundesliga,2010,2010/2011
VfL Wolfsburg,Akaki Gogia,18,Right Winger,Wolfsburg II,-,in,0,1 Bundesliga,2010,2010/2011
VfL Wolfsburg,Tolga Cigerci,18,Central Midfield,Wolfsburg U19,-,in,0,1 Bundesliga,2010,2010/2011
VfL Wolfsburg,Caiuby,21,Left Winger,MSV Duisburg,"End of loanJun 30, 2010",in,0,1 Bundesliga,2010,2010/2011
VfL Wolfsburg,Vlad Munteanu,29,Left Midfield,FSV Frankfurt,"End of loanJun 30, 2010",in,0,1 Bundesliga,2010,2010/2011
VfL Wolfsburg,Mahir Saglik,27,Centre-Forward,SC Paderborn,"End of loanJun 30, 2010",in,0,1 Bundesliga,2010,2010/2011
VfL Wolfsburg,Daniel Adlung,22,Central Midfield,Alem. Aachen,"End of loanJun 30, 2010",in,0,1 Bundesliga,2010,2010/2011
VfL Wolfsburg,Edin Dzeko,24,Centre-Forward,Man City,£33.30m,out,33.3,1 Bundesliga,2010,2010/2011
VfL Wolfsburg,Obafemi Martins,25,Centre-Forward,Rubin Kazan,£8.10m,out,8.1,1 Bundesliga,2010,2010/2011
VfL Wolfsburg,Zvjezdan Misimovic,28,Attacking Midfield,Galatasaray,£7.65m,out,7.65,1 Bundesliga,2010,2010/2011
VfL Wolfsburg,Réver,25,Centre-Back,Atlético-MG,£2.70m,out,2.7,1 Bundesliga,2010,2010/2011
VfL Wolfsburg,Jan Simunek,23,Centre-Back,1.FC K'lautern,£765k,out,0.765,1 Bundesliga,2010,2010/2011
VfL Wolfsburg,Jonathan Santana,28,Central Midfield,Kayserispor,£540k,out,0.54,1 Bundesliga,2010,2010/2011
VfL Wolfsburg,Andrea Barzagli,29,Centre-Back,Juventus,£270k,out,0.27,1 Bundesliga,2010,2010/2011
VfL Wolfsburg,Mahir Saglik,27,Centre-Forward,VfL Bochum,£180k,out,0.18,1 Bundesliga,2010,2010/2011
VfL Wolfsburg,Daniel Adlung,22,Central Midfield,Energie Cottbus,£135k,out,0.135,1 Bundesliga,2010,2010/2011
VfL Wolfsburg,Alexander Esswein,20,Right Winger,Dynamo Dresden,£45k,out,0.045,1 Bundesliga,2010,2010/2011
VfL Wolfsburg,Vlad Munteanu,29,Left Midfield,Dinamo Bukarest,Free Transfer,out,0,1 Bundesliga,2010,2010/2011
VfL Wolfsburg,Christian Gentner,24,Central Midfield,VfB Stuttgart,Free Transfer,out,0,1 Bundesliga,2010,2010/2011
VfL Wolfsburg,Karim Ziani,28,Attacking Midfield,Kayserispor,Loan,out,0,1 Bundesliga,2010,2010/2011
VfL Wolfsburg,Nassim Ben Khalifa,19,Centre-Forward,1.FC Nuremberg,Loan,out,0,1 Bundesliga,2010,2010/2011
VfL Wolfsburg,Caiuby,22,Left Winger,FC Ingolstadt,Loan,out,0,1 Bundesliga,2010,2010/2011
VfL Wolfsburg,Alexander Laas,26,Left Midfield,RB Leipzig,Free Transfer,out,0,1 Bundesliga,2010,2010/2011
SV Werder Bremen,Wesley,23,Central Midfield,Santos FC,£6.75m,in,6.75,1 Bundesliga,2010,2010/2011
SV Werder Bremen,Marko Arnautovic,21,Centre-Forward,FC Twente,£5.58m,in,5.58,1 Bundesliga,2010,2010/2011
SV Werder Bremen,Denni Avdic,22,Centre-Forward,Elfsborg,£1.98m,in,1.98,1 Bundesliga,2010,2010/2011
SV Werder Bremen,Felix Kroos,19,Central Midfield,Hansa Rostock,£216k,in,0.216,1 Bundesliga,2010,2010/2011
SV Werder Bremen,Predrag Stevanovic,19,Attacking Midfield,Schalke 04 II,£90k,in,0.09,1 Bundesliga,2010,2010/2011
SV Werder Bremen,Samuel Jesus,24,Centre-Back,São Paulo,Free Transfer,in,0,1 Bundesliga,2010,2010/2011
SV Werder Bremen,Mikaël Silvestre,33,Centre-Back,Arsenal,Free Transfer,in,0,1 Bundesliga,2010,2010/2011
SV Werder Bremen,Felix Wiedwald,20,Goalkeeper,W. Bremen II,-,in,0,1 Bundesliga,2010,2010/2011
SV Werder Bremen,Florian Trinks,18,Attacking Midfield,W. Bremen U19,-,in,0,1 Bundesliga,2010,2010/2011
SV Werder Bremen,Lennart Thy,18,Centre-Forward,W. Bremen U19,-,in,0,1 Bundesliga,2010,2010/2011
SV Werder Bremen,Martin Harnik,23,Centre-Forward,F. Düsseldorf,"End of loanJun 30, 2010",in,0,1 Bundesliga,2010,2010/2011
SV Werder Bremen,Jurica Vranjes,30,Defensive Midfield,Genclerbirligi,"End of loanJun 30, 2010",in,0,1 Bundesliga,2010,2010/2011
SV Werder Bremen,Carlos Alberto,25,Attacking Midfield,Vasco da Gama,"End of loanJun 30, 2010",in,0,1 Bundesliga,2010,2010/2011
SV Werder Bremen,Kevin Schindler,22,Defensive Midfield,MSV Duisburg,"End of loanJun 30, 2010",in,0,1 Bundesliga,2010,2010/2011
SV Werder Bremen,Torsten Oehrl,24,Centre-Forward,F. Düsseldorf,"End of loanJun 30, 2010",in,0,1 Bundesliga,2010,2010/2011
SV Werder Bremen,Mesut Özil,21,Attacking Midfield,Real Madrid,£16.20m,out,16.2,1 Bundesliga,2010,2010/2011
SV Werder Bremen,Hugo Almeida,26,Centre-Forward,Besiktas,£1.80m,out,1.8,1 Bundesliga,2010,2010/2011
SV Werder Bremen,Markus Rosenberg,27,Centre-Forward,Racing,Loan fee:£675k,out,0.675,1 Bundesliga,2010,2010/2011
SV Werder Bremen,Martin Harnik,23,Centre-Forward,VfB Stuttgart,£270k,out,0.27,1 Bundesliga,2010,2010/2011
SV Werder Bremen,Torsten Oehrl,24,Centre-Forward,FC Augsburg,£180k,out,0.18,1 Bundesliga,2010,2010/2011
SV Werder Bremen,Peter Niemeyer,26,Defensive Midfield,Hertha BSC,Loan fee:£180k,out,0.18,1 Bundesliga,2010,2010/2011
SV Werder Bremen,Timo Perthel,21,Left-Back,Sturm Graz,Loan fee:£45k,out,0.045,1 Bundesliga,2010,2010/2011
SV Werder Bremen,Márkó Futács,20,Centre-Forward,FC Ingolstadt,Loan,out,0,1 Bundesliga,2010,2010/2011
SV Werder Bremen,Carlos Alberto,25,Attacking Midfield,Vasco da Gama,Free Transfer,out,0,1 Bundesliga,2010,2010/2011
SV Werder Bremen,Kevin Artmann,24,Attacking Midfield,W. Bremen II,-,out,0,1 Bundesliga,2010,2010/2011
SV Werder Bremen,José-Alex Ikeng,22,Defensive Midfield,W. Bremen II,-,out,0,1 Bundesliga,2010,2010/2011
SV Werder Bremen,Aymen Abdennour,20,Centre-Back,ES Sahel,"End of loanJun 30, 2010",out,0,1 Bundesliga,2010,2010/2011
1.FC Nuremberg,Julian Schieber,21,Centre-Forward,VfB Stuttgart,Loan fee:£450k,in,0.45,1 Bundesliga,2010,2010/2011
1.FC Nuremberg,Per Nilsson,27,Centre-Back,TSG Hoffenheim,£360k,in,0.36,1 Bundesliga,2010,2010/2011
1.FC Nuremberg,Robert Mak,19,Right Winger,Man City Res.,£225k,in,0.225,1 Bundesliga,2010,2010/2011
1.FC Nuremberg,Almog Cohen,21,Central Midfield,Maccabi Netanya,Free Transfer,in,0,1 Bundesliga,2010,2010/2011
1.FC Nuremberg,Nassim Ben Khalifa,19,Centre-Forward,VfL Wolfsburg,Loan,in,0,1 Bundesliga,2010,2010/2011
1.FC Nuremberg,Rubin Okotie,23,Centre-Forward,Austria Vienna,Free Transfer,in,0,1 Bundesliga,2010,2010/2011
1.FC Nuremberg,Christoph Sauter,18,Right Winger,Mainz 05 U19,Free Transfer,in,0,1 Bundesliga,2010,2010/2011
1.FC Nuremberg,Mehmet Ekici,20,Attacking Midfield,Bayern Munich,Loan,in,0,1 Bundesliga,2010,2010/2011
1.FC Nuremberg,Timmy Simons,33,Defensive Midfield,PSV Eindhoven,Free Transfer,in,0,1 Bundesliga,2010,2010/2011
1.FC Nuremberg,Jens Hegeler,22,Central Midfield,Bay. Leverkusen,Loan,in,0,1 Bundesliga,2010,2010/2011
1.FC Nuremberg,Felicio Brown Forbes,18,Right Midfield,Hertha BSC U19,?,in,NA,1 Bundesliga,2010,2010/2011
1.FC Nuremberg,Daniel Batz,19,Goalkeeper,Nuremberg II,-,in,0,1 Bundesliga,2010,2010/2011
1.FC Nuremberg,Timo Ochs,29,Goalkeeper,Without Club,-,in,0,1 Bundesliga,2010,2010/2011
1.FC Nuremberg,Timothy Chandler,20,Right-Back,Nuremberg II,-,in,0,1 Bundesliga,2010,2010/2011
1.FC Nuremberg,Philipp Wollscheid,21,Centre-Back,Nuremberg II,-,in,0,1 Bundesliga,2010,2010/2011
1.FC Nuremberg,Matthew Spiranovic,22,Centre-Back,Urawa Reds,"End of loanDec 31, 2010",in,0,1 Bundesliga,2010,2010/2011
1.FC Nuremberg,Marvin Plattenhardt,18,Left-Back,Nuremberg II,-,in,0,1 Bundesliga,2010,2010/2011
1.FC Nuremberg,Markus Mendler,17,Left Winger,Nürnberg U19,-,in,0,1 Bundesliga,2010,2010/2011
1.FC Nuremberg,Dario Vidosic,23,Attacking Midfield,MSV Duisburg,"End of loanJun 30, 2010",in,0,1 Bundesliga,2010,2010/2011
1.FC Nuremberg,Dominik Reinhardt,25,Right-Back,FC Augsburg,"End of loanJun 30, 2010",in,0,1 Bundesliga,2010,2010/2011
1.FC Nuremberg,Dennis Diekmeier,20,Right-Back,Hamburger SV,£1.98m,out,1.98,1 Bundesliga,2010,2010/2011
1.FC Nuremberg,Matthew Spiranovic,22,Centre-Back,Urawa Reds,£405k,out,0.405,1 Bundesliga,2010,2010/2011
1.FC Nuremberg,Dominik Reinhardt,25,Right-Back,FC Augsburg,£90k,out,0.09,1 Bundesliga,2010,2010/2011
1.FC Nuremberg,Angelos Charisteas,30,Centre-Forward,AC Arles,Free Transfer,out,0,1 Bundesliga,2010,2010/2011
1.FC Nuremberg,Manuel Stiefler,21,Central Midfield,Saarbrücken,Free Transfer,out,0,1 Bundesliga,2010,2010/2011
1.FC Nuremberg,Thomas Broich,29,Attacking Midfield,Brisbane Roar,Free Transfer,out,0,1 Bundesliga,2010,2010/2011
1.FC Nuremberg,Felicio Brown Forbes,19,Right Midfield,Carl Zeiss Jena,Loan,out,0,1 Bundesliga,2010,2010/2011
1.FC Nuremberg,Jaouhar Mnari,33,Defensive Midfield,FSV Frankfurt,Free Transfer,out,0,1 Bundesliga,2010,2010/2011
1.FC Nuremberg,Dario Vidosic,23,Attacking Midfield,Arm. Bielefeld,Loan,out,0,1 Bundesliga,2010,2010/2011
1.FC Nuremberg,Daniel Gygax,28,Attacking Midfield,FC Luzern,Free Transfer,out,0,1 Bundesliga,2010,2010/2011
1.FC Nuremberg,Jonatan Kotzke,20,Centre-Back,Nuremberg II,-,out,0,1 Bundesliga,2010,2010/2011
1.FC Nuremberg,Isaac Boakye,29,Centre-Forward,Without Club,-,out,0,1 Bundesliga,2010,2010/2011
1.FC Nuremberg,Eric Maxim Choupo-Moting,21,Centre-Forward,Hamburger SV,"End of loanJun 30, 2010",out,0,1 Bundesliga,2010,2010/2011
1.FC Nuremberg,Mickaël Tavares,27,Defensive Midfield,Hamburger SV,"End of loanJun 30, 2010",out,0,1 Bundesliga,2010,2010/2011
1.FC Nuremberg,Havard Nordtveit,20,Defensive Midfield,Arsenal Res.,"End of loanJun 30, 2010",out,0,1 Bundesliga,2010,2010/2011
1.FC Nuremberg,Andreas Ottl,25,Defensive Midfield,Bayern Munich,"End of loanJun 30, 2010",out,0,1 Bundesliga,2010,2010/2011
1.FC Nuremberg,Marcel Risse,20,Right Midfield,Bay. Leverkusen,"End of loanJun 30, 2010",out,0,1 Bundesliga,2010,2010/2011
1.FC Nuremberg,Breno,20,Centre-Back,Bayern Munich,"End of loanJun 30, 2010",out,0,1 Bundesliga,2010,2010/2011
Eintracht Frankfurt,Georgios Tzavellas,22,Centre-Back,Panionios,£1.08m,in,1.08,1 Bundesliga,2010,2010/2011
Eintracht Frankfurt,Theofanis Gekas,30,Centre-Forward,Bay. Leverkusen,£900k,in,0.9,1 Bundesliga,2010,2010/2011
Eintracht Frankfurt,Sebastian Rode,19,Central Midfield,K. Offenbach,£225k,in,0.225,1 Bundesliga,2010,2010/2011
Eintracht Frankfurt,Sonny Kittel,17,Attacking Midfield,Frankfurt U19,-,in,0,1 Bundesliga,2010,2010/2011
Eintracht Frankfurt,Nikola Petkovic,24,Centre-Back,Tom Tomsk,"End of loanDec 1, 2010",in,0,1 Bundesliga,2010,2010/2011
Eintracht Frankfurt,Andreas Rössl,22,Goalkeeper,E. Frankfurt II,-,in,0,1 Bundesliga,2010,2010/2011
Eintracht Frankfurt,Aykut Özer,18,Goalkeeper,Frankfurt U19,-,in,0,1 Bundesliga,2010,2010/2011
Eintracht Frankfurt,Habib Bellaid,24,Centre-Back,US Boulogne,"End of loanJun 30, 2010",in,0,1 Bundesliga,2010,2010/2011
Eintracht Frankfurt,Markus Steinhöfer,24,Right-Back,1.FC K'lautern,"End of loanJun 30, 2010",in,0,1 Bundesliga,2010,2010/2011
Eintracht Frankfurt,Alexander Dercho,23,Left-Back,VfL Osnabrück,"End of loanJun 30, 2010",in,0,1 Bundesliga,2010,2010/2011
Eintracht Frankfurt,Cenk Tosun,19,Centre-Forward,Gaziantepspor,£495k,out,0.495,1 Bundesliga,2010,2010/2011
Eintracht Frankfurt,Marcos Álvarez,18,Second Striker,FC Bayern II,£180k,out,0.18,1 Bundesliga,2010,2010/2011
Eintracht Frankfurt,Nikola Petkovic,24,Centre-Back,Tom Tomsk,Loan fee:£90k,out,0.09,1 Bundesliga,2010,2010/2011
Eintracht Frankfurt,Ümit Korkmaz,25,Left Winger,VfL Bochum,Loan fee:£90k,out,0.09,1 Bundesliga,2010,2010/2011
Eintracht Frankfurt,Markus Steinhöfer,24,Right-Back,FC Basel,£90k,out,0.09,1 Bundesliga,2010,2010/2011
Eintracht Frankfurt,Alexander Dercho,23,Left-Back,VfL Osnabrück,£45k,out,0.045,1 Bundesliga,2010,2010/2011
Eintracht Frankfurt,Selim Teber,29,Central Midfield,Kayserispor,£45k,out,0.045,1 Bundesliga,2010,2010/2011
Eintracht Frankfurt,Nikolaos Lyberopoulos,34,Centre-Forward,AEK Athens,Free Transfer,out,0,1 Bundesliga,2010,2010/2011
Eintracht Frankfurt,Faton Toski,23,Attacking Midfield,VfL Bochum,Free Transfer,out,0,1 Bundesliga,2010,2010/2011
Eintracht Frankfurt,Juvhel Tsoumou,19,Centre-Forward,Alem. Aachen,Free Transfer,out,0,1 Bundesliga,2010,2010/2011
Eintracht Frankfurt,Christoph Spycher,32,Defensive Midfield,BSC Young Boys,Free Transfer,out,0,1 Bundesliga,2010,2010/2011
Eintracht Frankfurt,Habib Bellaid,24,Centre-Back,CS Sedan,Loan,out,0,1 Bundesliga,2010,2010/2011
Eintracht Frankfurt,Nikola Petkovic,24,Centre-Back,Ahli,Loan,out,0,1 Bundesliga,2010,2010/2011
Eintracht Frankfurt,Jan Zimmermann,25,Goalkeeper,Without Club,-,out,0,1 Bundesliga,2010,2010/2011
Eintracht Frankfurt,Markus Pröll,30,Goalkeeper,Without Club,-,out,0,1 Bundesliga,2010,2010/2011
TSG 1899 Hoffenheim,Ryan Babel,24,Left Winger,Liverpool,£6.30m,in,6.3,1 Bundesliga,2010,2010/2011
TSG 1899 Hoffenheim,Gylfi Sigurdsson,20,Attacking Midfield,Reading,£4.68m,in,4.68,1 Bundesliga,2010,2010/2011
TSG 1899 Hoffenheim,Roberto Firmino,19,Centre-Forward,Tombense,£3.60m,in,3.6,1 Bundesliga,2010,2010/2011
TSG 1899 Hoffenheim,Sebastian Rudy,20,Defensive Midfield,VfB Stuttgart,£3.60m,in,3.6,1 Bundesliga,2010,2010/2011
TSG 1899 Hoffenheim,Peniel Mlapa,19,Centre-Forward,1860 Munich,£1.17m,in,1.17,1 Bundesliga,2010,2010/2011
TSG 1899 Hoffenheim,Kevin Volland,18,Centre-Forward,1860 Munich,£630k,in,0.63,1 Bundesliga,2010,2010/2011
TSG 1899 Hoffenheim,Jukka Raitala,21,Left-Back,HJK Helsinki,£225k,in,0.225,1 Bundesliga,2010,2010/2011
TSG 1899 Hoffenheim,Tom Starke,29,Goalkeeper,MSV Duisburg,Free Transfer,in,0,1 Bundesliga,2010,2010/2011
TSG 1899 Hoffenheim,David Alaba,18,Left-Back,Bayern Munich,Loan,in,0,1 Bundesliga,2010,2010/2011
TSG 1899 Hoffenheim,Edson Braafheid,27,Left-Back,Bayern Munich,Free Transfer,in,0,1 Bundesliga,2010,2010/2011
TSG 1899 Hoffenheim,Franco Zuculini,20,Central Midfield,Genoa,"End of loanDec 31, 2010",in,0,1 Bundesliga,2010,2010/2011
TSG 1899 Hoffenheim,Wellington,22,Centre-Forward,F. Düsseldorf,"End of loanDec 29, 2010",in,0,1 Bundesliga,2010,2010/2011
TSG 1899 Hoffenheim,Wellington,23,Centre-Forward,Figueirense FC,"End of loanAug 10, 2011",in,0,1 Bundesliga,2010,2010/2011
TSG 1899 Hoffenheim,Ramazan Özcan,26,Goalkeeper,Besiktas,"End of loanJun 30, 2010",in,0,1 Bundesliga,2010,2010/2011
TSG 1899 Hoffenheim,Wellington,22,Centre-Forward,FC Twente,"End of loanJun 30, 2010",in,0,1 Bundesliga,2010,2010/2011
TSG 1899 Hoffenheim,Carlos Eduardo,23,Attacking Midfield,Rubin Kazan,£18.00m,out,18,1 Bundesliga,2010,2010/2011
TSG 1899 Hoffenheim,Luiz Gustavo,23,Defensive Midfield,Bayern Munich,£15.30m,out,15.3,1 Bundesliga,2010,2010/2011
TSG 1899 Hoffenheim,Maicosuel,24,Left Winger,Botafogo,£3.60m,out,3.6,1 Bundesliga,2010,2010/2011
TSG 1899 Hoffenheim,Demba Ba,25,Centre-Forward,West Ham,£720k,out,0.72,1 Bundesliga,2010,2010/2011
TSG 1899 Hoffenheim,Franco Zuculini,19,Central Midfield,Genoa,Loan fee:£630k,out,0.63,1 Bundesliga,2010,2010/2011
TSG 1899 Hoffenheim,Per Nilsson,27,Centre-Back,1.FC Nuremberg,£360k,out,0.36,1 Bundesliga,2010,2010/2011
TSG 1899 Hoffenheim,Wellington,22,Centre-Forward,F. Düsseldorf,Loan fee:£180k,out,0.18,1 Bundesliga,2010,2010/2011
TSG 1899 Hoffenheim,Christian Eichner,28,Left-Back,1. FC Köln,£90k,out,0.09,1 Bundesliga,2010,2010/2011
TSG 1899 Hoffenheim,Wellington,22,Centre-Forward,Figueirense FC,Loan,out,0,1 Bundesliga,2010,2010/2011
TSG 1899 Hoffenheim,Kevin Volland,18,Centre-Forward,1860 Munich,Loan,out,0,1 Bundesliga,2010,2010/2011
TSG 1899 Hoffenheim,Prince Tagoe,24,Centre-Forward,Partizan,Loan,out,0,1 Bundesliga,2010,2010/2011
TSG 1899 Hoffenheim,Jukka Raitala,21,Left-Back,SC Paderborn,Loan,out,0,1 Bundesliga,2010,2010/2011
TSG 1899 Hoffenheim,Franco Zuculini,20,Central Midfield,Racing Club,Loan,out,0,1 Bundesliga,2010,2010/2011
TSG 1899 Hoffenheim,Marco Terrazzino,19,Left Winger,Karlsruher SC,?,out,NA,1 Bundesliga,2010,2010/2011
TSG 1899 Hoffenheim,Timo Hildebrand,31,Goalkeeper,Without Club,-,out,0,1 Bundesliga,2010,2010/2011
TSG 1899 Hoffenheim,Jukka Raitala,21,Left-Back,HJK Helsinki,"End of loanJun 30, 2010",out,0,1 Bundesliga,2010,2010/2011
SC Freiburg,Erik Jendrisek,24,Centre-Forward,FC Schalke 04,£630k,in,0.63,1 Bundesliga,2010,2010/2011
SC Freiburg,Jan Rosenthal,24,Second Striker,Hannover 96,£495k,in,0.495,1 Bundesliga,2010,2010/2011
SC Freiburg,Anton Putsila,23,Attacking Midfield,Dinamo Minsk,£180k,in,0.18,1 Bundesliga,2010,2010/2011
SC Freiburg,Zvonko Pamic,19,Central Midfield,Bay. Leverkusen,Loan,in,0,1 Bundesliga,2010,2010/2011
SC Freiburg,Kisho Yano,26,Centre-Forward,Albirex Niigata,Free Transfer,in,0,1 Bundesliga,2010,2010/2011
SC Freiburg,Maximilian Nicu,27,Centre-Back,Hertha BSC,Free Transfer,in,0,1 Bundesliga,2010,2010/2011
SC Freiburg,Danny Williams,21,Defensive Midfield,SC Freiburg II,-,in,0,1 Bundesliga,2010,2010/2011
SC Freiburg,Nicolas Höfler,20,Defensive Midfield,SC Freiburg II,-,in,0,1 Bundesliga,2010,2010/2011
SC Freiburg,Jonathan Schmid,20,Right-Back,SC Freiburg II,-,in,0,1 Bundesliga,2010,2010/2011
SC Freiburg,Eke Uzoma,20,Left-Back,1860 Munich,"End of loanJun 30, 2010",in,0,1 Bundesliga,2010,2010/2011
SC Freiburg,Alain Junior Ollé Ollé,23,Left Midfield,Rot Weiss Ahlen,"End of loanJun 30, 2010",in,0,1 Bundesliga,2010,2010/2011
SC Freiburg,Michael Müller,20,Goalkeeper,Saarbrücken,"End of loanJun 30, 2010",in,0,1 Bundesliga,2010,2010/2011
SC Freiburg,Andreas Glockner,22,Defensive Midfield,TuS Koblenz,"End of loanJun 30, 2010",in,0,1 Bundesliga,2010,2010/2011
SC Freiburg,Jackson Mendy,23,Centre-Back,Grenoble,£180k,out,0.18,1 Bundesliga,2010,2010/2011
SC Freiburg,Eke Uzoma,20,Left-Back,1860 Munich,Free Transfer,out,0,1 Bundesliga,2010,2010/2011
SC Freiburg,Felix Roth,22,Attacking Midfield,A. Lustenau,Free Transfer,out,0,1 Bundesliga,2010,2010/2011
SC Freiburg,Alain Junior Ollé Ollé,23,Left Midfield,Stabæk,Free Transfer,out,0,1 Bundesliga,2010,2010/2011
SC Freiburg,Mohamadou Idrissou,30,Centre-Forward,Bor. M'gladbach,Free Transfer,out,0,1 Bundesliga,2010,2010/2011
SC Freiburg,Sandro Sirigu,21,Right-Back,1.FC Heidenheim,Free Transfer,out,0,1 Bundesliga,2010,2010/2011
SC Freiburg,Andreas Glockner,22,Defensive Midfield,1.FC Heidenheim,Free Transfer,out,0,1 Bundesliga,2010,2010/2011
SC Freiburg,Ivica Banovic,30,Defensive Midfield,MSV Duisburg,Loan,out,0,1 Bundesliga,2010,2010/2011
SC Freiburg,Michael Langer,25,Goalkeeper,FSV Frankfurt,Free Transfer,out,0,1 Bundesliga,2010,2010/2011
SC Freiburg,Du-ri Cha,29,Right-Back,Celtic,Free Transfer,out,0,1 Bundesliga,2010,2010/2011
SC Freiburg,Michael Müller,20,Goalkeeper,Wolfsburg II,£9k,out,0.009,1 Bundesliga,2010,2010/2011
SC Freiburg,Hamed Namouchi,26,Attacking Midfield,Without Club,-,out,0,1 Bundesliga,2010,2010/2011
SC Freiburg,David Targamadze,20,Attacking Midfield,Without Club,-,out,0,1 Bundesliga,2010,2010/2011
1.FSV Mainz 05,Eugen Polanski,24,Defensive Midfield,Getafe,£990k,in,0.99,1 Bundesliga,2010,2010/2011
1.FSV Mainz 05,Sami Allagui,24,Centre-Forward,Greuther Fürth,£900k,in,0.9,1 Bundesliga,2010,2010/2011
1.FSV Mainz 05,Ádám Szalai,22,Centre-Forward,RM Castilla,£540k,in,0.54,1 Bundesliga,2010,2010/2011
1.FSV Mainz 05,Christian Fuchs,24,Left-Back,VfL Bochum,Loan fee:£360k,in,0.36,1 Bundesliga,2010,2010/2011
1.FSV Mainz 05,Lewis Holtby,19,Attacking Midfield,FC Schalke 04,Loan fee:£180k,in,0.18,1 Bundesliga,2010,2010/2011
1.FSV Mainz 05,Dragan Gjorgiev,19,Left Winger,Horizont,Loan fee:£180k,in,0.18,1 Bundesliga,2010,2010/2011
1.FSV Mainz 05,Duncan,25,Centre-Forward,Celtic,Loan fee:£135k,in,0.135,1 Bundesliga,2010,2010/2011
1.FSV Mainz 05,Marcel Risse,20,Right Midfield,Bay. Leverkusen,Loan fee:£135k,in,0.135,1 Bundesliga,2010,2010/2011
1.FSV Mainz 05,Martin Pieckenhagen,38,Goalkeeper,Heracles Almelo,Free Transfer,in,0,1 Bundesliga,2010,2010/2011
1.FSV Mainz 05,Marco Caligiuri,26,Centre-Back,Greuther Fürth,Free Transfer,in,0,1 Bundesliga,2010,2010/2011
1.FSV Mainz 05,Tufan Tosunoglu,21,Second Striker,K. Offenbach,Free Transfer,in,0,1 Bundesliga,2010,2010/2011
1.FSV Mainz 05,Petar Sliskovic,19,Centre-Forward,FSV Mainz 05 II,-,in,0,1 Bundesliga,2010,2010/2011
1.FSV Mainz 05,Dragan Gjorgiev,20,Left Winger,SC Paderborn,"End of loanDec 31, 2010",in,0,1 Bundesliga,2010,2010/2011
1.FSV Mainz 05,Stefan Bell,18,Centre-Back,Mainz 05 U19,-,in,0,1 Bundesliga,2010,2010/2011
1.FSV Mainz 05,Eugen Gopko,19,Right-Back,Mainz 05 U19,-,in,0,1 Bundesliga,2010,2010/2011
1.FSV Mainz 05,Haruna Babangida,27,Right Winger,Without Club,-,in,0,1 Bundesliga,2010,2010/2011
1.FSV Mainz 05,Mario Vrancic,21,Central Midfield,Rot Weiss Ahlen,"End of loanJun 30, 2010",in,0,1 Bundesliga,2010,2010/2011
1.FSV Mainz 05,Aristide Bancé,25,Centre-Forward,Al-Ahli (UAE),£4.50m,out,4.5,1 Bundesliga,2010,2010/2011
1.FSV Mainz 05,Jahmir Hyka,22,Left Midfield,Panionios,£108k,out,0.108,1 Bundesliga,2010,2010/2011
1.FSV Mainz 05,Tim Hoogland,25,Centre-Back,FC Schalke 04,Free Transfer,out,0,1 Bundesliga,2010,2010/2011
1.FSV Mainz 05,Filip Trojan,27,Left Winger,MSV Duisburg,Loan,out,0,1 Bundesliga,2010,2010/2011
1.FSV Mainz 05,Haruna Babangida,28,Right Winger,Vitesse,Free Transfer,out,0,1 Bundesliga,2010,2010/2011
1.FSV Mainz 05,Tufan Tosunoglu,21,Second Striker,FSV Frankfurt,Free Transfer,out,0,1 Bundesliga,2010,2010/2011
1.FSV Mainz 05,Félix Borja,27,Centre-Forward,Puebla FC,Free Transfer,out,0,1 Bundesliga,2010,2010/2011
1.FSV Mainz 05,Chadli Amri,25,Right Winger,1.FC K'lautern,Free Transfer,out,0,1 Bundesliga,2010,2010/2011
1.FSV Mainz 05,Dragan Gjorgiev,19,Left Winger,SC Paderborn,Loan,out,0,1 Bundesliga,2010,2010/2011
1.FSV Mainz 05,Stefan Bell,18,Centre-Back,1860 Munich,Loan,out,0,1 Bundesliga,2010,2010/2011
1.FSV Mainz 05,Dragan Gjorgiev,20,Left Winger,Horizont,"End of loanJan 1, 2011",out,0,1 Bundesliga,2010,2010/2011
1.FSV Mainz 05,Marco Rose,33,Left-Back,FSV Mainz 05 II,-,out,0,1 Bundesliga,2010,2010/2011
1.FSV Mainz 05,Mario Vrancic,21,Central Midfield,FSV Mainz 05 II,-,out,0,1 Bundesliga,2010,2010/2011
1.FSV Mainz 05,Duncan,25,Centre-Forward,Celtic,"End of loanDec 31, 2010",out,0,1 Bundesliga,2010,2010/2011
1.FSV Mainz 05,Dimo Wache,36,Goalkeeper,Career break,-,out,0,1 Bundesliga,2010,2010/2011
1.FSV Mainz 05,Pierre Kleinheider,20,Goalkeeper,FSV Mainz 05 II,-,out,0,1 Bundesliga,2010,2010/2011
1.FSV Mainz 05,Eugen Polanski,24,Defensive Midfield,Getafe,"End of loanNov 5, 2010",out,0,1 Bundesliga,2010,2010/2011
1.FSV Mainz 05,Dragan Bogavac,30,Second Striker,Without Club,-,out,0,1 Bundesliga,2010,2010/2011
1.FSV Mainz 05,Jared Jeffrey,20,Central Midfield,FSV Mainz 05 II,-,out,0,1 Bundesliga,2010,2010/2011
1.FSV Mainz 05,Ádám Szalai,22,Centre-Forward,RM Castilla,"End of loanJun 30, 2010",out,0,1 Bundesliga,2010,2010/2011
Hamburger SV,Heiko Westermann,26,Centre-Back,FC Schalke 04,£6.75m,in,6.75,1 Bundesliga,2010,2010/2011
Hamburger SV,Gojko Kacar,23,Defensive Midfield,Hertha BSC,£4.95m,in,4.95,1 Bundesliga,2010,2010/2011
Hamburger SV,Dennis Diekmeier,20,Right-Back,1.FC Nuremberg,£1.98m,in,1.98,1 Bundesliga,2010,2010/2011
Hamburger SV,Jaroslav Drobny,30,Goalkeeper,Hertha BSC,Free Transfer,in,0,1 Bundesliga,2010,2010/2011
Hamburger SV,Lennard Sowah,17,Left-Back,Portsmouth U21,Free Transfer,in,0,1 Bundesliga,2010,2010/2011
Hamburger SV,Muhamed Besic,17,Defensive Midfield,Hamburg U19,-,in,0,1 Bundesliga,2010,2010/2011
Hamburger SV,Heung-min Son,17,Left Winger,Hamburg U19,-,in,0,1 Bundesliga,2010,2010/2011
Hamburger SV,Eric Maxim Choupo-Moting,21,Centre-Forward,1.FC Nuremberg,"End of loanJun 30, 2010",in,0,1 Bundesliga,2010,2010/2011
Hamburger SV,Änis Ben-Hatira,21,Attacking Midfield,MSV Duisburg,"End of loanJun 30, 2010",in,0,1 Bundesliga,2010,2010/2011
Hamburger SV,Sidney Sam,22,Right Winger,1.FC K'lautern,"End of loanJun 30, 2010",in,0,1 Bundesliga,2010,2010/2011
Hamburger SV,Mickaël Tavares,27,Defensive Midfield,1.FC Nuremberg,"End of loanJun 30, 2010",in,0,1 Bundesliga,2010,2010/2011
Hamburger SV,Jérôme Boateng,21,Centre-Back,Man City,£11.25m,out,11.25,1 Bundesliga,2010,2010/2011
Hamburger SV,Sidney Sam,22,Right Winger,Bay. Leverkusen,£1.80m,out,1.8,1 Bundesliga,2010,2010/2011
Hamburger SV,Marcus Berg,23,Centre-Forward,PSV Eindhoven,Loan fee:£900k,out,0.9,1 Bundesliga,2010,2010/2011
Hamburger SV,Sören Bertram,19,Left Winger,FC Augsburg,Loan fee:£45k,out,0.045,1 Bundesliga,2010,2010/2011
Hamburger SV,Tolgay Arslan,19,Central Midfield,Alem. Aachen,Loan,out,0,1 Bundesliga,2010,2010/2011
Hamburger SV,David Rozehnal,30,Centre-Back,LOSC Lille,Loan,out,0,1 Bundesliga,2010,2010/2011
Hamburger SV,Kai-Fabian Schulz,20,Centre-Back,FSV Frankfurt,Loan,out,0,1 Bundesliga,2010,2010/2011
Hamburger SV,Mickaël Tavares,27,Defensive Midfield,Middlesbrough,Loan,out,0,1 Bundesliga,2010,2010/2011
Hamburger SV,Wolfgang Hesl,24,Goalkeeper,SV  Ried,Loan,out,0,1 Bundesliga,2010,2010/2011
Hamburger SV,Maximilian Beister,19,Right Winger,F. Düsseldorf,Loan,out,0,1 Bundesliga,2010,2010/2011
Hamburger SV,Hanno Behrens,20,Central Midfield,Hamburger SV II,-,out,0,1 Bundesliga,2010,2010/2011
Hamburger SV,Christian Groß,21,Defensive Midfield,Hamburger SV II,-,out,0,1 Bundesliga,2010,2010/2011
1. FC Köln,Alexandru Ionita,20,Centre-Forward,Rapid Bucharest,£2.25m,in,2.25,1 Bundesliga,2010,2010/2011
1. FC Köln,Martin Lanig,25,Defensive Midfield,VfB Stuttgart,£630k,in,0.63,1 Bundesliga,2010,2010/2011
1. FC Köln,Slawomir Peszko,25,Left Winger,Lech Poznan,£450k,in,0.45,1 Bundesliga,2010,2010/2011
1. FC Köln,Konstantinos Giannoulis,22,Left-Back,Iraklis,£270k,in,0.27,1 Bundesliga,2010,2010/2011
1. FC Köln,Mato Jajalo,22,Central Midfield,Siena,Loan fee:£225k,in,0.225,1 Bundesliga,2010,2010/2011
1. FC Köln,Christopher Buchtmann,18,Attacking Midfield,Fulham U23,£135k,in,0.135,1 Bundesliga,2010,2010/2011
1. FC Köln,Christian Eichner,28,Left-Back,TSG Hoffenheim,£90k,in,0.09,1 Bundesliga,2010,2010/2011
1. FC Köln,Miro Varvodic,21,Goalkeeper,Hajduk Split,£90k,in,0.09,1 Bundesliga,2010,2010/2011
1. FC Köln,Tomoaki Makino,23,Centre-Back,Sanf. Hiroshima,Free Transfer,in,0,1 Bundesliga,2010,2010/2011
1. FC Köln,Andrézinho,28,Right-Back,Vit. Guimarães,Free Transfer,in,0,1 Bundesliga,2010,2010/2011
1. FC Köln,Christian Clemens,18,Right Winger,1.FC Köln II,-,in,0,1 Bundesliga,2010,2010/2011
1. FC Köln,Bienvenue Basala-Mazana,18,Right-Back,1.FC Köln U19,-,in,0,1 Bundesliga,2010,2010/2011
1. FC Köln,Reinhold Yabo,18,Central Midfield,1.FC Köln U19,-,in,0,1 Bundesliga,2010,2010/2011
1. FC Köln,Michael Rensing,26,Goalkeeper,Without Club,-,in,0,1 Bundesliga,2010,2010/2011
1. FC Köln,Wilfried Sanou,26,Left Winger,Urawa Reds,"End of loanDec 31, 2010",in,0,1 Bundesliga,2010,2010/2011
1. FC Köln,Lukas Nottbeck,21,Defensive Midfield,B. Dortmund II,"End of loanJun 30, 2010",in,0,1 Bundesliga,2010,2010/2011
1. FC Köln,Marvin Matip,24,Centre-Back,Karlsruher SC,"End of loanJun 30, 2010",in,0,1 Bundesliga,2010,2010/2011
1. FC Köln,Michael Gardawski,19,Right-Back,Carl Zeiss Jena,"End of loanJun 30, 2010",in,0,1 Bundesliga,2010,2010/2011
1. FC Köln,Thomas Kessler,24,Goalkeeper,FC St. Pauli,Loan fee:£45k,out,0.045,1 Bundesliga,2010,2010/2011
1. FC Köln,Daniel Brosinski,22,Right-Back,Wehen Wiesbaden,Free Transfer,out,0,1 Bundesliga,2010,2010/2011
1. FC Köln,Maniche,32,Central Midfield,Sporting CP,Free Transfer,out,0,1 Bundesliga,2010,2010/2011
1. FC Köln,Lukas Nottbeck,21,Defensive Midfield,TuS Koblenz,Free Transfer,out,0,1 Bundesliga,2010,2010/2011
1. FC Köln,Faryd Mondragón,39,Goalkeeper,Philadelphia,Free Transfer,out,0,1 Bundesliga,2010,2010/2011
1. FC Köln,Manasseh Ishiaku,27,Centre-Forward,Sint-Truiden,Loan,out,0,1 Bundesliga,2010,2010/2011
1. FC Köln,Sebastian Zielinsky,22,Right Midfield,FC Ingolstadt,Free Transfer,out,0,1 Bundesliga,2010,2010/2011
1. FC Köln,Michael Gardawski,19,Right-Back,Stuttgart II,Loan,out,0,1 Bundesliga,2010,2010/2011
1. FC Köln,José Pierre Vunguidica,20,Left Winger,K. Offenbach,Loan,out,0,1 Bundesliga,2010,2010/2011
1. FC Köln,Marvin Matip,24,Centre-Back,FC Ingolstadt,?,out,NA,1 Bundesliga,2010,2010/2011
1. FC Köln,Pierre Womé,31,Left-Back,Without Club,-,out,0,1 Bundesliga,2010,2010/2011
1. FC Köln,Zoran Tosic,23,Right Winger,Man Utd,"End of loanJun 30, 2010",out,0,1 Bundesliga,2010,2010/2011
1. FC Köln,Miro Varvodic,21,Goalkeeper,Hajduk Split,"End of loanJun 30, 2010",out,0,1 Bundesliga,2010,2010/2011
1.FC Kaiserslautern,Jan Simunek,23,Centre-Back,VfL Wolfsburg,£765k,in,0.765,1 Bundesliga,2010,2010/2011
1.FC Kaiserslautern,Stiven Rivic,24,Attacking Midfield,Energie Cottbus,£720k,in,0.72,1 Bundesliga,2010,2010/2011
1.FC Kaiserslautern,Leon Jessen,24,Left-Back,FC Midtjylland,£720k,in,0.72,1 Bundesliga,2010,2010/2011
1.FC Kaiserslautern,Ilian Micanski,24,Centre-Forward,Zaglebie Lubin,£540k,in,0.54,1 Bundesliga,2010,2010/2011
1.FC Kaiserslautern,Ivo Ilicevic,23,Left Winger,VfL Bochum,£450k,in,0.45,1 Bundesliga,2010,2010/2011
1.FC Kaiserslautern,Rodnei,24,Centre-Back,Hertha BSC,£405k,in,0.405,1 Bundesliga,2010,2010/2011
1.FC Kaiserslautern,Erwin Hoffer,23,Centre-Forward,SSC Napoli,Loan fee:£315k,in,0.315,1 Bundesliga,2010,2010/2011
1.FC Kaiserslautern,Jan Morávek,20,Central Midfield,FC Schalke 04,Loan fee:£135k,in,0.135,1 Bundesliga,2010,2010/2011
1.FC Kaiserslautern,Clemens Walch,23,Right Midfield,VfB Stuttgart,£90k,in,0.09,1 Bundesliga,2010,2010/2011
1.FC Kaiserslautern,Chadli Amri,25,Right Winger,1.FSV Mainz 05,Free Transfer,in,0,1 Bundesliga,2010,2010/2011
1.FC Kaiserslautern,Oliver Kirch,27,Defensive Midfield,Arm. Bielefeld,Free Transfer,in,0,1 Bundesliga,2010,2010/2011
1.FC Kaiserslautern,Christian Tiffert,28,Defensive Midfield,MSV Duisburg,Free Transfer,in,0,1 Bundesliga,2010,2010/2011
1.FC Kaiserslautern,Thanos Petsos,19,Defensive Midfield,Bay. Leverkusen,Loan,in,0,1 Bundesliga,2010,2010/2011
1.FC Kaiserslautern,Adam Hlousek,22,Left-Back,Slavia Prag,Loan,in,0,1 Bundesliga,2010,2010/2011
1.FC Kaiserslautern,Lucas Rocha,19,Centre-Back,Bay. Leverkusen,Loan,in,0,1 Bundesliga,2010,2010/2011
1.FC Kaiserslautern,Steven Zellner,19,Centre-Back,K'lautern II,-,in,0,1 Bundesliga,2010,2010/2011
1.FC Kaiserslautern,Alan Stulin,20,Left-Back,K'lautern II,-,in,0,1 Bundesliga,2010,2010/2011
1.FC Kaiserslautern,Anel Dzaka,29,Attacking Midfield,TuS Koblenz,"End of loanJun 30, 2010",in,0,1 Bundesliga,2010,2010/2011
1.FC Kaiserslautern,Ricky Pinheiro,21,Attacking Midfield,VfL Osnabrück,"End of loanJun 30, 2010",in,0,1 Bundesliga,2010,2010/2011
1.FC Kaiserslautern,Alper Akcam,22,Centre-Forward,Gaziantepspor,£90k,out,0.09,1 Bundesliga,2010,2010/2011
1.FC Kaiserslautern,Mario Klinger,23,Centre-Back,RW Oberhausen,Free Transfer,out,0,1 Bundesliga,2010,2010/2011
1.FC Kaiserslautern,Dragan Paljic,27,Left Midfield,Wisla Kraków,Free Transfer,out,0,1 Bundesliga,2010,2010/2011
1.FC Kaiserslautern,Manuel Hornig,27,Centre-Back,TuS Koblenz,Free Transfer,out,0,1 Bundesliga,2010,2010/2011
1.FC Kaiserslautern,Sascha Kotysch,21,Centre-Back,Sint-Truiden,Free Transfer,out,0,1 Bundesliga,2010,2010/2011
1.FC Kaiserslautern,Erik Jendrisek,23,Centre-Forward,FC Schalke 04,Free Transfer,out,0,1 Bundesliga,2010,2010/2011
1.FC Kaiserslautern,Christoph Buchner,20,Centre-Back,Saarbrücken,Free Transfer,out,0,1 Bundesliga,2010,2010/2011
1.FC Kaiserslautern,Luis Robles,26,Goalkeeper,Karlsruher SC,Free Transfer,out,0,1 Bundesliga,2010,2010/2011
1.FC Kaiserslautern,Moussa Ouattara,28,Centre-Back,SC Fortuna Köln,Free Transfer,out,0,1 Bundesliga,2010,2010/2011
1.FC Kaiserslautern,Fabian Müller,23,Left-Back,Erzgebirge Aue,?,out,NA,1 Bundesliga,2010,2010/2011
1.FC Kaiserslautern,Ricky Pinheiro,21,Attacking Midfield,K'lautern II,-,out,0,1 Bundesliga,2010,2010/2011
1.FC Kaiserslautern,Anel Dzaka,29,Attacking Midfield,K'lautern II,-,out,0,1 Bundesliga,2010,2010/2011
1.FC Kaiserslautern,Marcel Correia,21,Centre-Back,K'lautern II,-,out,0,1 Bundesliga,2010,2010/2011
1.FC Kaiserslautern,Dario Damjanovic,28,Central Midfield,K'lautern II,-,out,0,1 Bundesliga,2010,2010/2011
1.FC Kaiserslautern,Georges Mandjeck,21,Defensive Midfield,VfB Stuttgart,"End of loanJun 30, 2010",out,0,1 Bundesliga,2010,2010/2011
1.FC Kaiserslautern,Markus Steinhöfer,24,Right-Back,E. Frankfurt,"End of loanJun 30, 2010",out,0,1 Bundesliga,2010,2010/2011
1.FC Kaiserslautern,Ivo Ilicevic,23,Left Winger,VfL Bochum,"End of loanJun 30, 2010",out,0,1 Bundesliga,2010,2010/2011
1.FC Kaiserslautern,Rodnei,24,Centre-Back,Hertha BSC,"End of loanJun 30, 2010",out,0,1 Bundesliga,2010,2010/2011
1.FC Kaiserslautern,Sidney Sam,22,Right Winger,Hamburger SV,"End of loanJun 30, 2010",out,0,1 Bundesliga,2010,2010/2011
1.FC Kaiserslautern,Daniel Pavlovic,22,Left-Back,FC Schaffhausen,"End of loanJun 30, 2010",out,0,1 Bundesliga,2010,2010/2011
FC St. Pauli,Carlos Zambrano,21,Centre-Back,FC Schalke 04,Loan fee:£135k,in,0.135,1 Bundesliga,2010,2010/2011
FC St. Pauli,Thomas Kessler,24,Goalkeeper,1. FC Köln,Loan fee:£45k,in,0.045,1 Bundesliga,2010,2010/2011
FC St. Pauli,Gerald Asamoah,31,Centre-Forward,FC Schalke 04,Loan,in,0,1 Bundesliga,2010,2010/2011
FC St. Pauli,Fin Bartels,23,Second Striker,Hansa Rostock,Free Transfer,in,0,1 Bundesliga,2010,2010/2011
FC St. Pauli,Moritz Volz,27,Right-Back,Without Club,-,in,0,1 Bundesliga,2010,2010/2011
FC St. Pauli,Jonathan Beaulieu-Bourgault,21,Defensive Midfield,Preußen Münster,Free Transfer,out,0,1 Bundesliga,2010,2010/2011
FC St. Pauli,Davidson Eden,22,Centre-Back,Esbjerg fB,Loan,out,0,1 Bundesliga,2010,2010/2011
FC St. Pauli,Thomas Meggle,35,Attacking Midfield,Retired,-,out,0,1 Bundesliga,2010,2010/2011
FC St. Pauli,Marc Gouiffe à Goufan,26,Defensive Midfield,Without Club,-,out,0,1 Bundesliga,2010,2010/2011
FC St. Pauli,Morike Sako,28,Centre-Forward,Without Club,-,out,0,1 Bundesliga,2010,2010/2011
FC St. Pauli,Andreas Biermann,29,Left-Back,Without Club,-,out,0,1 Bundesliga,2010,2010/2011
FC St. Pauli,Patrik Borger,31,Goalkeeper,Without Club,-,out,0,1 Bundesliga,2010,2010/2011
