club_name,player_name,age,position,club_involved_name,fee,transfer_movement,fee_cleaned,league_name,year,season
FC Girondins Bordeaux,Mariano,25,Right-Back,Fluminense,£2.70m,in,2.7,Ligue 1,2011,2011/2012
FC Girondins Bordeaux,Ludovic Obraniak,27,Attacking Midfield,LOSC Lille,£900k,in,0.9,Ligue 1,2011,2011/2012
FC Girondins Bordeaux,Landry N'Guémo,25,Defensive Midfield,AS Nancy,Free Transfer,in,0,Ligue 1,2011,2011/2012
FC Girondins Bordeaux,Nicolas Maurice-Belay,26,Left Winger,FC Sochaux,Free Transfer,in,0,Ligue 1,2011,2011/2012
FC Girondins Bordeaux,André Poko,18,Defensive Midfield,US Bitam,?,in,NA,Ligue 1,2011,2011/2012
FC Girondins Bordeaux,Maxime Poundjé,18,Left-Back,G. Bordeaux B,-,in,0,Ligue 1,2011,2011/2012
FC Girondins Bordeaux,Anthony Modeste,24,Centre-Forward,Blackburn,"End of loanMay 14, 2012",in,0,Ligue 1,2011,2011/2012
FC Girondins Bordeaux,Emiliano Sala,20,Centre-Forward,G. Bordeaux B,-,in,0,Ligue 1,2011,2011/2012
FC Girondins Bordeaux,Pierre Ducasse,24,Defensive Midfield,FC Lorient,"End of loanJun 30, 2011",in,0,Ligue 1,2011,2011/2012
FC Girondins Bordeaux,Grégory Sertic,21,Defensive Midfield,Lens,"End of loanJun 30, 2011",in,0,Ligue 1,2011,2011/2012
FC Girondins Bordeaux,David Bellion,28,Centre-Forward,OGC Nice,"End of loanJun 30, 2011",in,0,Ligue 1,2011,2011/2012
FC Girondins Bordeaux,Paul Lasne,22,Defensive Midfield,AC Ajaccio,"End of loanJun 30, 2011",in,0,Ligue 1,2011,2011/2012
FC Girondins Bordeaux,Matthieu Saunier,21,Centre-Back,Troyes,"End of loanJun 30, 2011",in,0,Ligue 1,2011,2011/2012
FC Girondins Bordeaux,Fernando Cavenaghi,27,Centre-Forward,Internacional,"End of loanJun 30, 2011",in,0,Ligue 1,2011,2011/2012
FC Girondins Bordeaux,Grzegorz Krychowiak,21,Defensive Midfield,Reims,"End of loanJun 30, 2011",in,0,Ligue 1,2011,2011/2012
FC Girondins Bordeaux,Abdou Traoré,23,Central Midfield,OGC Nice,"End of loanJun 30, 2011",in,0,Ligue 1,2011,2011/2012
FC Girondins Bordeaux,Henri Saivet,20,Attacking Midfield,SCO Angers,"End of loanJun 30, 2011",in,0,Ligue 1,2011,2011/2012
FC Girondins Bordeaux,Fernando,30,Defensive Midfield,Shabab,£5.40m,out,5.4,Ligue 1,2011,2011/2012
FC Girondins Bordeaux,Alou Diarra,29,Defensive Midfield,Marseille,£4.50m,out,4.5,Ligue 1,2011,2011/2012
FC Girondins Bordeaux,Wendel,29,Defensive Midfield,Ittihad,£1.35m,out,1.35,Ligue 1,2011,2011/2012
FC Girondins Bordeaux,Maxime Poundjé,18,Left-Back,Nîmes Olympique,Loan,out,0,Ligue 1,2011,2011/2012
FC Girondins Bordeaux,Floyd Ayité,22,Left Winger,Reims,Free Transfer,out,0,Ligue 1,2011,2011/2012
FC Girondins Bordeaux,Vujadin Savic,21,Centre-Back,Dynamo Dresden,Loan,out,0,Ligue 1,2011,2011/2012
FC Girondins Bordeaux,Pierre Ducasse,24,Defensive Midfield,Lens,Free Transfer,out,0,Ligue 1,2011,2011/2012
FC Girondins Bordeaux,Salif Sané,20,Centre-Back,AS Nancy,Loan,out,0,Ligue 1,2011,2011/2012
FC Girondins Bordeaux,Grzegorz Krychowiak,21,Defensive Midfield,FC Nantes,Loan,out,0,Ligue 1,2011,2011/2012
FC Girondins Bordeaux,Ulrich Ramé,38,Goalkeeper,CS Sedan,Free Transfer,out,0,Ligue 1,2011,2011/2012
FC Girondins Bordeaux,Paul Lasne,22,Defensive Midfield,AC Ajaccio,Free Transfer,out,0,Ligue 1,2011,2011/2012
FC Girondins Bordeaux,Fernando Cavenaghi,27,Centre-Forward,River Plate,Free Transfer,out,0,Ligue 1,2011,2011/2012
FC Girondins Bordeaux,Matthieu Saunier,21,Centre-Back,Troyes,?,out,NA,Ligue 1,2011,2011/2012
FC Girondins Bordeaux,Anthony Modeste,23,Centre-Forward,Blackburn,Loan,out,0,Ligue 1,2011,2011/2012
FC Girondins Bordeaux,André,20,Centre-Forward,Dynamo Kyiv,"End of loanJun 30, 2011",out,0,Ligue 1,2011,2011/2012
Olympique Marseille,Alou Diarra,29,Defensive Midfield,G. Bordeaux,£4.50m,in,4.5,Ligue 1,2011,2011/2012
Olympique Marseille,Nicolas N'Koulou,21,Centre-Back,Monaco,£3.15m,in,3.15,Ligue 1,2011,2011/2012
Olympique Marseille,Jérémy Morel,27,Centre-Back,FC Lorient,£2.25m,in,2.25,Ligue 1,2011,2011/2012
Olympique Marseille,Morgan Amalfitano,26,Right Winger,FC Lorient,Free Transfer,in,0,Ligue 1,2011,2011/2012
Olympique Marseille,Gennaro Bracigliano,31,Goalkeeper,AS Nancy,Free Transfer,in,0,Ligue 1,2011,2011/2012
Olympique Marseille,Djimi Traoré,31,Centre-Back,Monaco,Free Transfer,in,0,Ligue 1,2011,2011/2012
Olympique Marseille,Billel Omrani,18,Left Winger,Marseille B,-,in,0,Ligue 1,2011,2011/2012
Olympique Marseille,Brandão,31,Centre-Forward,Grêmio,"End of loanDec 31, 2011",in,0,Ligue 1,2011,2011/2012
Olympique Marseille,Chris Gadi,19,Right Winger,Marseille B,-,in,0,Ligue 1,2011,2011/2012
Olympique Marseille,Senah Mango,20,Centre-Back,Monaco,"End of loanDec 31, 2011",in,0,Ligue 1,2011,2011/2012
Olympique Marseille,Kevin Osei,20,Right Winger,Bayonne,"End of loanDec 31, 2011",in,0,Ligue 1,2011,2011/2012
Olympique Marseille,Charley Fomen,21,Left-Back,Dijon,"End of loanJun 30, 2011",in,0,Ligue 1,2011,2011/2012
Olympique Marseille,Mohamed Dennoun,25,Attacking Midfield,Bayonne,"End of loanJun 30, 2011",in,0,Ligue 1,2011,2011/2012
Olympique Marseille,Brandão,31,Centre-Forward,Cruzeiro,"End of loanJun 30, 2011",in,0,Ligue 1,2011,2011/2012
Olympique Marseille,Pape M'Bow,23,Centre-Back,Cannes,"End of loanJun 30, 2011",in,0,Ligue 1,2011,2011/2012
Olympique Marseille,Jules Goda,22,Goalkeeper,Portimonense,Free Transfer,out,0,Ligue 1,2011,2011/2012
Olympique Marseille,Leyti N'Diaye,25,Centre-Back,AC Ajaccio,Loan,out,0,Ligue 1,2011,2011/2012
Olympique Marseille,Charley Fomen,22,Left-Back,Clermont Foot,Free Transfer,out,0,Ligue 1,2011,2011/2012
Olympique Marseille,Alexander N'Doumbou,19,Defensive Midfield,US Orléans,Loan,out,0,Ligue 1,2011,2011/2012
Olympique Marseille,Pape M'Bow,23,Centre-Back,RAEC Mons,Loan,out,0,Ligue 1,2011,2011/2012
Olympique Marseille,Gabriel Heinze,33,Centre-Back,AS Roma,Free Transfer,out,0,Ligue 1,2011,2011/2012
Olympique Marseille,Hilton,33,Centre-Back,Montpellier,Free Transfer,out,0,Ligue 1,2011,2011/2012
Olympique Marseille,Brandão,31,Centre-Forward,Grêmio,Loan,out,0,Ligue 1,2011,2011/2012
Olympique Marseille,Kevin Osei,20,Right Winger,Bayonne,Loan,out,0,Ligue 1,2011,2011/2012
Olympique Marseille,Taye Taiwo,26,Left-Back,AC Milan,Free Transfer,out,0,Ligue 1,2011,2011/2012
Olympique Marseille,Mohamed Dennoun,25,Attacking Midfield,ASO Chlef,Free Transfer,out,0,Ligue 1,2011,2011/2012
Olympique Marseille,Fabrice Abriel,32,Central Midfield,OGC Nice,Free Transfer,out,0,Ligue 1,2011,2011/2012
Olympique Marseille,Édouard Cissé,33,Defensive Midfield,AJ Auxerre,Free Transfer,out,0,Ligue 1,2011,2011/2012
Olympique Marseille,Lucho González,31,Central Midfield,FC Porto,Free Transfer,out,0,Ligue 1,2011,2011/2012
Olympique Marseille,Senah Mango,19,Centre-Back,Monaco,Loan,out,0,Ligue 1,2011,2011/2012
Olympique Marseille,Cédric D'Ulivo,21,Right-Back,Marseille B,-,out,0,Ligue 1,2011,2011/2012
Olympique Marseille,Julien Rodriguez,33,Centre-Back,Retired,-,out,0,Ligue 1,2011,2011/2012
Stade Rennais FC,Mevlüt Erdinc,24,Centre-Forward,Paris SG,£5.94m,in,5.94,Ligue 1,2011,2011/2012
Stade Rennais FC,Julien Féret,28,Attacking Midfield,AS Nancy,£3.60m,in,3.6,Ligue 1,2011,2011/2012
Stade Rennais FC,Jonathan Pitroipa,25,Right Winger,Hamburger SV,£3.15m,in,3.15,Ligue 1,2011,2011/2012
Stade Rennais FC,Youssouf Hadji,31,Centre-Forward,AS Nancy,£1.53m,in,1.53,Ligue 1,2011,2011/2012
Stade Rennais FC,Chris Mavinga,20,Left-Back,Liverpool U23,£900k,in,0.9,Ligue 1,2011,2011/2012
Stade Rennais FC,Benoît Costil,23,Goalkeeper,CS Sedan,Free Transfer,in,0,Ligue 1,2011,2011/2012
Stade Rennais FC,Dimitri Foulquier,18,Right-Back,Rennes B,-,in,0,Ligue 1,2011,2011/2012
Stade Rennais FC,Vincent Pajot,20,Defensive Midfield,US Boulogne,"End of loanJun 30, 2011",in,0,Ligue 1,2011,2011/2012
Stade Rennais FC,Lhadji Badiane,24,Right Winger,Dijon,"End of loanJun 30, 2011",in,0,Ligue 1,2011,2011/2012
Stade Rennais FC,Cheick N'Diaye,26,Goalkeeper,Paris FC,"End of loanJun 30, 2011",in,0,Ligue 1,2011,2011/2012
Stade Rennais FC,Fabien Lemoine,24,Defensive Midfield,Saint-Étienne,£1.35m,out,1.35,Ligue 1,2011,2011/2012
Stade Rennais FC,Abdoul Camara,21,Left Winger,FC Sochaux,£1.35m,out,1.35,Ligue 1,2011,2011/2012
Stade Rennais FC,Samuel Souprayen,22,Centre-Back,Dijon,£1.35m,out,1.35,Ligue 1,2011,2011/2012
Stade Rennais FC,Georges Mandjeck,23,Defensive Midfield,AJ Auxerre,£900k,out,0.9,Ligue 1,2011,2011/2012
Stade Rennais FC,Jérôme Leroy,36,Attacking Midfield,Évian,Free Transfer,out,0,Ligue 1,2011,2011/2012
Stade Rennais FC,Lhadji Badiane,24,Right Winger,Stade Laval,Free Transfer,out,0,Ligue 1,2011,2011/2012
Stade Rennais FC,Gaëtan Caro,21,Central Midfield,AFC Compiègne,Free Transfer,out,0,Ligue 1,2011,2011/2012
Stade Rennais FC,Sylvain Marveaux,25,Attacking Midfield,Newcastle,Free Transfer,out,0,Ligue 1,2011,2011/2012
Stade Rennais FC,Nicolas Douchez,31,Goalkeeper,Paris SG,Free Transfer,out,0,Ligue 1,2011,2011/2012
Stade Rennais FC,Johann Carrasso,23,Goalkeeper,Monaco,Loan,out,0,Ligue 1,2011,2011/2012
Stade Rennais FC,John Verhoek,22,Centre-Forward,ADO Den Haag,Loan,out,0,Ligue 1,2011,2011/2012
Stade Rennais FC,Bira Dembélé,23,Centre-Back,CS Sedan,Free Transfer,out,0,Ligue 1,2011,2011/2012
Stade Rennais FC,Franck Julienne,20,Centre-Forward,AC Le Havre,Loan,out,0,Ligue 1,2011,2011/2012
AJ Auxerre,Issam Jemâa,27,Centre-Forward,Lens,£1.80m,in,1.8,Ligue 1,2011,2011/2012
AJ Auxerre,Georges Mandjeck,23,Defensive Midfield,Stade Rennais,£900k,in,0.9,Ligue 1,2011,2011/2012
AJ Auxerre,Rudy Haddad,26,Attacking Midfield,LB Châteauroux,£675k,in,0.675,Ligue 1,2011,2011/2012
AJ Auxerre,Édouard Cissé,33,Defensive Midfield,Marseille,Free Transfer,in,0,Ligue 1,2011,2011/2012
AJ Auxerre,Omar Kossoko,23,Right Winger,SC Amiens,Free Transfer,in,0,Ligue 1,2011,2011/2012
AJ Auxerre,Yonathan Del Valle,21,Left Winger,Táchira,?,in,NA,Ligue 1,2011,2011/2012
AJ Auxerre,Ben Sahar,21,Centre-Forward,Espanyol,Loan,in,0,Ligue 1,2011,2011/2012
AJ Auxerre,Olivier Kapo,31,Attacking Midfield,Without Club,-,in,0,Ligue 1,2011,2011/2012
AJ Auxerre,David Camps,21,Right Winger,AJ Auxerre B,-,in,0,Ligue 1,2011,2011/2012
AJ Auxerre,Prince Segbefia,20,Central Midfield,AJ Auxerre B,-,in,0,Ligue 1,2011,2011/2012
AJ Auxerre,Soualiho Meïté,17,Central Midfield,AJ Auxerre U19,-,in,0,Ligue 1,2011,2011/2012
AJ Auxerre,Christopher Missilou,18,Defensive Midfield,AJ Auxerre B,-,in,0,Ligue 1,2011,2011/2012
AJ Auxerre,Jeffrey Baltus,19,Goalkeeper,AJ Auxerre B,-,in,0,Ligue 1,2011,2011/2012
AJ Auxerre,Yaya Sanogo,18,Centre-Forward,AJ Auxerre U19,-,in,0,Ligue 1,2011,2011/2012
AJ Auxerre,Raphaël Calvet,17,Right-Back,AJ Auxerre U19,-,in,0,Ligue 1,2011,2011/2012
AJ Auxerre,Thomas Monconduit,20,Defensive Midfield,AJ Auxerre B,-,in,0,Ligue 1,2011,2011/2012
AJ Auxerre,Paul-Georges Ntep,18,Left Winger,AJ Auxerre B,-,in,0,Ligue 1,2011,2011/2012
AJ Auxerre,Dieylani Fall,21,Centre-Forward,AJ Auxerre B,-,in,0,Ligue 1,2011,2011/2012
AJ Auxerre,Donovan Léon,18,Goalkeeper,AJ Auxerre B,-,in,0,Ligue 1,2011,2011/2012
AJ Auxerre,Steeven Langil,23,Left Winger,Valenciennes FC,"End of loanJun 30, 2011",in,0,Ligue 1,2011,2011/2012
AJ Auxerre,Jean-Pascal Mignot,30,Centre-Back,Saint-Étienne,£1.80m,out,1.8,Ligue 1,2011,2011/2012
AJ Auxerre,Benoît Pedretti,30,Defensive Midfield,LOSC Lille,£1.35m,out,1.35,Ligue 1,2011,2011/2012
AJ Auxerre,Vincent Acapandié,21,Right-Back,AC Arles,Loan,out,0,Ligue 1,2011,2011/2012
AJ Auxerre,Valter Birsa,24,Attacking Midfield,Genoa,Free Transfer,out,0,Ligue 1,2011,2011/2012
AJ Auxerre,Willy Maeyens,22,Goalkeeper,Besançon RC,Loan,out,0,Ligue 1,2011,2011/2012
AJ Auxerre,Rémy Riou,23,Goalkeeper,Toulouse,Free Transfer,out,0,Ligue 1,2011,2011/2012
AJ Auxerre,Maxime Bourgeois,20,Left Winger,LB Châteauroux,Loan,out,0,Ligue 1,2011,2011/2012
AJ Auxerre,Jo-guk Jeong,27,Centre-Forward,AS Nancy,Loan,out,0,Ligue 1,2011,2011/2012
AJ Auxerre,Issam Jemâa,28,Centre-Forward,Stade Brest 29,Loan,out,0,Ligue 1,2011,2011/2012
AJ Auxerre,Julien Quercia,24,Centre-Forward,FC Lorient,Free Transfer,out,0,Ligue 1,2011,2011/2012
AJ Auxerre,Frédéric Sammaritano,25,Attacking Midfield,AC Ajaccio,Free Transfer,out,0,Ligue 1,2011,2011/2012
AJ Auxerre,Ireneusz Jelen,30,Centre-Forward,LOSC Lille,Free Transfer,out,0,Ligue 1,2011,2011/2012
AJ Auxerre,Steeven Langil,23,Left Winger,CS Sedan,Loan,out,0,Ligue 1,2011,2011/2012
AJ Auxerre,Alexandre Licata,27,Centre-Forward,Retired,-,out,0,Ligue 1,2011,2011/2012
AJ Auxerre,Johnson Soumahoro,23,Centre-Back,Without Club,-,out,0,Ligue 1,2011,2011/2012
FC Toulouse,Emmanuel Rivière,21,Centre-Forward,Saint-Étienne,£5.40m,in,5.4,Ligue 1,2011,2011/2012
FC Toulouse,Umut Bulut,28,Centre-Forward,Trabzonspor,£3.42m,in,3.42,Ligue 1,2011,2011/2012
FC Toulouse,Pavle Ninkov,26,Right-Back,Red Star,£1.56m,in,1.56,Ligue 1,2011,2011/2012
FC Toulouse,Serge Aurier,19,Right-Back,Lens,£1.17m,in,1.17,Ligue 1,2011,2011/2012
FC Toulouse,Aymen Abdennour,21,Centre-Back,ES Sahel,£450k,in,0.45,Ligue 1,2011,2011/2012
FC Toulouse,Rémy Riou,23,Goalkeeper,AJ Auxerre,Free Transfer,in,0,Ligue 1,2011,2011/2012
FC Toulouse,Adrien Regattin,19,Right Midfield,Toulouse B,-,in,0,Ligue 1,2011,2011/2012
FC Toulouse,Jean-Daniel Akpa Akpro,19,Central Midfield,Toulouse B,-,in,0,Ligue 1,2011,2011/2012
FC Toulouse,Mickaël Firmin,20,Centre-Back,Toulouse B,-,in,0,Ligue 1,2011,2011/2012
FC Toulouse,Luan,22,Left Winger,Palmeiras,"End of loanJun 30, 2011",in,0,Ligue 1,2011,2011/2012
FC Toulouse,Sören Larsen,29,Centre-Forward,Feyenoord,"End of loanJun 30, 2011",in,0,Ligue 1,2011,2011/2012
FC Toulouse,Luan,22,Left Winger,Palmeiras,£2.84m,out,2.84,Ligue 1,2011,2011/2012
FC Toulouse,Xavier Pentecôte,25,Centre-Forward,OGC Nice,£1.08m,out,1.08,Ligue 1,2011,2011/2012
FC Toulouse,Mauro Cetto,29,Centre-Back,US Palermo,£405k,out,0.405,Ligue 1,2011,2011/2012
FC Toulouse,Florian Aigouy,20,Centre-Back,Tarbes Pyrénées,Free Transfer,out,0,Ligue 1,2011,2011/2012
FC Toulouse,Sören Larsen,29,Centre-Forward,Aarhus GF,Free Transfer,out,0,Ligue 1,2011,2011/2012
FC Toulouse,Jean-Joël Perrier-Doumbé,32,Right-Back,Retired,-,out,0,Ligue 1,2011,2011/2012
FC Toulouse,Mathieu Valverde,28,Goalkeeper,Without Club,-,out,0,Ligue 1,2011,2011/2012
FC Toulouse,Fodé Mansare,29,Left Winger,Without Club,-,out,0,Ligue 1,2011,2011/2012
FC Toulouse,Adrián Gunino,22,Right-Back,Danubio FC,"End of loanJun 30, 2011",out,0,Ligue 1,2011,2011/2012
FC Toulouse,Luis Mejía,20,Goalkeeper,CA Fénix,"End of loanJun 30, 2011",out,0,Ligue 1,2011,2011/2012
FC Toulouse,Federico Santander,20,Centre-Forward,Guaraní,"End of loanJun 30, 2011",out,0,Ligue 1,2011,2011/2012
FC Toulouse,Yannis Tafer,20,Right Midfield,Olympique Lyon,"End of loanJun 30, 2011",out,0,Ligue 1,2011,2011/2012
OGC Nice,Kévin Anin,25,Central Midfield,FC Sochaux,£2.25m,in,2.25,Ligue 1,2011,2011/2012
OGC Nice,Fabián Monzón,24,Left-Back,Boca Juniors,£1.89m,in,1.89,Ligue 1,2011,2011/2012
OGC Nice,Abraham Gneki Guié,25,Centre-Forward,Tours FC,£1.35m,in,1.35,Ligue 1,2011,2011/2012
OGC Nice,Xavier Pentecôte,25,Centre-Forward,Toulouse,£1.08m,in,1.08,Ligue 1,2011,2011/2012
OGC Nice,Didier Digard,25,Defensive Midfield,Middlesbrough,£720k,in,0.72,Ligue 1,2011,2011/2012
OGC Nice,Elliot Grandin,24,Right Winger,Blackpool,Loan fee:£225k,in,0.225,Ligue 1,2011,2011/2012
OGC Nice,Camel Meriem,31,Attacking Midfield,AC Arles,Free Transfer,in,0,Ligue 1,2011,2011/2012
OGC Nice,Franck Dja Djédjé,25,Right Winger,AC Arles,Free Transfer,in,0,Ligue 1,2011,2011/2012
OGC Nice,Kévin Gomis,22,Centre-Back,Naval,Free Transfer,in,0,Ligue 1,2011,2011/2012
OGC Nice,Fabrice Abriel,32,Central Midfield,Marseille,Free Transfer,in,0,Ligue 1,2011,2011/2012
OGC Nice,Lloyd Palun,22,Right-Back,OGC Nice B,-,in,0,Ligue 1,2011,2011/2012
OGC Nice,Isma,20,Centre-Forward,OGC Nice B,-,in,0,Ligue 1,2011,2011/2012
OGC Nice,Kévin Malaga,24,Centre-Back,OGC Nice B,-,in,0,Ligue 1,2011,2011/2012
OGC Nice,Serge Nyuiadzi,19,Left Winger,OGC Nice B,-,in,0,Ligue 1,2011,2011/2012
OGC Nice,Julien Berthomier,21,Centre-Back,FC Gueugnon,"End of loanJun 30, 2011",in,0,Ligue 1,2011,2011/2012
OGC Nice,Raúl Fernández,25,Goalkeeper,Universitario,"End of loanJun 30, 2011",in,0,Ligue 1,2011,2011/2012
OGC Nice,Mickaël Poté,26,Centre-Forward,FC Le Mans,"End of loanJun 30, 2011",in,0,Ligue 1,2011,2011/2012
OGC Nice,Adeílson,25,Centre-Forward,FC Istres,"End of loanJun 1, 2011",in,0,Ligue 1,2011,2011/2012
OGC Nice,Larrys Mabiala,24,Centre-Back,Karabükspor,£450k,out,0.45,Ligue 1,2011,2011/2012
OGC Nice,Mickaël Poté,26,Centre-Forward,Dynamo Dresden,£90k,out,0.09,Ligue 1,2011,2011/2012
OGC Nice,Abeiku Quansah,20,Right Winger,Arsenal Kyiv,Free Transfer,out,0,Ligue 1,2011,2011/2012
OGC Nice,Adeílson,25,Centre-Forward,Tombense,Free Transfer,out,0,Ligue 1,2011,2011/2012
OGC Nice,Habib Bamogo,29,Second Striker,Panetolikos,Free Transfer,out,0,Ligue 1,2011,2011/2012
OGC Nice,Grégory Paisley,34,Left-Back,Guingamp,Free Transfer,out,0,Ligue 1,2011,2011/2012
OGC Nice,Ismaël Gace,24,Centre-Back,US Boulogne,Free Transfer,out,0,Ligue 1,2011,2011/2012
OGC Nice,Mamadou Bagayoko,32,Centre-Forward,PAS Giannina,Free Transfer,out,0,Ligue 1,2011,2011/2012
OGC Nice,Danijel Ljuboja,32,Centre-Forward,Legia Warszawa,Free Transfer,out,0,Ligue 1,2011,2011/2012
OGC Nice,Julien Berthomier,21,Centre-Back,Red Star FC 93,Loan,out,0,Ligue 1,2011,2011/2012
OGC Nice,Chaouki Ben Saada,27,Attacking Midfield,Lens,Free Transfer,out,0,Ligue 1,2011,2011/2012
OGC Nice,Lionel Létizi,38,Goalkeeper,Retired,-,out,0,Ligue 1,2011,2011/2012
OGC Nice,Emerse Faé,27,Central Midfield,Retired,-,out,0,Ligue 1,2011,2011/2012
OGC Nice,Jonathan Quartey,23,Centre-Back,Without Club,-,out,0,Ligue 1,2011,2011/2012
OGC Nice,Alain Cantareil,27,Left-Back,Without Club,-,out,0,Ligue 1,2011,2011/2012
OGC Nice,Didier Digard,24,Defensive Midfield,Middlesbrough,"End of loanJun 30, 2011",out,0,Ligue 1,2011,2011/2012
OGC Nice,David Bellion,28,Centre-Forward,G. Bordeaux,"End of loanJun 30, 2011",out,0,Ligue 1,2011,2011/2012
OGC Nice,Abdou Traoré,23,Central Midfield,G. Bordeaux,"End of loanJun 30, 2011",out,0,Ligue 1,2011,2011/2012
Paris Saint-Germain,Javier Pastore,22,Attacking Midfield,US Palermo,£37.80m,in,37.8,Ligue 1,2011,2011/2012
Paris Saint-Germain,Thiago Motta,29,Defensive Midfield,Inter,£10.35m,in,10.35,Ligue 1,2011,2011/2012
Paris Saint-Germain,Kévin Gameiro,24,Centre-Forward,FC Lorient,£9.90m,in,9.9,Ligue 1,2011,2011/2012
Paris Saint-Germain,Jérémy Ménez,24,Second Striker,AS Roma,£7.20m,in,7.2,Ligue 1,2011,2011/2012
Paris Saint-Germain,Blaise Matuidi,24,Central Midfield,Saint-Étienne,£7.20m,in,7.2,Ligue 1,2011,2011/2012
Paris Saint-Germain,Mohamed Sissoko,26,Defensive Midfield,Juventus,£7.20m,in,7.2,Ligue 1,2011,2011/2012
Paris Saint-Germain,Alex,29,Centre-Back,Chelsea,£4.50m,in,4.5,Ligue 1,2011,2011/2012
Paris Saint-Germain,Salvatore Sirigu,24,Goalkeeper,US Palermo,£3.51m,in,3.51,Ligue 1,2011,2011/2012
Paris Saint-Germain,Maxwell,30,Left-Back,FC Barcelona,£3.15m,in,3.15,Ligue 1,2011,2011/2012
Paris Saint-Germain,Milan Bisevac,27,Centre-Back,Valenciennes FC,£2.88m,in,2.88,Ligue 1,2011,2011/2012
Paris Saint-Germain,Diego Lugano,30,Centre-Back,Fenerbahce,£2.70m,in,2.7,Ligue 1,2011,2011/2012
Paris Saint-Germain,Nicolas Douchez,31,Goalkeeper,Stade Rennais,Free Transfer,in,0,Ligue 1,2011,2011/2012
Paris Saint-Germain,Ronan Le Crom,37,Goalkeeper,Without Club,-,in,0,Ligue 1,2011,2011/2012
Paris Saint-Germain,Neeskens Kebano,19,Attacking Midfield,Paris SG B,-,in,0,Ligue 1,2011,2011/2012
Paris Saint-Germain,Éverton Santos,25,Centre-Forward,Seongnam Ilhwa,"End of loanDec 1, 2011",in,0,Ligue 1,2011,2011/2012
Paris Saint-Germain,Loïck Landre,19,Centre-Back,Paris SG B,-,in,0,Ligue 1,2011,2011/2012
Paris Saint-Germain,Jean-Christophe Bahebeck,18,Centre-Forward,Paris SG U19,-,in,0,Ligue 1,2011,2011/2012
Paris Saint-Germain,Younousse Sankharé,21,Central Midfield,Dijon,"End of loanJun 30, 2011",in,0,Ligue 1,2011,2011/2012
Paris Saint-Germain,Loris Arnaud,24,Centre-Forward,SCO Angers,"End of loanJun 30, 2011",in,0,Ligue 1,2011,2011/2012
Paris Saint-Germain,Granddi N'Goyi,23,Defensive Midfield,Stade Brest 29,"End of loanJun 30, 2011",in,0,Ligue 1,2011,2011/2012
Paris Saint-Germain,Mevlüt Erdinc,24,Centre-Forward,Stade Rennais,£5.94m,out,5.94,Ligue 1,2011,2011/2012
Paris Saint-Germain,Jérémy Clément,26,Defensive Midfield,Saint-Étienne,£1.62m,out,1.62,Ligue 1,2011,2011/2012
Paris Saint-Germain,Tripy Makonda,21,Left-Back,Stade Brest 29,£450k,out,0.45,Ligue 1,2011,2011/2012
Paris Saint-Germain,Younousse Sankharé,21,Central Midfield,Dijon,£450k,out,0.45,Ligue 1,2011,2011/2012
Paris Saint-Germain,Apoula Edel,25,Goalkeeper,Hapoel Tel Aviv,Free Transfer,out,0,Ligue 1,2011,2011/2012
Paris Saint-Germain,Jean-Eudes Maurice,25,Centre-Forward,Lens,Loan,out,0,Ligue 1,2011,2011/2012
Paris Saint-Germain,Éverton Santos,25,Centre-Forward,Seongnam Ilhwa,Free Transfer,out,0,Ligue 1,2011,2011/2012
Paris Saint-Germain,Ludovic Giuly,35,Right Winger,Monaco,Free Transfer,out,0,Ligue 1,2011,2011/2012
Paris Saint-Germain,Adama Touré,19,Central Midfield,FC Lorient,Free Transfer,out,0,Ligue 1,2011,2011/2012
Paris Saint-Germain,Granddi N'Goyi,23,Defensive Midfield,FC Nantes,Loan,out,0,Ligue 1,2011,2011/2012
Paris Saint-Germain,Loïck Landre,19,Centre-Back,Clermont Foot,Loan,out,0,Ligue 1,2011,2011/2012
Paris Saint-Germain,Claude Makélélé,38,Defensive Midfield,Retired,-,out,0,Ligue 1,2011,2011/2012
Paris Saint-Germain,Sammy Traoré,35,Centre-Back,Retired,-,out,0,Ligue 1,2011,2011/2012
Paris Saint-Germain,Grégory Coupet,38,Goalkeeper,Retired,-,out,0,Ligue 1,2011,2011/2012
AS Saint-Étienne,Stéphane Ruffier,24,Goalkeeper,Monaco,£2.70m,in,2.7,Ligue 1,2011,2011/2012
AS Saint-Étienne,Lynel Kitambala,22,Centre-Forward,FC Lorient,£2.25m,in,2.25,Ligue 1,2011,2011/2012
AS Saint-Étienne,Jean-Pascal Mignot,30,Centre-Back,AJ Auxerre,£1.80m,in,1.8,Ligue 1,2011,2011/2012
AS Saint-Étienne,Max Gradel,23,Left Winger,Leeds,£1.80m,in,1.8,Ligue 1,2011,2011/2012
AS Saint-Étienne,Pierre-Emerick Aubameyang,22,Centre-Forward,AC Milan,£1.62m,in,1.62,Ligue 1,2011,2011/2012
AS Saint-Étienne,Jérémy Clément,26,Defensive Midfield,Paris SG,£1.62m,in,1.62,Ligue 1,2011,2011/2012
AS Saint-Étienne,Fabien Lemoine,24,Defensive Midfield,Stade Rennais,£1.35m,in,1.35,Ligue 1,2011,2011/2012
AS Saint-Étienne,Banel Nicolita,26,Right Winger,Steaua Bukarest,£630k,in,0.63,Ligue 1,2011,2011/2012
AS Saint-Étienne,Florent Sinama-Pongolle,26,Second Striker,Sporting CP,Loan fee:£450k,in,0.45,Ligue 1,2011,2011/2012
AS Saint-Étienne,Jonathan Brison,28,Left-Back,AS Nancy,£270k,in,0.27,Ligue 1,2011,2011/2012
AS Saint-Étienne,Paulão,28,Centre-Back,Braga,Free Transfer,in,0,Ligue 1,2011,2011/2012
AS Saint-Étienne,Danijel Aleksic,20,Right Winger,Genoa,Free Transfer,in,0,Ligue 1,2011,2011/2012
AS Saint-Étienne,Steed Malbranque,31,Central Midfield,Sunderland,Free Transfer,in,0,Ligue 1,2011,2011/2012
AS Saint-Étienne,Gelson Fernandes,25,Defensive Midfield,Leicester,"End of loanDec 30, 2011",in,0,Ligue 1,2011,2011/2012
AS Saint-Étienne,Idriss Saadi,19,Centre-Forward,Saint-Étienne B,-,in,0,Ligue 1,2011,2011/2012
AS Saint-Étienne,Kurt Zouma,16,Centre-Back,St-Étienne U19,-,in,0,Ligue 1,2011,2011/2012
AS Saint-Étienne,Guirane N'Daw,27,Defensive Midfield,Real Zaragoza,"End of loanJun 30, 2011",in,0,Ligue 1,2011,2011/2012
AS Saint-Étienne,Gelson Fernandes,24,Defensive Midfield,Chievo Verona,"End of loanJun 30, 2011",in,0,Ligue 1,2011,2011/2012
AS Saint-Étienne,Vincent Planté,30,Goalkeeper,AC Arles,"End of loanJun 30, 2011",in,0,Ligue 1,2011,2011/2012
AS Saint-Étienne,Gonzalo Bergessio,26,Centre-Forward,Catania,"End of loanJun 30, 2011",in,0,Ligue 1,2011,2011/2012
AS Saint-Étienne,Kevin Mirallas,23,Right Winger,Olympiacos,"End of loanJun 30, 2011",in,0,Ligue 1,2011,2011/2012
AS Saint-Étienne,Dimitri Payet,24,Attacking Midfield,LOSC Lille,£8.10m,out,8.1,Ligue 1,2011,2011/2012
AS Saint-Étienne,Blaise Matuidi,24,Central Midfield,Paris SG,£7.20m,out,7.2,Ligue 1,2011,2011/2012
AS Saint-Étienne,Emmanuel Rivière,21,Centre-Forward,Toulouse,£5.40m,out,5.4,Ligue 1,2011,2011/2012
AS Saint-Étienne,Kevin Mirallas,23,Right Winger,Olympiacos,£2.25m,out,2.25,Ligue 1,2011,2011/2012
AS Saint-Étienne,Gonzalo Bergessio,27,Centre-Forward,Catania,£1.71m,out,1.71,Ligue 1,2011,2011/2012
AS Saint-Étienne,Gelson Fernandes,25,Defensive Midfield,Udinese Calcio,Loan fee:£450k,out,0.45,Ligue 1,2011,2011/2012
AS Saint-Étienne,Gelson Fernandes,24,Defensive Midfield,Leicester,Loan fee:£450k,out,0.45,Ligue 1,2011,2011/2012
AS Saint-Étienne,Carlos Bocanegra,32,Centre-Back,Rangers,£414k,out,0.414,Ligue 1,2011,2011/2012
AS Saint-Étienne,Paulão,29,Centre-Back,Real Betis,Loan,out,0,Ligue 1,2011,2011/2012
AS Saint-Étienne,Idriss Saadi,19,Centre-Forward,Reims,Loan,out,0,Ligue 1,2011,2011/2012
AS Saint-Étienne,Guirane N'Daw,27,Defensive Midfield,Birmingham,Loan,out,0,Ligue 1,2011,2011/2012
AS Saint-Étienne,Jérémie Janot,34,Goalkeeper,FC Lorient,Loan,out,0,Ligue 1,2011,2011/2012
AS Saint-Étienne,Jessy Moulin,25,Goalkeeper,Clermont Foot,Loan,out,0,Ligue 1,2011,2011/2012
AS Saint-Étienne,Moustapha Sall,26,Centre-Back,AS Nancy,Loan,out,0,Ligue 1,2011,2011/2012
AS Saint-Étienne,Christophe Landrin,34,Central Midfield,AC Arles,Free Transfer,out,0,Ligue 1,2011,2011/2012
AS Saint-Étienne,Vincent Planté,30,Goalkeeper,Guingamp,Free Transfer,out,0,Ligue 1,2011,2011/2012
AS Saint-Étienne,Steed Malbranque,31,Central Midfield,Career break,-,out,0,Ligue 1,2011,2011/2012
AS Saint-Étienne,Boubacar Mansaly,23,Defensive Midfield,Without Club,-,out,0,Ligue 1,2011,2011/2012
AS Saint-Étienne,Sidy Sagna,21,Central Midfield,Saint-Étienne B,-,out,0,Ligue 1,2011,2011/2012
AS Saint-Étienne,Boubacar Sanogo,29,Centre-Forward,Without Club,-,out,0,Ligue 1,2011,2011/2012
AS Saint-Étienne,Pierre-Emerick Aubameyang,22,Centre-Forward,AC Milan,"End of loanDec 31, 2011",out,0,Ligue 1,2011,2011/2012
FC Sochaux-Montbéliard,Sébastien Corchia,20,Right-Back,FC Le Mans,£1.80m,in,1.8,Ligue 1,2011,2011/2012
FC Sochaux-Montbéliard,Yaya Banana,20,Centre-Back,Esperance,£1.35m,in,1.35,Ligue 1,2011,2011/2012
FC Sochaux-Montbéliard,Abdoul Camara,21,Left Winger,Stade Rennais,£1.35m,in,1.35,Ligue 1,2011,2011/2012
FC Sochaux-Montbéliard,King Osanga,21,Right Winger,ES Sahel,£225k,in,0.225,Ligue 1,2011,2011/2012
FC Sochaux-Montbéliard,Sébastien Roudet,30,Attacking Midfield,Lens,Free Transfer,in,0,Ligue 1,2011,2011/2012
FC Sochaux-Montbéliard,Thierry Doubai,23,Defensive Midfield,Udinese Calcio,Loan,in,0,Ligue 1,2011,2011/2012
FC Sochaux-Montbéliard,Steven Mouyokolo,24,Centre-Back,Wolves,Loan,in,0,Ligue 1,2011,2011/2012
FC Sochaux-Montbéliard,Papa Demba Camara,18,Goalkeeper,FC Sochaux B,-,in,0,Ligue 1,2011,2011/2012
FC Sochaux-Montbéliard,Charlie Davies,25,Centre-Forward,D.C. United,"End of loanDec 31, 2011",in,0,Ligue 1,2011,2011/2012
FC Sochaux-Montbéliard,Vaclav Sverkos,27,Centre-Forward,Panionios,"End of loanJun 30, 2011",in,0,Ligue 1,2011,2011/2012
FC Sochaux-Montbéliard,Sloan Privat,21,Centre-Forward,Clermont Foot,"End of loanJun 30, 2011",in,0,Ligue 1,2011,2011/2012
FC Sochaux-Montbéliard,Ivan Stevanovic,28,Right-Back,Partizan,"End of loanJun 30, 2011",in,0,Ligue 1,2011,2011/2012
FC Sochaux-Montbéliard,Frédéric Duplus,21,Right-Back,OC Vannes,"End of loanJun 30, 2011",in,0,Ligue 1,2011,2011/2012
FC Sochaux-Montbéliard,Brown Ideye,22,Centre-Forward,Dynamo Kyiv,£8.10m,out,8.1,Ligue 1,2011,2011/2012
FC Sochaux-Montbéliard,Kévin Anin,25,Central Midfield,OGC Nice,£2.25m,out,2.25,Ligue 1,2011,2011/2012
FC Sochaux-Montbéliard,Boukary Dramé,26,Left-Back,Chievo Verona,Free Transfer,out,0,Ligue 1,2011,2011/2012
FC Sochaux-Montbéliard,Jacques Faty,27,Centre-Back,Sivasspor,Free Transfer,out,0,Ligue 1,2011,2011/2012
FC Sochaux-Montbéliard,Nicolas Maurice-Belay,26,Left Winger,G. Bordeaux,Free Transfer,out,0,Ligue 1,2011,2011/2012
FC Sochaux-Montbéliard,Frédéric Duplus,21,Right-Back,Guingamp,Loan,out,0,Ligue 1,2011,2011/2012
FC Sochaux-Montbéliard,Matthieu Dreyer,22,Goalkeeper,Fréjus-St-Raph.,Free Transfer,out,0,Ligue 1,2011,2011/2012
FC Sochaux-Montbéliard,Maxime Josse,24,Right-Back,Litex Lovetch,Free Transfer,out,0,Ligue 1,2011,2011/2012
FC Sochaux-Montbéliard,Vaclav Sverkos,27,Centre-Forward,Banik Ostrava,Free Transfer,out,0,Ligue 1,2011,2011/2012
FC Sochaux-Montbéliard,Badara Sène,26,Defensive Midfield,Without Club,-,out,0,Ligue 1,2011,2011/2012
FC Sochaux-Montbéliard,Ivan Stevanovic,28,Right-Back,Retired,-,out,0,Ligue 1,2011,2011/2012
FC Sochaux-Montbéliard,Geoffrey Tulasne,23,Central Midfield,Without Club,-,out,0,Ligue 1,2011,2011/2012
HSC Montpellier,Henri Bedimo,27,Left-Back,Lens,£1.80m,in,1.8,Ligue 1,2011,2011/2012
HSC Montpellier,Jonathan Tinhan,22,Centre-Forward,Grenoble,Free Transfer,in,0,Ligue 1,2011,2011/2012
HSC Montpellier,Hilton,33,Centre-Back,Marseille,Free Transfer,in,0,Ligue 1,2011,2011/2012
HSC Montpellier,Mathieu Deplagne,19,Right-Back,HSC Montpellier B,-,in,0,Ligue 1,2011,2011/2012
HSC Montpellier,Baptiste Valette,18,Goalkeeper,HSC Montpellier B,-,in,0,Ligue 1,2011,2011/2012
HSC Montpellier,Rémy Cabella,21,Attacking Midfield,AC Arles,"End of loanJun 30, 2011",in,0,Ligue 1,2011,2011/2012
HSC Montpellier,Romain Armand,24,Centre-Forward,Cannes,"End of loanJun 30, 2011",in,0,Ligue 1,2011,2011/2012
HSC Montpellier,Grégory Lacombe,29,Right Winger,Monaco,"End of loanJun 30, 2011",in,0,Ligue 1,2011,2011/2012
HSC Montpellier,Anthony Scribe,23,Goalkeeper,UJA Maccabi,"End of loanJun 30, 2011",in,0,Ligue 1,2011,2011/2012
HSC Montpellier,Emir Spahic,30,Centre-Back,Sevilla FC,£1.80m,out,1.8,Ligue 1,2011,2011/2012
HSC Montpellier,Guillaume Legras,21,Central Midfield,FC Martigues,Loan,out,0,Ligue 1,2011,2011/2012
HSC Montpellier,Jonas Martin,21,Central Midfield,SC Amiens,Loan,out,0,Ligue 1,2011,2011/2012
HSC Montpellier,Anthony Scribe,23,Goalkeeper,USC Corte,Free Transfer,out,0,Ligue 1,2011,2011/2012
HSC Montpellier,Hasan Kabze,29,Centre-Forward,Orduspor,Free Transfer,out,0,Ligue 1,2011,2011/2012
HSC Montpellier,Mickaël Nelson,21,Right-Back,Babelsberg 03,Free Transfer,out,0,Ligue 1,2011,2011/2012
HSC Montpellier,Adrien Coulomb,20,Attacking Midfield,OC Vannes,Loan,out,0,Ligue 1,2011,2011/2012
HSC Montpellier,Teddy Mézague,21,Centre-Back,FC Martigues,Loan,out,0,Ligue 1,2011,2011/2012
HSC Montpellier,Romain Armand,24,Centre-Forward,Clermont Foot,Free Transfer,out,0,Ligue 1,2011,2011/2012
HSC Montpellier,Bengali-Fodé Koita,21,Centre-Forward,Lens,Loan,out,0,Ligue 1,2011,2011/2012
HSC Montpellier,Xavier Collin,36,Left-Back,Retired,-,out,0,Ligue 1,2011,2011/2012
HSC Montpellier,Nenad Dzodic,34,Centre-Back,Retired,-,out,0,Ligue 1,2011,2011/2012
Olympique Lyon,Bakary Koné,23,Centre-Back,Guingamp,£1.80m,in,1.8,Ligue 1,2011,2011/2012
Olympique Lyon,Gueïda Fofana,20,Defensive Midfield,AC Le Havre,£1.62m,in,1.62,Ligue 1,2011,2011/2012
Olympique Lyon,Mouhamadou Dabo,24,Right-Back,Sevilla FC,£720k,in,0.72,Ligue 1,2011,2011/2012
Olympique Lyon,Hamdan Al Kamali,22,Centre-Back,Al-Wahda FC,Loan,in,0,Ligue 1,2011,2011/2012
Olympique Lyon,Mathieu Valverde,28,Goalkeeper,Without Club,-,in,0,Ligue 1,2011,2011/2012
Olympique Lyon,Anthony Lopes,20,Goalkeeper,Olymp. Lyon B,-,in,0,Ligue 1,2011,2011/2012
Olympique Lyon,Samuel Umtiti,17,Centre-Back,Olymp. Lyon B,-,in,0,Ligue 1,2011,2011/2012
Olympique Lyon,Thomas Fontaine,20,Centre-Back,Olymp. Lyon B,-,in,0,Ligue 1,2011,2011/2012
Olympique Lyon,Sidy Koné,19,Defensive Midfield,Olymp. Lyon B,-,in,0,Ligue 1,2011,2011/2012
Olympique Lyon,Enzo Réale,19,Central Midfield,Olymp. Lyon B,-,in,0,Ligue 1,2011,2011/2012
Olympique Lyon,Nicolas Seguin,21,Centre-Back,Dijon,"End of loanJun 30, 2011",in,0,Ligue 1,2011,2011/2012
Olympique Lyon,Yannis Tafer,20,Right Midfield,Toulouse,"End of loanJun 30, 2011",in,0,Ligue 1,2011,2011/2012
Olympique Lyon,John Mensah,28,Centre-Back,Sunderland,"End of loanJun 30, 2011",in,0,Ligue 1,2011,2011/2012
Olympique Lyon,Jérémy Toulalan,27,Defensive Midfield,Málaga CF,£9.90m,out,9.9,Ligue 1,2011,2011/2012
Olympique Lyon,Miralem Pjanic,21,Defensive Midfield,AS Roma,£9.90m,out,9.9,Ligue 1,2011,2011/2012
Olympique Lyon,Lamine Gassama,22,Right-Back,FC Lorient,Free Transfer,out,0,Ligue 1,2011,2011/2012
Olympique Lyon,Harry Novillo,19,Left Winger,AC Le Havre,Loan,out,0,Ligue 1,2011,2011/2012
Olympique Lyon,César Delgado,29,Right Winger,Monterrey,Free Transfer,out,0,Ligue 1,2011,2011/2012
Olympique Lyon,Enzo Réale,19,Central Midfield,US Boulogne,Loan,out,0,Ligue 1,2011,2011/2012
Olympique Lyon,Ishak Belfodil,20,Centre-Forward,Bologna,Loan,out,0,Ligue 1,2011,2011/2012
Olympique Lyon,Mathieu Gorgelin,21,Goalkeeper,Red Star FC 93,Loan,out,0,Ligue 1,2011,2011/2012
Olympique Lyon,Pape Diakhaté,27,Centre-Back,Dynamo Kyiv,"End of loanJun 30, 2011",out,0,Ligue 1,2011,2011/2012
LOSC Lille,Dimitri Payet,24,Attacking Midfield,Saint-Étienne,£8.10m,in,8.1,Ligue 1,2011,2011/2012
LOSC Lille,Nolan Roux,23,Centre-Forward,Stade Brest 29,£7.20m,in,7.2,Ligue 1,2011,2011/2012
LOSC Lille,Ronny Rodelin,21,Right Winger,FC Nantes,£1.35m,in,1.35,Ligue 1,2011,2011/2012
LOSC Lille,Benoît Pedretti,30,Defensive Midfield,AJ Auxerre,£1.35m,in,1.35,Ligue 1,2011,2011/2012
LOSC Lille,Marko Basa,28,Centre-Back,Loko Moscow,£1.35m,in,1.35,Ligue 1,2011,2011/2012
LOSC Lille,John Jairo Ruiz,18,Left Winger,Saprissa,£1.08m,in,1.08,Ligue 1,2011,2011/2012
LOSC Lille,David Rozehnal,30,Centre-Back,Hamburger SV,£450k,in,0.45,Ligue 1,2011,2011/2012
LOSC Lille,Mauro Cetto,29,Centre-Back,US Palermo,Loan fee:£180k,in,0.18,Ligue 1,2011,2011/2012
LOSC Lille,Laurent Bonnart,31,Left-Back,Monaco,Free Transfer,in,0,Ligue 1,2011,2011/2012
LOSC Lille,Ireneusz Jelen,30,Centre-Forward,AJ Auxerre,Free Transfer,in,0,Ligue 1,2011,2011/2012
LOSC Lille,Vincent Enyeama,28,Goalkeeper,Hapoel Tel Aviv,Free Transfer,in,0,Ligue 1,2011,2011/2012
LOSC Lille,Joe Cole,29,Attacking Midfield,Liverpool,Loan,in,0,Ligue 1,2011,2011/2012
LOSC Lille,Gianni Bruno,19,Centre-Forward,LOSC Lille B,-,in,0,Ligue 1,2011,2011/2012
LOSC Lille,Omar Wade,21,Second Striker,LOSC Lille B,-,in,0,Ligue 1,2011,2011/2012
LOSC Lille,Lucas Digne,17,Left-Back,LOSC Lille B,-,in,0,Ligue 1,2011,2011/2012
LOSC Lille,Emil Lyng,21,Second Striker,Nordsjaelland,"End of loanJun 30, 2011",in,0,Ligue 1,2011,2011/2012
LOSC Lille,Peter Franquart,26,Centre-Back,RSC Charleroi,"End of loanJun 30, 2011",in,0,Ligue 1,2011,2011/2012
LOSC Lille,Ludovic Butelle,28,Goalkeeper,Nîmes Olympique,"End of loanJun 30, 2011",in,0,Ligue 1,2011,2011/2012
LOSC Lille,Nicolas Fauvergue,26,Centre-Forward,CS Sedan,"End of loanJun 30, 2011",in,0,Ligue 1,2011,2011/2012
LOSC Lille,Gervinho,24,Left Winger,Arsenal,£10.80m,out,10.8,Ligue 1,2011,2011/2012
LOSC Lille,Moussa Sow,26,Centre-Forward,Fenerbahce,£9.00m,out,9,Ligue 1,2011,2011/2012
LOSC Lille,Adil Rami,25,Centre-Back,Valencia,£5.40m,out,5.4,Ligue 1,2011,2011/2012
LOSC Lille,Yohan Cabaye,25,Central Midfield,Newcastle,£4.50m,out,4.5,Ligue 1,2011,2011/2012
LOSC Lille,Émerson Conceição,25,Left-Back,Benfica,£1.80m,out,1.8,Ligue 1,2011,2011/2012
LOSC Lille,Ludovic Obraniak,27,Attacking Midfield,G. Bordeaux,£900k,out,0.9,Ligue 1,2011,2011/2012
LOSC Lille,Nicolas Fauvergue,26,Centre-Forward,CS Sedan,£810k,out,0.81,Ligue 1,2011,2011/2012
LOSC Lille,Jerry Vandam,22,Right-Back,SM Caen,Loan,out,0,Ligue 1,2011,2011/2012
LOSC Lille,Peter Franquart,26,Centre-Back,RAEC Mons,Free Transfer,out,0,Ligue 1,2011,2011/2012
LOSC Lille,Emil Lyng,21,Second Striker,Lausanne-Sport,Free Transfer,out,0,Ligue 1,2011,2011/2012
LOSC Lille,Pierre-Alain Frau,31,Centre-Forward,SM Caen,Free Transfer,out,0,Ligue 1,2011,2011/2012
LOSC Lille,Arnaud Souquet,19,Right-Back,Paris FC,Loan,out,0,Ligue 1,2011,2011/2012
LOSC Lille,Stéphane Dumont,28,Defensive Midfield,Monaco,Free Transfer,out,0,Ligue 1,2011,2011/2012
LOSC Lille,Alexandre Oukidja,23,Goalkeeper,Bayonne,Loan,out,0,Ligue 1,2011,2011/2012
LOSC Lille,Cédric Baseya,23,Centre-Forward,AS Cherbourg,Free Transfer,out,0,Ligue 1,2011,2011/2012
LOSC Lille,Ludovic Butelle,28,Goalkeeper,AC Arles,Free Transfer,out,0,Ligue 1,2011,2011/2012
LOSC Lille,Omar Wade,21,Second Striker,Boluspor,Loan,out,0,Ligue 1,2011,2011/2012
LOSC Lille,David Rozehnal,30,Centre-Back,Hamburger SV,"End of loanJun 30, 2011",out,0,Ligue 1,2011,2011/2012
AC Ajaccio,Damien Tibéri,25,Left Midfield,CS Sedan,£180k,in,0.18,Ligue 1,2011,2011/2012
AC Ajaccio,Eduardo,31,Centre-Forward,Lens,Free Transfer,in,0,Ligue 1,2011,2011/2012
AC Ajaccio,Mehdi Mostefa,27,Defensive Midfield,Nîmes Olympique,Free Transfer,in,0,Ligue 1,2011,2011/2012
AC Ajaccio,Samuel Bouhours,24,Left-Back,FC Le Mans,Free Transfer,in,0,Ligue 1,2011,2011/2012
AC Ajaccio,David Gigliotti,26,Centre-Forward,AC Arles,Free Transfer,in,0,Ligue 1,2011,2011/2012
AC Ajaccio,Frédéric Sammaritano,25,Attacking Midfield,AJ Auxerre,Free Transfer,in,0,Ligue 1,2011,2011/2012
AC Ajaccio,Leyti N'Diaye,25,Centre-Back,Marseille,Loan,in,0,Ligue 1,2011,2011/2012
AC Ajaccio,Jackson Mendy,24,Centre-Back,Grenoble,Free Transfer,in,0,Ligue 1,2011,2011/2012
AC Ajaccio,Felipe Saad,28,Centre-Back,Évian,Free Transfer,in,0,Ligue 1,2011,2011/2012
AC Ajaccio,Paul Lasne,22,Defensive Midfield,G. Bordeaux,Free Transfer,in,0,Ligue 1,2011,2011/2012
AC Ajaccio,Guillermo Ochoa,25,Goalkeeper,América,Free Transfer,in,0,Ligue 1,2011,2011/2012
AC Ajaccio,Ilan,30,Centre-Forward,Without Club,-,in,0,Ligue 1,2011,2011/2012
AC Ajaccio,Mickaël Charvet,23,Centre-Back,FC Gap Hautes Alpes,"End of loanJun 30, 2011",in,0,Ligue 1,2011,2011/2012
AC Ajaccio,Andy Delort,20,Centre-Forward,FC Metz,Loan,out,0,Ligue 1,2011,2011/2012
AC Ajaccio,Toufik Guerabis,19,Defensive Midfield,CSO Amneville,Free Transfer,out,0,Ligue 1,2011,2011/2012
AC Ajaccio,Jackson Mendy,24,Centre-Back,APO Levadiakos,Free Transfer,out,0,Ligue 1,2011,2011/2012
AC Ajaccio,Billy Modeste,23,Centre-Back,R. Strasbourg,Free Transfer,out,0,Ligue 1,2011,2011/2012
AC Ajaccio,Jean-François Rivière,34,Centre-Forward,Clermont Foot,Free Transfer,out,0,Ligue 1,2011,2011/2012
AC Ajaccio,Julien Viale,29,Centre-Forward,Stade Laval,Free Transfer,out,0,Ligue 1,2011,2011/2012
AC Ajaccio,Laurent Bernardi,23,Goalkeeper,Without Club,-,out,0,Ligue 1,2011,2011/2012
AC Ajaccio,Paul Lasne,22,Defensive Midfield,G. Bordeaux,"End of loanJun 30, 2011",out,0,Ligue 1,2011,2011/2012
FC Lorient,Kévin Monnet-Paquet,22,Left Winger,Lens,£2.70m,in,2.7,Ligue 1,2011,2011/2012
FC Lorient,Innocent Emeghara,22,Centre-Forward,Grasshoppers,£2.25m,in,2.25,Ligue 1,2011,2011/2012
FC Lorient,Wesley Lautoa,24,Centre-Back,CS Sedan,£1.80m,in,1.8,Ligue 1,2011,2011/2012
FC Lorient,Mathieu Coutadeur,25,Central Midfield,Monaco,£1.80m,in,1.8,Ligue 1,2011,2011/2012
FC Lorient,Gilles Sunu,20,Centre-Forward,Arsenal Res.,£1.35m,in,1.35,Ligue 1,2011,2011/2012
FC Lorient,Ladislas Douniama,25,Second Striker,Guingamp,£90k,in,0.09,Ligue 1,2011,2011/2012
FC Lorient,Lucas Mareque,28,Left-Back,Independiente,Free Transfer,in,0,Ligue 1,2011,2011/2012
FC Lorient,Florent Chaigneau,27,Goalkeeper,Poiré-sur-Vie,Free Transfer,in,0,Ligue 1,2011,2011/2012
FC Lorient,Julien Quercia,24,Centre-Forward,AJ Auxerre,Free Transfer,in,0,Ligue 1,2011,2011/2012
FC Lorient,Pedrinho,26,Right-Back,Coimbra,Free Transfer,in,0,Ligue 1,2011,2011/2012
FC Lorient,Tristan Do,18,Right-Back,R. Strasbourg B,Free Transfer,in,0,Ligue 1,2011,2011/2012
FC Lorient,Cheick Touré,18,Centre-Back,Fulham U23,Free Transfer,in,0,Ligue 1,2011,2011/2012
FC Lorient,Lamine Gassama,22,Right-Back,Olympique Lyon,Free Transfer,in,0,Ligue 1,2011,2011/2012
FC Lorient,Joel Campbell,19,Right Winger,Arsenal,Loan,in,0,Ligue 1,2011,2011/2012
FC Lorient,Jérémie Janot,34,Goalkeeper,Saint-Étienne,Loan,in,0,Ligue 1,2011,2011/2012
FC Lorient,Adama Touré,19,Central Midfield,Paris SG,Free Transfer,in,0,Ligue 1,2011,2011/2012
FC Lorient,Jérémie Aliadière,28,Centre-Forward,Without Club,-,in,0,Ligue 1,2011,2011/2012
FC Lorient,Gabriel Peñalba,26,Central Midfield,Estudiantes,"End of loanJun 30, 2011",in,0,Ligue 1,2011,2011/2012
FC Lorient,Sebastián Dubarbier,25,Left-Back,CD Tenerife,"End of loanJun 30, 2011",in,0,Ligue 1,2011,2011/2012
FC Lorient,Alban Joinel,31,Goalkeeper,Carquefou,"End of loanJun 30, 2011",in,0,Ligue 1,2011,2011/2012
FC Lorient,Maxime Barthelmé,22,Left Midfield,Paris FC,"End of loanJun 30, 2011",in,0,Ligue 1,2011,2011/2012
FC Lorient,Kévin Gameiro,24,Centre-Forward,Paris SG,£9.90m,out,9.9,Ligue 1,2011,2011/2012
FC Lorient,Lynel Kitambala,22,Centre-Forward,Saint-Étienne,£2.25m,out,2.25,Ligue 1,2011,2011/2012
FC Lorient,Jérémy Morel,27,Centre-Back,Marseille,£2.25m,out,2.25,Ligue 1,2011,2011/2012
FC Lorient,Lionel Cappone,32,Goalkeeper,Stade Brest 29,Free Transfer,out,0,Ligue 1,2011,2011/2012
FC Lorient,Franco Sosa,30,Right-Back,Boca Juniors,Free Transfer,out,0,Ligue 1,2011,2011/2012
FC Lorient,Gabriel Peñalba,27,Central Midfield,Argentinos Jrs.,Free Transfer,out,0,Ligue 1,2011,2011/2012
FC Lorient,Cheick Touré,18,Centre-Back,Bayonne,Loan,out,0,Ligue 1,2011,2011/2012
FC Lorient,Sebastián Dubarbier,25,Left-Back,Córdoba CF,Loan,out,0,Ligue 1,2011,2011/2012
FC Lorient,James Fanchone,31,Right Winger,AC Le Havre,Free Transfer,out,0,Ligue 1,2011,2011/2012
FC Lorient,Alban Joinel,31,Goalkeeper,Carquefou,Free Transfer,out,0,Ligue 1,2011,2011/2012
FC Lorient,Fabien Robert,23,Left Midfield,Doncaster,Loan,out,0,Ligue 1,2011,2011/2012
FC Lorient,Rafik Bouderbal,23,Right Winger,AS Lyon-Duchère,Free Transfer,out,0,Ligue 1,2011,2011/2012
FC Lorient,Morgan Amalfitano,26,Right Winger,Marseille,Free Transfer,out,0,Ligue 1,2011,2011/2012
FC Lorient,Antoine Buron,27,Right Winger,FC Dieppe,Free Transfer,out,0,Ligue 1,2011,2011/2012
FC Lorient,Adama Touré,20,Central Midfield,Sporting B,Free Transfer,out,0,Ligue 1,2011,2011/2012
FC Lorient,Olivier Monterrubio,34,Left Midfield,Retired,-,out,0,Ligue 1,2011,2011/2012
FC Lorient,Guillaume Gégousse,21,Central Midfield,Without Club,-,out,0,Ligue 1,2011,2011/2012
FC Lorient,Kévin Monnet-Paquet,22,Left Winger,Lens,"End of loanJun 30, 2011",out,0,Ligue 1,2011,2011/2012
FC Lorient,Francis Coquelin,20,Defensive Midfield,Arsenal Res.,"End of loanJun 30, 2011",out,0,Ligue 1,2011,2011/2012
FC Lorient,Pierre Ducasse,24,Defensive Midfield,G. Bordeaux,"End of loanJun 30, 2011",out,0,Ligue 1,2011,2011/2012
FC Lorient,Gilles Sunu,20,Centre-Forward,Arsenal Res.,"End of loanJun 30, 2011",out,0,Ligue 1,2011,2011/2012
AS Nancy-Lorraine,Benjamin Moukandjo,22,Centre-Forward,Monaco,£2.25m,in,2.25,Ligue 1,2011,2011/2012
AS Nancy-Lorraine,Alexandre Cuvillier,25,Left Midfield,US Boulogne,£900k,in,0.9,Ligue 1,2011,2011/2012
AS Nancy-Lorraine,Lossémy Karaboué,23,Right Midfield,CS Sedan,£810k,in,0.81,Ligue 1,2011,2011/2012
AS Nancy-Lorraine,Guy Ndy Assembé,25,Goalkeeper,FC Nantes,£720k,in,0.72,Ligue 1,2011,2011/2012
AS Nancy-Lorraine,Yohan Mollo,22,Left Winger,Granada CF,Loan fee:£135k,in,0.135,Ligue 1,2011,2011/2012
AS Nancy-Lorraine,Distel Zola,22,Defensive Midfield,Monaco,Free Transfer,in,0,Ligue 1,2011,2011/2012
AS Nancy-Lorraine,Daniel Niculae,28,Centre-Forward,Monaco,Loan,in,0,Ligue 1,2011,2011/2012
AS Nancy-Lorraine,Sébastien Puygrenier,29,Centre-Back,Zenit S-Pb,Free Transfer,in,0,Ligue 1,2011,2011/2012
AS Nancy-Lorraine,Jo-guk Jeong,27,Centre-Forward,AJ Auxerre,Loan,in,0,Ligue 1,2011,2011/2012
AS Nancy-Lorraine,Moustapha Sall,26,Centre-Back,Saint-Étienne,Loan,in,0,Ligue 1,2011,2011/2012
AS Nancy-Lorraine,Salif Sané,20,Centre-Back,G. Bordeaux,Loan,in,0,Ligue 1,2011,2011/2012
AS Nancy-Lorraine,Thomas Mangani,24,Central Midfield,Monaco,Loan,in,0,Ligue 1,2011,2011/2012
AS Nancy-Lorraine,Jean-Michel Joachim,19,Centre-Forward,AS Nancy B,-,in,0,Ligue 1,2011,2011/2012
AS Nancy-Lorraine,Ziri Hammar,18,Right Winger,AS Nancy B,-,in,0,Ligue 1,2011,2011/2012
AS Nancy-Lorraine,Helder,23,Right-Back,Poli. Timisoara,"End of loanJun 30, 2011",in,0,Ligue 1,2011,2011/2012
AS Nancy-Lorraine,Bocundji Ca,24,Defensive Midfield,Tours FC,"End of loanJun 30, 2011",in,0,Ligue 1,2011,2011/2012
AS Nancy-Lorraine,Julien Féret,28,Attacking Midfield,Stade Rennais,£3.60m,out,3.6,Ligue 1,2011,2011/2012
AS Nancy-Lorraine,Alfred N'Diaye,21,Defensive Midfield,Bursaspor,£2.52m,out,2.52,Ligue 1,2011,2011/2012
AS Nancy-Lorraine,Youssouf Hadji,31,Centre-Forward,Stade Rennais,£1.53m,out,1.53,Ligue 1,2011,2011/2012
AS Nancy-Lorraine,Mickaël Chrétien Basser,27,Centre-Back,Bursaspor,£360k,out,0.36,Ligue 1,2011,2011/2012
AS Nancy-Lorraine,Samba Diakité,23,Defensive Midfield,QPR,Loan fee:£360k,out,0.36,Ligue 1,2011,2011/2012
AS Nancy-Lorraine,Jonathan Brison,28,Left-Back,Saint-Étienne,£270k,out,0.27,Ligue 1,2011,2011/2012
AS Nancy-Lorraine,Fouad Rachid,20,Defensive Midfield,SAS Epinal,Loan,out,0,Ligue 1,2011,2011/2012
AS Nancy-Lorraine,Benjamin Gavanon,30,Central Midfield,SC Amiens,Free Transfer,out,0,Ligue 1,2011,2011/2012
AS Nancy-Lorraine,Bocundji Ca,24,Defensive Midfield,Reims,Free Transfer,out,0,Ligue 1,2011,2011/2012
AS Nancy-Lorraine,Aatif Chahechouhe,25,Attacking Midfield,Chern. Burgas,Free Transfer,out,0,Ligue 1,2011,2011/2012
AS Nancy-Lorraine,Landry N'Guémo,25,Defensive Midfield,G. Bordeaux,Free Transfer,out,0,Ligue 1,2011,2011/2012
AS Nancy-Lorraine,Gennaro Bracigliano,31,Goalkeeper,Marseille,Free Transfer,out,0,Ligue 1,2011,2011/2012
AS Nancy-Lorraine,Pascal Berenguer,30,Defensive Midfield,Lens,Loan,out,0,Ligue 1,2011,2011/2012
AS Nancy-Lorraine,Alexandre Cuvillier,25,Left Midfield,Lens,Loan,out,0,Ligue 1,2011,2011/2012
AS Nancy-Lorraine,Paul Alo'o Efoulou,27,Centre-Forward,AC Le Havre,Loan,out,0,Ligue 1,2011,2011/2012
AS Nancy-Lorraine,Distel Zola,22,Defensive Midfield,AC Le Havre,Loan,out,0,Ligue 1,2011,2011/2012
AS Nancy-Lorraine,Marama Vahirua,31,Second Striker,Monaco,Loan,out,0,Ligue 1,2011,2011/2012
AS Nancy-Lorraine,Ronan Le Crom,36,Goalkeeper,Without Club,-,out,0,Ligue 1,2011,2011/2012
AS Nancy-Lorraine,Alexandre Cuvillier,25,Left Midfield,US Boulogne,"End of loanJun 30, 2011",out,0,Ligue 1,2011,2011/2012
SM Caen,Aurélien Montaroup,26,Left-Back,Dinamo Minsk,£270k,in,0.27,Ligue 1,2011,2011/2012
SM Caen,Frédéric Bulot,20,Left Winger,Monaco,Free Transfer,in,0,Ligue 1,2011,2011/2012
SM Caen,Yannick M'Bone,18,Centre-Back,Apejes FC,Free Transfer,in,0,Ligue 1,2011,2011/2012
SM Caen,Jerry Vandam,22,Right-Back,LOSC Lille,Loan,in,0,Ligue 1,2011,2011/2012
SM Caen,Ibrahima Tandia,18,Left Winger,FC Sochaux B,Free Transfer,in,0,Ligue 1,2011,2011/2012
SM Caen,Pierre-Alain Frau,31,Centre-Forward,LOSC Lille,Free Transfer,in,0,Ligue 1,2011,2011/2012
SM Caen,Fayçal Fajr,22,Attacking Midfield,Fréjus-St-Raph.,Free Transfer,in,0,Ligue 1,2011,2011/2012
SM Caen,Lenny Nangis,17,Left Winger,SM Caen B,-,in,0,Ligue 1,2011,2011/2012
SM Caen,Molla Wagué,20,Centre-Back,SM Caen B,-,in,0,Ligue 1,2011,2011/2012
SM Caen,Emeric Dudouit,19,Right-Back,SM Caen B,-,in,0,Ligue 1,2011,2011/2012
SM Caen,Julien Toudic,25,Centre-Forward,Reims,"End of loanJun 30, 2011",in,0,Ligue 1,2011,2011/2012
SM Caen,Livio Nabab,23,Centre-Forward,Stade Laval,"End of loanJun 30, 2011",in,0,Ligue 1,2011,2011/2012
SM Caen,Youssef El Arabi,24,Centre-Forward,Hilal,£6.75m,out,6.75,Ligue 1,2011,2011/2012
SM Caen,Sambou Yatabaré,22,Central Midfield,Monaco,£900k,out,0.9,Ligue 1,2011,2011/2012
SM Caen,Julien Toudic,25,Centre-Forward,Lens,£450k,out,0.45,Ligue 1,2011,2011/2012
SM Caen,Pablo Barzola,27,Right-Back,Argentinos Jrs.,Free Transfer,out,0,Ligue 1,2011,2011/2012
SM Caen,Romain Inez,24,Centre-Back,LB Châteauroux,Free Transfer,out,0,Ligue 1,2011,2011/2012
SM Caen,Ismaïla N'Diaye,23,Defensive Midfield,KV Kortrijk,Free Transfer,out,0,Ligue 1,2011,2011/2012
SM Caen,Rajiv van La Parra,20,Left Winger,Heerenveen,Free Transfer,out,0,Ligue 1,2011,2011/2012
SM Caen,Benjamin Morel,24,Right Winger,Clermont Foot,Free Transfer,out,0,Ligue 1,2011,2011/2012
SM Caen,Thibault Moulin,21,Central Midfield,LB Châteauroux,Loan,out,0,Ligue 1,2011,2011/2012
SM Caen,Damien Marcq,22,Defensive Midfield,Dijon,Loan,out,0,Ligue 1,2011,2011/2012
SM Caen,Grégory Tafforeau,35,Left-Back,Retired,-,out,0,Ligue 1,2011,2011/2012
SM Caen,Yohan Mollo,21,Left Winger,Monaco,"End of loanJun 30, 2011",out,0,Ligue 1,2011,2011/2012
Valenciennes FC,Gil,24,Centre-Back,Aparecida,£2.70m,in,2.7,Ligue 1,2011,2011/2012
Valenciennes FC,Dusan Djuric,27,Attacking Midfield,FC Zürich,£450k,in,0.45,Ligue 1,2011,2011/2012
Valenciennes FC,Pape Camara,20,Defensive Midfield,Standard Liège,£450k,in,0.45,Ligue 1,2011,2011/2012
Valenciennes FC,Kenny Lala,19,Right-Back,Paris FC,£90k,in,0.09,Ligue 1,2011,2011/2012
Valenciennes FC,Arnaud Brocard,25,Goalkeeper,Troyes,Free Transfer,in,0,Ligue 1,2011,2011/2012
Valenciennes FC,Francis Massampu,19,Centre-Forward,Valenciennes B,-,in,0,Ligue 1,2011,2011/2012
Valenciennes FC,Mody Traoré,30,Right-Back,AC Le Havre,"End of loanJun 30, 2011",in,0,Ligue 1,2011,2011/2012
Valenciennes FC,Milan Bisevac,27,Centre-Back,Paris SG,£2.88m,out,2.88,Ligue 1,2011,2011/2012
Valenciennes FC,Tae-heui Nam,20,Attacking Midfield,Al Duhail,£900k,out,0.9,Ligue 1,2011,2011/2012
Valenciennes FC,Francis Massampu,20,Centre-Forward,Bayonne,Loan,out,0,Ligue 1,2011,2011/2012
Valenciennes FC,Rafael,31,Centre-Back,Atlético-PR,Free Transfer,out,0,Ligue 1,2011,2011/2012
Valenciennes FC,Nicolas Pallois,23,Centre-Back,Stade Laval,Loan,out,0,Ligue 1,2011,2011/2012
Valenciennes FC,Guillaume Loriot,25,Central Midfield,US Boulogne,Free Transfer,out,0,Ligue 1,2011,2011/2012
Valenciennes FC,Grégory Wimbée,39,Goalkeeper,Retired,-,out,0,Ligue 1,2011,2011/2012
Valenciennes FC,Jonathan Lacourt,24,Central Midfield,Without Club,-,out,0,Ligue 1,2011,2011/2012
Valenciennes FC,Steeven Langil,23,Left Winger,AJ Auxerre,"End of loanJun 30, 2011",out,0,Ligue 1,2011,2011/2012
FCO Dijon,Brice Jovial,27,Centre-Forward,AC Le Havre,£1.80m,in,1.8,Ligue 1,2011,2011/2012
FCO Dijon,Samuel Souprayen,22,Centre-Back,Stade Rennais,£1.35m,in,1.35,Ligue 1,2011,2011/2012
FCO Dijon,Grégory Thil,31,Centre-Forward,US Boulogne,£720k,in,0.72,Ligue 1,2011,2011/2012
FCO Dijon,Younousse Sankharé,21,Central Midfield,Paris SG,£450k,in,0.45,Ligue 1,2011,2011/2012
FCO Dijon,Zié Diabaté,22,Left-Back,Dinamo Bukarest,£450k,in,0.45,Ligue 1,2011,2011/2012
FCO Dijon,Bennard Kumordzi,26,Defensive Midfield,Panionios,£270k,in,0.27,Ligue 1,2011,2011/2012
FCO Dijon,Koro Koné,22,Centre-Forward,Spartak Trnava,£225k,in,0.225,Ligue 1,2011,2011/2012
FCO Dijon,Thomas Guerbert,22,Attacking Midfield,Luzenac AP,Free Transfer,in,0,Ligue 1,2011,2011/2012
FCO Dijon,Cédric Varrault,31,Centre-Back,Panionios,Free Transfer,in,0,Ligue 1,2011,2011/2012
FCO Dijon,Hakeem Achour,22,Left Winger,US Ivry,Free Transfer,in,0,Ligue 1,2011,2011/2012
FCO Dijon,Sekou Baradji,27,Defensive Midfield,Hapoel Raanana,Free Transfer,in,0,Ligue 1,2011,2011/2012
FCO Dijon,Christopher Joufreau,19,Left Winger,US Changéenne,Free Transfer,in,0,Ligue 1,2011,2011/2012
FCO Dijon,Daisuke Matsui,30,Left Midfield,Grenoble,Free Transfer,in,0,Ligue 1,2011,2011/2012
FCO Dijon,Gaël Kakuta,20,Left Winger,Chelsea,Loan,in,0,Ligue 1,2011,2011/2012
FCO Dijon,Abdoulaye Méïté,30,Centre-Back,West Brom,Free Transfer,in,0,Ligue 1,2011,2011/2012
FCO Dijon,Zakaria Diallo,24,Centre-Back,RSC Charleroi,Free Transfer,in,0,Ligue 1,2011,2011/2012
FCO Dijon,Baptiste Reynet,20,Goalkeeper,FC Martigues,Free Transfer,in,0,Ligue 1,2011,2011/2012
FCO Dijon,Damien Marcq,22,Defensive Midfield,SM Caen,Loan,in,0,Ligue 1,2011,2011/2012
FCO Dijon,Luca Passoni,20,Goalkeeper,Dijon,-,in,0,Ligue 1,2011,2011/2012
FCO Dijon,Youcef Touati,22,Attacking Midfield,Cannes,"End of loanJun 30, 2011",in,0,Ligue 1,2011,2011/2012
FCO Dijon,Christophe Mandanne,26,Centre-Forward,Guingamp,Loan,out,0,Ligue 1,2011,2011/2012
FCO Dijon,Sebastián Ribas,23,Centre-Forward,Genoa,Free Transfer,out,0,Ligue 1,2011,2011/2012
FCO Dijon,Florent Ogier,22,Centre-Back,Besançon RC,Loan,out,0,Ligue 1,2011,2011/2012
FCO Dijon,Ruddy M'Passi,21,Centre-Forward,Atl. Baleares,Free Transfer,out,0,Ligue 1,2011,2011/2012
FCO Dijon,Alexis Zywiecki,27,Centre-Back,Fréjus-St-Raph.,Free Transfer,out,0,Ligue 1,2011,2011/2012
FCO Dijon,Christopher Joufreau,19,Left Winger,Poiré-sur-Vie,Loan,out,0,Ligue 1,2011,2011/2012
FCO Dijon,Stéphane Morisot,33,Defensive Midfield,Rouen,Free Transfer,out,0,Ligue 1,2011,2011/2012
FCO Dijon,Youcef Touati,22,Attacking Midfield,Red Star FC 93,Free Transfer,out,0,Ligue 1,2011,2011/2012
FCO Dijon,Mehdi Courgnaud,21,Right Winger,AC Arles,Loan,out,0,Ligue 1,2011,2011/2012
FCO Dijon,Jérôme Martin,25,Defensive Midfield,US Orléans,Free Transfer,out,0,Ligue 1,2011,2011/2012
FCO Dijon,Raphaël Cacérès,23,Centre-Forward,Troyes,Loan,out,0,Ligue 1,2011,2011/2012
FCO Dijon,Mickaël Isabey,36,Right Winger,Retired,-,out,0,Ligue 1,2011,2011/2012
FCO Dijon,Franck Grandel,33,Goalkeeper,Without Club,-,out,0,Ligue 1,2011,2011/2012
FCO Dijon,Lhadji Badiane,24,Right Winger,Stade Rennais,"End of loanJun 30, 2011",out,0,Ligue 1,2011,2011/2012
FCO Dijon,Charley Fomen,21,Left-Back,Marseille,"End of loanJun 30, 2011",out,0,Ligue 1,2011,2011/2012
FCO Dijon,Nicolas Seguin,21,Centre-Back,Olympique Lyon,"End of loanJun 30, 2011",out,0,Ligue 1,2011,2011/2012
FCO Dijon,Younousse Sankharé,21,Central Midfield,Paris SG,"End of loanJun 30, 2011",out,0,Ligue 1,2011,2011/2012
Stade Brest 29,Johan Martial,20,Centre-Back,SC Bastia,£720k,in,0.72,Ligue 1,2011,2011/2012
Stade Brest 29,Diallo Guidileye,21,Defensive Midfield,Troyes,£630k,in,0.63,Ligue 1,2011,2011/2012
Stade Brest 29,Alexandre Alphonse,29,Centre-Forward,FC Zürich,£450k,in,0.45,Ligue 1,2011,2011/2012
Stade Brest 29,Tripy Makonda,21,Left-Back,Paris SG,£450k,in,0.45,Ligue 1,2011,2011/2012
Stade Brest 29,Issam Jemâa,28,Centre-Forward,AJ Auxerre,Loan,in,0,Ligue 1,2011,2011/2012
Stade Brest 29,Lionel Cappone,32,Goalkeeper,FC Lorient,Free Transfer,in,0,Ligue 1,2011,2011/2012
Stade Brest 29,Jonathan Zebina,33,Centre-Back,Brescia,Free Transfer,in,0,Ligue 1,2011,2011/2012
Stade Brest 29,John Culma,30,Defensive Midfield,Maccabi Haifa,Free Transfer,in,0,Ligue 1,2011,2011/2012
Stade Brest 29,Joan Hartock,24,Goalkeeper,Olymp. Lyon B,Free Transfer,in,0,Ligue 1,2011,2011/2012
Stade Brest 29,Eden Ben Basat,24,Centre-Forward,Hapoel Haifa,Free Transfer,in,0,Ligue 1,2011,2011/2012
Stade Brest 29,Abel Khaled,19,Right Winger,SAS Epinal,?,in,NA,Ligue 1,2011,2011/2012
Stade Brest 29,Santiago Gentiletti,26,Centre-Back,Argentinos Jrs.,Loan,in,0,Ligue 1,2011,2011/2012
Stade Brest 29,Abdoul Sissoko,21,Defensive Midfield,Udinese Calcio,Loan,in,0,Ligue 1,2011,2011/2012
Stade Brest 29,Filippos Darlas,27,Left-Back,Atromitos Athen,"End of loanJun 30, 2011",in,0,Ligue 1,2011,2011/2012
Stade Brest 29,Grégory Lorenzi,27,Centre-Back,AC Arles,"End of loanJun 30, 2011",in,0,Ligue 1,2011,2011/2012
Stade Brest 29,Nolan Roux,23,Centre-Forward,LOSC Lille,£7.20m,out,7.2,Ligue 1,2011,2011/2012
Stade Brest 29,Gaëtan Deneuve,26,Goalkeeper,Fréjus-St-Raph.,Free Transfer,out,0,Ligue 1,2011,2011/2012
Stade Brest 29,Fodie Traoré,26,Defensive Midfield,US Orléans,Free Transfer,out,0,Ligue 1,2011,2011/2012
Stade Brest 29,Thomas Cotty,24,Left-Back,Concarneau,Free Transfer,out,0,Ligue 1,2011,2011/2012
Stade Brest 29,Richard Soumah,25,Left-Back,SCO Angers,Loan,out,0,Ligue 1,2011,2011/2012
Stade Brest 29,Yvan Bourgis,31,Right-Back,Retired,-,out,0,Ligue 1,2011,2011/2012
Stade Brest 29,Théophile N'Tamé,26,Centre-Back,Without Club,-,out,0,Ligue 1,2011,2011/2012
Stade Brest 29,Filippos Darlas,27,Left-Back,Without Club,-,out,0,Ligue 1,2011,2011/2012
Stade Brest 29,Granddi N'Goyi,23,Defensive Midfield,Paris SG,"End of loanJun 30, 2011",out,0,Ligue 1,2011,2011/2012
Stade Brest 29,Johan Martial,20,Centre-Back,SC Bastia,"End of loanJun 30, 2011",out,0,Ligue 1,2011,2011/2012
FC Évian Thonon Gaillard,Mohammed Rabiu,21,Defensive Midfield,Udinese Calcio,£900k,in,0.9,Ligue 1,2011,2011/2012
FC Évian Thonon Gaillard,Cédric Mongongu,22,Centre-Back,Monaco,£450k,in,0.45,Ligue 1,2011,2011/2012
FC Évian Thonon Gaillard,Stephan Andersen,29,Goalkeeper,Bröndby IF,£315k,in,0.315,Ligue 1,2011,2011/2012
FC Évian Thonon Gaillard,Daniel Wass,22,Central Midfield,Benfica,Loan,in,0,Ligue 1,2011,2011/2012
FC Évian Thonon Gaillard,Thomas Kahlenberg,28,Central Midfield,VfL Wolfsburg,Loan,in,0,Ligue 1,2011,2011/2012
FC Évian Thonon Gaillard,Fabrice Ehret,31,Left-Back,1. FC Köln,Free Transfer,in,0,Ligue 1,2011,2011/2012
FC Évian Thonon Gaillard,Jonathan Mensah,20,Centre-Back,Udinese Calcio,Free Transfer,in,0,Ligue 1,2011,2011/2012
FC Évian Thonon Gaillard,Jérôme Leroy,36,Attacking Midfield,Stade Rennais,Free Transfer,in,0,Ligue 1,2011,2011/2012
FC Évian Thonon Gaillard,Steven Fula Pitu,17,Left-Back,Rodez AF,Free Transfer,in,0,Ligue 1,2011,2011/2012
FC Évian Thonon Gaillard,Christian Poulsen,31,Defensive Midfield,Liverpool,Free Transfer,in,0,Ligue 1,2011,2011/2012
FC Évian Thonon Gaillard,Saber Khalifa,24,Centre-Forward,Esperance,Free Transfer,in,0,Ligue 1,2011,2011/2012
FC Évian Thonon Gaillard,Sidney Govou,31,Right Winger,Panathinaikos,Free Transfer,in,0,Ligue 1,2011,2011/2012
FC Évian Thonon Gaillard,Amaury Borel,24,Goalkeeper,FC Gueugnon,"End of loanJun 30, 2011",in,0,Ligue 1,2011,2011/2012
FC Évian Thonon Gaillard,Patrick N'Tolla,23,Right-Back,Rodez AF,"End of loanJun 30, 2011",in,0,Ligue 1,2011,2011/2012
FC Évian Thonon Gaillard,Patrick N'Tolla,23,Midfielder,Rodez AF,"End of loanJun 30, 2011",in,0,Ligue 1,2011,2011/2012
FC Évian Thonon Gaillard,Antoine Ponroy,25,Centre-Back,Paris FC,"End of loanJun 30, 2011",in,0,Ligue 1,2011,2011/2012
FC Évian Thonon Gaillard,Hervé Bugnet,29,Right Winger,Cannes,"End of loanJun 30, 2011",in,0,Ligue 1,2011,2011/2012
FC Évian Thonon Gaillard,Felipe Saad,28,Centre-Back,AC Ajaccio,Free Transfer,out,0,Ligue 1,2011,2011/2012
FC Évian Thonon Gaillard,Antoine Ponroy,25,Centre-Back,Stade Laval,Free Transfer,out,0,Ligue 1,2011,2011/2012
FC Évian Thonon Gaillard,Oumar Pouye,23,Centre-Forward,FC Metz,Free Transfer,out,0,Ligue 1,2011,2011/2012
FC Évian Thonon Gaillard,Mathieu Lafon,27,Central Midfield,Cannes,Free Transfer,out,0,Ligue 1,2011,2011/2012
FC Évian Thonon Gaillard,Pape Ibra M'Boup,23,Defensive Midfield,AS Cherbourg,Free Transfer,out,0,Ligue 1,2011,2011/2012
FC Évian Thonon Gaillard,Jonathan Roufosse,26,Second Striker,Cannes,Free Transfer,out,0,Ligue 1,2011,2011/2012
FC Évian Thonon Gaillard,Pierre Bouby,27,Central Midfield,FC Metz,Free Transfer,out,0,Ligue 1,2011,2011/2012
FC Évian Thonon Gaillard,Caçapa,35,Centre-Back,Avaí FC,Free Transfer,out,0,Ligue 1,2011,2011/2012
FC Évian Thonon Gaillard,Patrick N'Tolla,23,Right-Back,Le Mont LS,?,out,NA,Ligue 1,2011,2011/2012
FC Évian Thonon Gaillard,Patrick N'Tolla,23,Midfielder,Le Mont LS,?,out,NA,Ligue 1,2011,2011/2012
FC Évian Thonon Gaillard,Nicolas Goussé,35,Centre-Forward,Retired,-,out,0,Ligue 1,2011,2011/2012
FC Évian Thonon Gaillard,Amaury Borel,24,Goalkeeper,Without Club,-,out,0,Ligue 1,2011,2011/2012
FC Évian Thonon Gaillard,Mohammed Rabiu,21,Defensive Midfield,Udinese Calcio,"End of loanJun 30, 2011",out,0,Ligue 1,2011,2011/2012
